symbol,route,result,row_count,canonical_ms,legacy_ms,total_ms,fallback,error
\u062c\u0645 \u067e\u06cc\u0644\u0646,legacy,served,30,0.000,85.048,451.100,false,
\u062c\u0645 \u067e\u06cc\u0644\u0646,legacy,served,30,0.000,77.940,77.940,false,
\u062c\u0645 \u067e\u06cc\u0644\u0646,legacy,served,30,0.000,122.072,122.072,false,
\u0647\u0627\u06cc \u0648\u0628,legacy,served,30,0.000,111.638,111.638,false,
\u0647\u0627\u06cc \u0648\u0628,legacy,served,30,0.000,83.122,83.122,false,
\u0647\u0627\u06cc \u0648\u0628,legacy,served,30,0.000,85.218,85.218,false,
\u0633\u06cc\u0645\u0631\u063a,legacy,served,30,0.000,74.845,74.845,false,
\u0633\u06cc\u0645\u0631\u063a,legacy,served,30,0.000,59.764,59.764,false,
\u0633\u06cc\u0645\u0631\u063a,legacy,served,30,0.000,60.941,60.941,false,
\u062e\u0627\u0647\u0646,legacy,served,0,0.000,61.295,61.295,false,
\u062e\u0627\u0647\u0646,legacy,served,0,0.000,62.301,62.301,false,
\u062e\u0627\u0647\u0646,legacy,served,0,0.000,70.753,70.753,false,
\u0634\u062e\u0627\u0631\u06a9,legacy,served,0,0.000,61.655,61.655,false,
\u0634\u062e\u0627\u0631\u06a9,legacy,served,0,0.000,69.289,69.289,false,
\u0634\u062e\u0627\u0631\u06a9,legacy,served,0,0.000,75.433,75.433,false,
\u062c\u0645 \u067e\u06cc\u0644\u06462,legacy,served,1,0.000,64.870,64.870,false,
\u062c\u0645 \u067e\u06cc\u0644\u06462,legacy,served,1,0.000,69.241,69.241,false,
\u062c\u0645 \u067e\u06cc\u0644\u06462,legacy,served,1,0.000,83.296,83.296,false,
\u0647\u0627\u06cc \u0648\u06283,legacy,served,30,0.000,94.164,94.164,false,
\u0647\u0627\u06cc \u0648\u06283,legacy,served,30,0.000,60.379,60.379,false,
\u0647\u0627\u06cc \u0648\u06283,legacy,served,30,0.000,58.258,58.258,false,
\u0633\u06cc\u0645\u0631\u063a3,legacy,served,30,0.000,67.425,67.425,false,
\u0633\u06cc\u0645\u0631\u063a3,legacy,served,30,0.000,58.509,58.509,false,
\u0633\u06cc\u0645\u0631\u063a3,legacy,served,30,0.000,61.102,61.102,false,
\u0641\u0648\u0644\u0627\u062f,canonical,served,30,13.851,63.062,79.901,false,
\u0641\u0648\u0644\u0627\u062f,canonical,served,30,1.896,70.706,74.368,false,
\u0641\u0648\u0644\u0627\u062f,canonical,served,30,1.841,60.254,64.184,false,
