label,n_periods,cumulative_return,terminal_wealth_multiple,annualized_return,annualized_volatility,max_drawdown,sharpe_0rf,positive_month_fraction,best_month,worst_month,avg_holdings,median_holdings,avg_cash_pct,avg_turnover,median_turnover,p90_turnover,total_traded_notional_over_avg_capital,relative_wealth_max_drawdown
TOP20_GROSS,62,5.361955447982468,6.361955447982468,0.4306508889791554,0.3548831282686743,-0.2548807298807193,1.1857512879783174,0.5483870967741935,0.36501470761544486,-0.13867839869514764,41.53968253968254,44.0,1.9681907721227734e-15,0.29806556669566125,0.2784616679405801,0.4576740584645319,43.11761980910976,
TOP20_LOW,62,5.358258406551167,6.358258406551167,0.4304899398215718,0.35484835967717687,-0.2549385071025563,1.1855127878483935,0.5483870967741935,0.36499151762739124,-0.1386988940067877,41.53968253968254,44.0,-1.990112576374107e-15,0.29822523843943094,0.27846166794058,0.4577910930685011,43.394852116307625,
TOP20_BASE,62,5.354495307020417,6.354495307020417,0.43032603732715113,0.35481278710695313,-0.25499653707015413,1.1852702068680503,0.5483870967741935,0.3649682646351802,-0.1387194720893714,41.53968253968254,44.0,-3.1537576703155714e-15,0.2983859897627909,0.27846166794057997,0.4579085948383127,43.661641882378234,
TOP20_HIGH,62,5.346779391108252,6.346779391108252,0.4299897242424595,0.35473969121832194,-0.2551133619607835,1.1847723485497017,0.5483870967741935,0.3649215667775343,-0.13876087858318076,41.53968253968254,44.0,9.213142415712152e-17,0.29871956837043095,0.27846166794058,0.45814501116647677,44.16552172093598,
TOP10_GROSS,62,6.637820638147241,7.637820638147241,0.4821675950442763,0.37535455978556276,-0.261320648573672,1.2359070149311697,0.5967741935483871,0.40434572253838175,-0.15607737678511802,20.476190476190474,21.0,2.5158438341205565e-15,0.32162739305842897,0.3041739601565838,0.4769985171419538,42.898520756041606,
TOP10_LOW,62,6.629037325257129,7.629037325257129,0.48183754693871816,0.3752715358632934,-0.26136572672728964,1.2354954479789588,0.5967741935483871,0.40431996436762696,-0.15610954748255768,20.476190476190474,21.0,-1.5251490481881355e-15,0.3218537225515703,0.305046036852847,0.4771044958809894,43.0700052894169,
TOP10_BASE,62,6.62011056712672,7.62011056712672,0.4815017944948885,0.3751880218911226,-0.26141100445367893,1.2350740623559473,0.5967741935483871,0.404294113857252,-0.15614185866892782,20.476190476190474,21.0,-3.625910137364346e-15,0.32208206510813486,0.305919692637884,0.47721080205890754,43.232955353677205,
TOP10_HIGH,62,6.601826862957531,7.601826862957531,0.480813118039052,0.37501967352165627,-0.2615021639526376,1.2342012933980118,0.5967741935483871,0.4042421338243407,-0.1562069062056839,20.476190476190474,21.0,4.4969445957592153e-17,0.32254484101362946,0.30767175866114643,0.4774244065036139,43.53501713250834,
BENCH_GROSS,62,3.792689878159438,4.792689878159438,0.35433166058374344,0.35054733368297564,-0.2942674587171187,1.0390234667559826,0.5645161290322581,0.3044928513599483,-0.15571884593883145,209.11111111111111,224.0,0.021894118909550647,0.16598347627648272,0.11216645494507048,0.26730491819682295,23.30836004467401,
BENCH_LOW,62,3.801921012674889,4.801921012674889,0.35483615144731284,0.3508127642172069,-0.29424749885394774,1.0395438685017773,0.5645161290322581,0.3044877572409872,-0.15571420796591007,209.11111111111111,224.0,0.02107977033122341,0.16657596809195563,0.11271819254644407,0.26907598589476633,23.347185140037034,
BENCH_BASE,62,3.811098436635052,4.811098436635052,0.35533693226520136,0.35108077947818417,-0.2942274183188346,1.0400491937029874,0.5645161290322581,0.3044826231701929,-0.15570955647288298,209.11111111111111,224.0,0.02026542985432473,0.1671719390583773,0.11327559010642697,0.27086130539248454,23.38576332678549,
BENCH_HIGH,62,3.8295622994539036,4.829562299453904,0.3563421129103719,0.35162356249625476,-0.2941868700614233,1.041048499773994,0.5645161290322581,0.30447222021718323,-0.15570021293728764,209.11111111111111,224.0,0.01863677552777406,0.1683611120625102,0.11440750819267365,0.27444327172826444,23.462074577175645,
