rebalance,score_date,exec_date,n_eligible,n_selected,value_pre_trade,transaction_cost,value_post_trade,cash_weight,holdings_count,turnover,traded_notional,failed_targets,carried_valuations,top20_return,bench_return,excess_return
1,2021-01-31,2021-02-01,79,15,1.0,0.004975124378109454,0.9950248756218906,-2.4756238725665015e-16,15,1.0,0.9950248756218908,0,0,-0.05470572019253572,0.00887805955643195,-0.06358377974896767
2,2021-02-28,2021-03-01,82,16,0.9405913231915067,0.0025010476320576186,0.9312322055478097,-4.2379289336601686e-17,16,0.2672311351639104,0.5002095264115237,0,0,0.034571173824877954,0.0463182791206731,-0.011747105295795146
3,2021-03-31,2021-04-03,81,16,0.9634259959971275,0.00213541988727648,0.8166963342718847,-7.540462814992296e-17,17,0.27846166794057997,0.42708397745529597,0,0,-0.05869418086211231,-0.054395653343931816,-0.004298527518180495
4,2021-04-28,2021-05-01,85,17,0.7687610119187066,0.0037839954853928007,0.7611116486160328,-4.558394235934087e-17,17,0.49468110425218975,0.7567990970785601,0,0,-0.07179253982699918,-0.10558100758530198,0.0337884677583028
5,2021-05-31,2021-06-01,92,18,0.7064695102699732,0.0009374257238572392,0.6994399629041035,-1.3485873557266468e-17,18,0.13335506186480747,0.18748514477144784,0,0,0.05954681662358463,0.046065094383856975,0.013481722239727656
6,2021-06-30,2021-07-03,88,17,0.7410893861143609,0.0008959143986484525,0.5460750365340065,-1.3302484218577732e-17,18,0.1763822387309965,0.1791828797296905,0,0,0.13212659567360774,0.06551104936416219,0.06661554630944555
7,2021-07-31,2021-08-01,156,31,0.6182260720935857,0.0035718405705936597,0.6120745688886746,-6.376882849477977e-17,31,0.5806451612903226,0.7143681141187319,0,0,0.10966915452681913,0.1450299252894871,-0.03536077076266797
8,2021-08-31,2021-09-01,198,39,0.6792002693660628,0.0034281866445791884,0.6546703820094448,-3.1797194869007175e-17,40,0.5384615384615384,0.6856373289158376,0,0,-0.07218889466755762,-0.08144668982995384,0.00925779516239622
9,2021-09-29,2021-10-02,202,40,0.6074104507605953,0.0018968082299204508,0.5418049374702554,-6.443520082529673e-17,42,0.37315358935049053,0.37936164598409017,0,0,-0.1387194720893714,-0.15570955647288298,0.016990084383511572
10,2021-10-31,2021-11-01,204,40,0.46664604256896663,0.002008373289601991,0.4474410396975352,-4.846234816629302e-18,41,0.4595706447861647,0.4016746579203982,0,0,0.02905840246389313,0.00029776564740191525,0.028760636816491214
11,2021-11-30,2021-12-01,208,41,0.4604429615079289,0.0016828084401593545,0.4558614395028748,-1.070261564896849e-16,41,0.3673033630097153,0.3365616880318709,0,0,-0.010610889040831184,-0.006283192216382516,-0.004327696824448668
12,2021-12-29,2022-01-01,209,41,0.4510243443503162,0.0014713322294655576,0.4311868691829388,-1.8607004641852368e-17,42,0.34614648817516297,0.2942664458931115,0,0,-0.08431321427683347,-0.08446150775587602,0.00014829347904254941
13,2022-01-31,2022-02-01,203,40,0.3948321182881607,0.0013019273506886004,0.39090344049424874,-7.211309383458306e-18,40,0.33139071692417515,0.26038547013772007,0,0,0.0024892191632333027,0.006851998425367656,-0.004362779262134353
14,2022-02-28,2022-03-02,209,41,0.3918764848293009,0.0011023592882531683,0.387977216323537,-7.098028962135514e-17,41,0.2827092534467885,0.22047185765063368,0,0,0.10906273623568441,0.13470393057015628,-0.025641194334471873
15,2022-03-30,2022-04-03,212,42,0.43029107313288595,0.0013114612222908139,0.426009569917633,-7.278752479452684e-17,42,0.30630859218295425,0.2622922444581628,0,0,0.12247082597985748,0.1342668789313486,-0.01179605295149111
16,2022-04-30,2022-05-01,206,41,0.47818331382076934,0.0018743800753106526,0.44725023268895825,-5.575547678811133e-17,43,0.4372329869825027,0.37487601506213053,0,0,0.02871995364224178,0.06815245352119659,-0.03943249987895481
17,2022-05-31,2022-06-01,201,40,0.460095238638267,0.0011350336905399385,0.3749773782651927,-5.782760429450396e-19,44,0.33913045129608527,0.22700673810798772,0,0,-0.042231881388205106,-0.03798476385812288,-0.004247117530082223
18,2022-06-29,2022-07-02,209,41,0.3591413781030369,0.0007865149346861455,0.29350679329079815,-3.213744661534419e-17,44,0.29258434026620933,0.1573029869372291,0,0,-0.05448730567348781,-0.09267048254309784,0.038183176869610036
19,2022-07-31,2022-08-01,211,42,0.2775143989275172,0.0012939661956676658,0.26199261019127507,-3.6416977986160675e-17,44,0.5193311181848452,0.25879323913353314,0,0,0.09362599217114087,0.22913259489610138,-0.1355066027249605
20,2022-08-31,2022-09-03,216,43,0.2865219282619402,0.0003704800130488593,0.2362559408305397,-2.6387325837716204e-17,44,0.16242648657875491,0.07409600260977187,0,0,-0.054132277792263594,-0.06489203467663551,0.010759756884371918
21,2022-09-28,2022-10-01,211,42,0.22346686861142834,0.00020656181232247447,0.13054637409476946,-2.6991611869816535e-18,46,0.18808349412594585,0.04131236246449489,0,0,-0.04840050950370001,-0.049105928386300346,0.0007054188826003394
22,2022-10-31,2022-11-01,212,42,0.124227863074722,0.0003068449388318962,0.09801767308554443,2.046339150846454e-17,47,0.3662901776241859,0.06136898776637924,0,0,0.15060542860481307,0.1396992373810675,0.010906191223745587
23,2022-11-30,2022-12-03,214,42,0.1127796667514393,0.0003287254625360692,0.10625322928449327,-2.1428285780598313e-17,43,0.31532773826994487,0.06574509250721385,0,0,0.11943574962541259,0.13446070130869758,-0.015024951683284993
24,2022-12-31,2023-01-01,213,42,0.11894366337420756,0.00018105249726972365,0.1035224224897878,-7.069352212076656e-18,43,0.17948356635548005,0.03621049945394473,0,0,0.04666003047562883,0.066842066746716,-0.020182036271087167
25,2023-01-31,2023-02-01,201,40,0.10835278187807222,0.00030601749553160203,0.09333137611120973,-5.285596431076884e-17,43,0.3561337280866157,0.061203499106320405,0,0,0.090569702275761,0.12462612074639123,-0.034056418470630234
26,2023-02-28,2023-03-01,209,41,0.10178437105858908,0.0003639940520386038,0.08960818875099763,-1.9963952062150858e-17,45,0.4512603950469045,0.07279881040772077,0,0,0.20145562183601107,0.1763841077514039,0.02507151408460717
27,2023-03-29,2023-04-03,218,43,0.1076602621374285,0.00019180916356392071,0.10658901574800124,-3.483841571013368e-17,43,0.1790523314309522,0.03836183271278414,0,0,0.30389680628987237,0.3044826231701929,-0.0005858168803205555
28,2023-04-30,2023-05-01,208,41,0.13898107721939973,0.0002973629878274002,0.1278478201228885,-3.900989464379958e-17,42,0.23712382293862333,0.05947259756548003,0,0,-0.058049918933593014,-0.06944715803306323,0.011397239099470213
29,2023-05-31,2023-06-03,210,42,0.12042626452891825,0.00013055030126868107,0.07456082597092847,-3.4171766100530603e-17,46,0.20699751001989644,0.026110060253736214,0,0,-0.026085150618851416,-0.028588666202642443,0.0025035155837910272
30,2023-06-28,2023-07-01,208,41,0.07261589559521084,9.502675560815978e-05,0.05443434305446049,-1.1203657246546351e-17,44,0.1877985147937384,0.019005351121631955,0,0,-0.047841704586706,-0.07331774937010216,0.025476044783396157
31,2023-07-31,2023-08-01,216,43,0.05183011129467758,0.00013755295603193197,0.04451923289839407,-9.132588057165972e-18,46,0.333234659442361,0.027510591206386395,0,0,0.011976007018772439,0.017850596946817898,-0.005874589928045459
32,2023-08-30,2023-09-02,216,43,0.04505239554405561,7.454784796924898e-05,0.03693190616552107,-3.6695986108405066e-19,45,0.21296783928068322,0.014909569593849797,0,0,-0.010258668473409838,-0.013791146437565294,0.003532477964155456
33,2023-09-30,2023-10-01,222,44,0.03655303398407791,6.209755983397146e-05,0.0361893222031418,-1.8724483260551693e-18,44,0.17073287995826983,0.01241951196679429,0,0,-0.10572556426598989,-0.07682693587710399,-0.028898628388885905
34,2023-10-31,2023-11-01,216,43,0.032363185692810915,9.43835112044187e-05,0.029115531657945073,1.1636853583240836e-17,45,0.34048124215932074,0.01887670224088374,0,0,0.12222803591716103,0.10981814673792312,0.01240988917923791
35,2023-11-29,2023-12-02,219,43,0.032674265907179624,7.590457172052468e-05,0.03026287486220526,-1.8360899813016986e-17,44,0.25570133839952786,0.015180914344104936,0,0,0.049515092661317706,0.04266853528373726,0.006846557377580442
36,2023-12-31,2024-01-01,218,43,0.031761343915205215,4.112263980518914e-05,0.027528028602045135,-2.461586943254983e-18,44,0.1525943165118043,0.008224527961037828,0,0,-0.031008359224016235,-0.03078476574477984,-0.00022359347923639472
37,2024-01-31,2024-02-03,215,43,0.026674429602423926,7.015417962715918e-05,0.023646320265651125,-1.3755233291757793e-17,45,0.31196656687325636,0.014030835925431837,0,0,-0.014249446880534977,-0.013609583649486945,-0.0006398632310480323
38,2024-02-28,2024-03-02,209,41,0.023309373281105612,3.330594422528684e-05,0.01573984703304355,-5.123146140449934e-17,46,0.2498660046716114,0.006661188845057367,0,0,0.06566401481207351,0.06185073141342268,0.003813283398650835
39,2024-03-30,2024-04-02,223,44,0.01677338858176109,2.6357625424458857e-05,0.014992098218532306,-1.6723593237759486e-17,45,0.17919546217681664,0.0052715250848917716,0,0,-0.010118513763794468,-0.011839952428433054,0.001721438664638586
40,2024-04-30,2024-05-01,216,43,0.014840400466359928,4.053878506000372e-05,0.01281725391191795,-7.137219792330353e-17,46,0.34089629071575206,0.008107757012000743,0,0,-0.10449796395958677,-0.1053297097488135,0.0008317457892267344
41,2024-05-29,2024-06-01,213,42,0.011477876974569475,4.801924683075026e-06,0.0053818063007016635,1.4164940355238726e-18,45,0.1017273332360086,0.0009603849366150053,0,0,0.020614275015190087,-0.017128439236803294,0.03774271425199338
42,2024-06-30,2024-07-01,206,41,0.00549274833586281,1.0674634869165604e-05,0.005051270366998133,-2.0793202071650674e-17,42,0.2148281111930009,0.0021349269738331206,0,0,-0.005066405116952555,-0.04307420039681542,0.038007795279862866
43,2024-07-31,2024-08-03,213,42,0.005025678584963663,1.3166674622019972e-05,0.004462207042401831,-1.06301309185127e-17,44,0.30983519330720605,0.0026333349244039945,0,0,0.06802249741603505,0.04346261846707322,0.024559878948961833
44,2024-08-31,2024-09-01,219,43,0.004765737509413424,6.843297035491792e-06,0.004718317235687922,-4.128963105637492e-18,43,0.14431163082491602,0.0013686594070983584,0,0,0.05902205363832902,0.06636448868832812,-0.0073424350499990965
45,2024-09-30,2024-10-01,205,41,0.004996802008655347,3.946424505998016e-06,0.0029676887219037777,-1.9123032360898054e-17,44,0.150242281626112,0.0007892849011996031,0,0,-0.043365684643426605,-0.04689027727360906,0.003524592630182455
46,2024-10-30,2024-11-02,218,43,0.0028389928686698446,7.1082265024399e-06,0.0025218023227300246,-8.732982926580284e-18,45,0.2947817002395201,0.00142164530048798,0,0,0.157861790283361,0.16208078551446836,-0.004218995231107359
47,2024-11-30,2024-12-01,221,44,0.0029198985521369245,5.365210592404829e-06,0.002890844835200236,-2.783550642682102e-17,44,0.1846652049407915,0.0010730421184809657,0,0,0.11932821361275914,0.12545456849922898,-0.0061263548864698425
48,2024-12-31,2025-01-01,215,43,0.003235804185216351,6.676698999579129e-06,0.0027913231353909485,-1.547605856242759e-17,45,0.2505353380392277,0.001335339799915826,0,0,0.05177360213041515,0.02554543021372102,0.026228171916694132
49,2025-01-29,2025-02-01,216,43,0.002935839988820102,6.89605776251604e-06,0.0024755989967069837,-3.318881450225115e-17,46,0.2998490370888277,0.001379211552503208,0,0,-0.0017430680662082754,0.004395351569292272,-0.006138419635500547
50,2025-02-26,2025-03-01,212,42,0.0024712838591510865,2.4826990643165023e-06,0.0014441764203104175,-2.5806715270408832e-17,47,0.2105160839892805,0.0004965398128633005,0,0,-0.04988715289131884,-0.04953713589249553,-0.0003500169988233104
51,2025-03-30,2025-04-05,220,44,0.0013721305704283541,1.2169832501562329e-06,0.0007860359896134541,-1.9127412755181163e-17,48,0.18501892777469914,0.00024339665003124657,0,0,0.19190664576297767,0.1619609006070788,0.029945745155898873
52,2025-04-30,2025-05-03,222,44,0.000936881519829155,3.3099560084724675e-06,0.0008611214800153602,-5.1149244652958786e-17,46,0.40393307580017507,0.0006619912016944935,0,0,0.050866339886434186,0.02943912471280563,0.021427215173628555
53,2025-05-31,2025-06-01,215,43,0.0009049235779013307,1.2764315328694948e-06,0.0006690391823646114,1.2027416646175619e-17,46,0.2087445920607969,0.00025528630657389894,0,0,-0.10378640087456537,-0.10229897645226382,-0.001487424422301542
54,2025-06-30,2025-07-01,221,44,0.0005996020135829264,7.635983507370848e-07,0.0004905452858373887,4.748472102780499e-18,45,0.16150044945481054,0.00015271967014741697,0,0,-0.061068867385043024,-0.06547594767247766,0.004407080287434639
55,2025-07-30,2025-08-02,206,41,0.0004605882408302272,9.502817969063819e-07,0.0003471872087337619,-5.672304603469513e-17,45,0.32038111435322547,0.00019005635938127636,0,0,-0.04591611218528824,-0.079619188269903,0.03370307608461476
56,2025-08-31,2025-09-02,223,44,0.0003312457219082454,5.537372945713488e-07,0.0002866543423680669,-6.870126529733787e-17,45,0.1994556880470874,0.00011074745891426976,0,0,0.05733345832447889,0.04419850833108674,0.013134949993392153
57,2025-09-30,2025-10-01,225,45,0.00030308922715975735,5.16521238369863e-07,0.00023103855224799506,-3.253750222089678e-17,48,0.24697482942228113,0.00010330424767397258,0,0,0.1738785784081156,0.1638550089595714,0.010023569448544212
58,2025-10-29,2025-11-01,227,45,0.00027121120727034557,7.70815366031832e-07,0.0002389370418199687,-4.6528187291651587e-17,47,0.3435936536426848,0.0001541630732063664,0,0,0.04609798735581738,0.036503540492213826,0.009594446863603556
59,2025-11-30,2025-12-01,226,45,0.000249951558552622,2.759555182451828e-07,0.00015274963340424213,-3.049880452131594e-17,49,0.21787338394652234,5.519110364903656e-05,0,0,0.1786191503092016,0.12329541851961023,0.05532373178959138
60,2025-12-31,2026-01-04,224,44,0.00018003364313294988,4.089203318385128e-07,0.00015866145462235256,-1.8685164096386583e-17,46,0.2688066682597476,8.178406636770257e-05,0,0,-0.05372739806353799,-0.06542321672658402,0.011695818663046031
61,2026-01-31,2026-02-01,219,43,0.00015013698749251746,4.655725977088105e-07,0.00012810043590117556,-2.6035760193562316e-17,47,0.4072676572031149,9.31145195417621e-05,0,0,0.21186968077738255,0.19165879991976542,0.02021088085761713
62,2026-05-31,2026-06-01,204,40,0.0001552410343630012,7.133952168142877e-07,0.000142775011449638,-7.712433851346627e-17,45,0.5496357637508706,0.00014267904336285754,0,0,0.3649682646351802,0.26997171276928933,0.09499655186589084
63,2026-06-30,2026-07-01,209,41,0.00019488335961168036,3.5846649908022314e-07,0.0001678252176581129,-5.3625582556435805e-18,43,0.22214581908503525,7.169329981604462e-05,0,0,,,
