rebalance,score_date,exec_date,n_eligible,n_selected,value_pre_trade,transaction_cost,value_post_trade,cash_weight,holdings_count,turnover,buy_notional,sell_notional,traded_notional,buy_notional_fraction,sell_notional_fraction,absolute_traded_notional_fraction,transaction_cost_fraction,failed_targets,buy_scale,top20_return,bench_return,excess_return
1,2021-01-31,2021-02-01,79,15,1.0,0.004975124378109454,0.9950248756218906,-2.4756238725665015e-16,15,1.0,0.9950248756218908,0.0,0.9950248756218908,0.9950248756218908,0.0,0.9950248756218908,0.004975124378109454,0,0.9950248756218909,-0.05721927306275376,0.00825292808316247,-0.06547220114591623
2,2021-02-28,2021-03-01,82,16,0.9405913231915066,0.002501047632057619,0.938090275559449,-4.253177011527191e-17,16,0.26723113516391045,0.24885423938973303,0.25135528702179083,0.5002095264115238,0.26457211889362253,0.2672311351639104,0.5318032540575329,0.0026590162702876644,0,0.990049751243781,0.0324457179451354,0.045891658456442386,-0.013445940511306986
3,2021-03-31,2021-04-03,81,16,0.9706757390586196,0.0021484510112943244,0.9685272880473252,-2.2388675793975707e-18,17,0.2782867633834245,0.21377087562378527,0.21591932663507962,0.4296902022588649,0.22022892612017322,0.22244228216158202,0.44267120828175527,0.0022133560414087762,0,0.7913740612116036,-0.06370070639441827,-0.05485810970667149,-0.008842596687746784
4,2021-04-28,2021-05-01,85,17,0.9113098180814765,0.004478402445036027,0.9068314156364404,-2.965073045993845e-17,17,0.49388192335472114,0.4456010432810847,0.4500794457261207,0.8956804890072054,0.4889676753611419,0.4938819233547212,0.9828495987158632,0.004914247993579316,0,0.990049751243781,-0.07285177086823913,-0.10651492776105476,0.03366315689281563
5,2021-05-31,2021-06-01,92,18,0.8418923103837012,0.0011251692553275509,0.8407671411283736,-5.673972406359576e-18,18,0.1343158843069629,0.11195434090509129,0.11307951016041887,0.22503385106551016,0.13297940784619702,0.13431588430696284,0.2672952921531599,0.0013364764607657995,0,0.9900497512437807,0.058171974515812686,0.0539881666919475,0.004183807823865182
6,2021-06-30,2021-07-03,88,17,0.8907501016536628,0.00107387581783673,0.8896762258358261,-1.462377625928255e-17,18,0.17612614113218425,0.10685064387475462,0.10792451969259134,0.21477516356734597,0.1199558031780049,0.12116138913959287,0.24111719231759776,0.001205585961587989,0,0.6810789267674751,0.11996074496803377,0.06440644621849057,0.05555429874954321
7,2021-07-31,2021-08-01,156,31,1.0021926808146604,0.005790232147219993,0.9964024486674404,-2.8726281626361715e-17,31,0.5806451612903226,0.5761280986483893,0.5819183307956093,1.1580464294439987,0.574867597496389,0.5806451612903226,1.1555127587867118,0.005777563793933559,0,0.9900497512437811,0.10397669944468646,0.13240805699546399,-0.028431357550777525
8,2021-08-31,2021-09-01,198,39,1.105586823781174,0.0055817371826897165,1.1000050865984845,-9.067830784047561e-17,40,0.5384615384615384,0.5553828496776269,0.5609645868603165,1.1163474365379433,0.5023421387912202,0.5073908035026897,1.00973294229391,0.0050486647114695495,0,0.9329211148979804,-0.07569396019444419,-0.08169832620329509,0.006004366008850903
9,2021-09-29,2021-10-02,202,40,1.0199027296115823,0.003161384251769561,1.0167413453598126,-2.175354077971236e-17,42,0.3709836012106225,0.3145577330510713,0.31771911730284097,0.6322768503539122,0.30841934619673667,0.311519038118312,0.6199383843150486,0.003099691921575243,0,0.8313557396884359,-0.1438740560580105,-0.15592632903091375,0.012052272972903233
10,2021-10-31,2021-11-01,204,40,0.8743114733488601,0.003852829307842087,0.8704586440410179,0.0,41,0.4670624859719098,0.3833565161302877,0.3872093454381298,0.7705658615684174,0.43846675677481833,0.4428734578479321,0.8813402146227504,0.004406701073113752,0,0.9387753672025559,0.02656550465076224,0.003413057796945562,0.023152446853816677
11,2021-11-30,2021-12-01,208,41,0.8968728637650769,0.0032900465674914003,0.8935828171975857,-2.4751734134804544e-17,41,0.3686695109101825,0.3273596334653943,0.3306496800328857,0.6580093134982801,0.3650011575677927,0.3686695109101826,0.7336706684779754,0.0036683533423898765,0,0.9900497512437816,-0.01384863737767883,-0.0073246630517193045,-0.006523974325959525
12,2021-12-29,2022-01-01,209,41,0.8840927665214118,0.002884853726120129,0.8812079127952916,0.0,42,0.34628963594800666,0.28704294574895284,0.28992779947507297,0.5769707452240258,0.32467514339967285,0.32793821016750874,0.6526133535671815,0.003263066767835908,0,0.9375826178304132,-0.08666958689774995,-0.08684861675423683,0.00017902985648687864
13,2022-01-31,2022-02-01,203,40,0.8074930039909284,0.0026590169686331187,0.8048339870222952,-5.226797696264813e-17,40,0.3309393443991134,0.2645721883789954,0.26723120534762845,0.5318033937266238,0.3276464155991222,0.3309393443991133,0.6585857599982355,0.003292928799991177,0,0.990049751243781,-0.0002687821285545233,0.0012094273997131921,-0.0014782095282677155
14,2022-02-28,2022-03-02,209,41,0.8068895209500637,0.0022718589199333277,0.8046176620301304,-5.4437989414622297e-17,41,0.2829654066946665,0.2260499625333661,0.22832182145329943,0.45437178398666556,0.28014983050864994,0.2829654066946665,0.5631152372033165,0.0028155761860165825,0,0.9900497512437811,0.10569102583326351,0.13070977454090804,-0.025018748707644534
15,2022-03-30,2022-04-03,212,42,0.8923770238327833,0.002718495699126298,0.889658528133657,-6.044614428425057e-17,42,0.30615850752045787,0.27049032206306667,0.27320881776219297,0.5436991398252596,0.30311215421179655,0.30615850752045787,0.6092706617322544,0.003046353308661272,0,0.990049751243781,0.11793874932767379,0.13702753651979926,-0.019088787192125478
16,2022-04-30,2022-05-01,206,41,0.9984977454740195,0.003914003203580018,0.9945837422704396,-3.313923669043564e-17,43,0.437358907987027,0.3894433187562118,0.39335732195979184,0.7828006407160036,0.3900292419501962,0.3939491338290927,0.783978375779289,0.003919891878896445,0,0.8917830066508338,0.02705671403643195,0.03956816219032322,-0.01251144815389127
17,2022-05-31,2022-06-01,201,40,1.024076933251728,0.0025830230813929335,1.021493910170335,-2.2925997592860632e-17,44,0.3412455974911898,0.2570107965985969,0.25959381967998985,0.5166046162785867,0.2509682507763517,0.2534905447540035,0.5044587955303551,0.002522293977651776,0,0.7354475856141444,-0.04418029326174244,-0.04792755804742199,0.0037472647856795493
18,2022-06-29,2022-07-02,209,41,0.9784125383862958,0.0020485287323702165,0.9763640096539257,-3.109256438114148e-17,44,0.28140496761103506,0.20382860887083656,0.20587713760320678,0.40970574647404334,0.20832583483344647,0.2104195618166972,0.41874539665014365,0.002093726983250718,0,0.7403061737040821,-0.05690911768322915,-0.08324988331261007,0.026340765629380924
19,2022-07-31,2022-08-01,211,42,0.9250347582136196,0.004234762886758662,0.920799995326861,-5.1808097123662727e-17,44,0.5138646784268238,0.42135890723248687,0.42559367011924554,0.8469525773517323,0.45550602665589984,0.4600839766725421,0.9155900033284419,0.004577950016642209,0,0.8864318677252022,0.09190027064575168,0.07021430277721219,0.02168596786853949
20,2022-08-31,2022-09-03,216,43,1.00679158863105,0.0013698245230435225,1.0054217641080063,-5.607449031030706e-18,44,0.1673091741657942,0.13629754004283046,0.13766736456587403,0.2739649046087045,0.1353781076261834,0.13673869162242652,0.27211679924860993,0.0013605839962430497,0,0.8091493386491235,-0.05709172450650357,-0.06442340846075989,0.007331683954256318
21,2022-09-28,2022-10-01,211,42,0.9487849345196272,0.000764432780917988,0.9480205017387092,-1.0064106314551093e-17,46,0.17948326827709968,0.07606106170133982,0.0768254944822578,0.15288655618359762,0.08016681013158138,0.08097250671581836,0.16113931684739974,0.0008056965842369987,0,0.4466533894837145,-0.04861587696902292,-0.04717048755279318,-0.0014453894162297365
22,2022-10-31,2022-11-01,212,42,0.9039847659686528,0.0020531123065842026,0.9019316536620687,-4.808356234459104e-18,47,0.3421787131867688,0.2042846745051282,0.2063377868117124,0.41062246131684055,0.22598243045194424,0.22825361065749142,0.45423604110943566,0.002271180205547178,0,0.6604222347653697,0.14716057399726923,0.1409831306276743,0.006177443369594915
23,2022-11-30,2022-12-03,214,42,1.0373538310277557,0.002693397506470667,1.034660433521285,-3.6466297908085e-17,43,0.28674397128224655,0.26799305189383144,0.27068644940030206,0.5386795012941334,0.25834295288456977,0.2609393644713493,0.519282317355919,0.0025964115867795953,0,0.9009533896364949,0.11802321333399446,0.1346665587930016,-0.01664334545900714
24,2022-12-31,2023-01-01,213,42,1.1585975015308223,0.0018231189358114705,1.1567743825950108,-1.6870739357971717e-18,43,0.18266012021739422,0.1814003341132413,0.1832234530490528,0.3646237871622941,0.15656889806301338,0.1581424548274658,0.3147113528904792,0.001573556764452396,0,0.8571597230784249,0.04504580093290955,0.06457009547857084,-0.01952429454566129
25,2023-01-31,2023-02-01,201,40,1.2122289990424746,0.0033467878847994767,1.208882211157675,-2.5112174328814374e-18,43,0.35116208697841533,0.3330053945375479,0.3363521824223474,0.6693575769598953,0.2747050225663509,0.27746587706450515,0.552170899630856,0.00276085449815428,0,0.7822741484710334,0.0841244261259908,0.12033898464239479,-0.03621455851640398
26,2023-02-28,2023-03-01,209,41,1.3152636424270814,0.004684909001848182,1.3105787334252332,-2.64726327649627e-17,45,0.4478959645561979,0.46614844568389413,0.4708333546857423,0.9369818003696364,0.3544144539901532,0.357976408301612,0.7123908622917652,0.003561954311458826,0,0.7912874462741101,0.20250862630078514,0.16962387224548903,0.03288475405529612
27,2023-03-29,2023-04-03,218,43,1.5788465939128127,0.00286436152261229,1.5759822323902002,-1.3483884617459617e-17,43,0.18232824780596255,0.28500397149992285,0.28786833302253517,0.572872304522458,0.18051403638500763,0.18232824780596252,0.3628422841909701,0.0018142114209548507,0,0.9900497512437801,0.3011686496929047,0.3041401952833336,-0.0029715455904288923
28,2023-04-30,2023-05-01,208,41,2.0550126699800004,0.004393996720834586,2.0506186732591662,-8.036537088383798e-18,42,0.23680116028010312,0.43720267372304134,0.4415966704438759,0.8787993441669173,0.21274938111563868,0.21488756585046923,0.42763694696610793,0.0021381847348305397,0,0.8984304843100666,-0.06047173743074896,-0.07213573865496015,0.011664001224211185
29,2023-05-31,2023-06-03,210,42,1.928681044006029,0.002066844726781589,1.9266141992792472,-2.7462200806516464e-17,46,0.20777951834226827,0.2056510503147681,0.20771789504154967,0.41336894535631774,0.10662781746826006,0.10769945382472497,0.214327271292985,0.0010716363564649252,0,0.5131777102910383,-0.031224445878361484,-0.028879052226863045,-0.0023453936514984397
30,2023-06-28,2023-07-01,208,41,1.8677232138918753,0.001266475406505681,1.8664567384853696,-9.294206719114936e-19,44,0.13238997332472152,0.12601430294731525,0.12728077835382098,0.2532950813011362,0.06746947406876871,0.06814755923528903,0.13561703330405772,0.0006780851665202887,0,0.5096267668494954,-0.04949117963469729,-0.06343172428071875,0.013940544646021458
31,2023-07-31,2023-08-01,216,43,1.778893434129896,0.004809841369297216,1.774083592760599,-4.8401784679849295e-17,46,0.33114482580087734,0.478579216245073,0.4833890576143701,0.9619682738594431,0.2690319763191204,0.2717358152771015,0.5407677915962219,0.0027038389579811094,0,0.8124299561935282,0.008788418838791667,0.015084016677898493,-0.006295597839106826
32,2023-08-30,2023-09-02,216,43,1.792439745913932,0.0027647634851247368,1.7896749824288074,-3.949878181239364e-17,45,0.20515705205246879,0.27509396676991127,0.27785873025503605,0.5529526970249473,0.15347459650848452,0.15501705476485123,0.3084916512733358,0.001542458256366679,0,0.7480834559332308,-0.012561607961002919,-0.013097573802517526,0.0005359658415146074
33,2023-09-30,2023-10-01,222,44,1.7702052313282988,0.0030114444063768196,1.7671937869219219,-1.374276485318376e-17,44,0.1709689687301244,0.2996387184344936,0.30265016284087043,0.602288881275364,0.16926778496166536,0.17096896873012435,0.3402367536917897,0.0017011837684589484,0,0.9900497512437808,-0.10839626118765477,-0.07657164693135099,-0.031824614256303785
34,2023-10-31,2023-11-01,216,43,1.5802375874023629,0.004600999776830531,1.5756365876255325,-3.027658532685698e-17,45,0.34008072744921825,0.4577994777946378,0.4624004775714683,0.9201999553661061,0.2897029417881275,0.292614529142782,0.5823174709309096,0.002911587354654548,0,0.8518652143596901,0.12038833995123688,0.10647111327126813,0.013917226679968753
35,2023-11-29,2023-12-02,219,43,1.7694807082171395,0.004155847440937686,1.765324860776202,-4.323727300221595e-17,44,0.2595576926199616,0.41350682037329983,0.4176626678142375,0.8311694881875373,0.2336882331935302,0.2360368586527616,0.4697250918462918,0.002348625459231459,0,0.9003325265943517,0.048184681534518825,0.04121888590404321,0.006965795630475613
36,2023-12-31,2024-01-01,218,43,1.852808907415238,0.0024224304175659963,1.8503864769976721,-2.1093581635339235e-17,44,0.1544764813900986,0.2410318265478166,0.24345425696538264,0.4844860835131992,0.13008995454586203,0.1313973912749662,0.2614873458208282,0.0013074367291041411,0,0.8421343713632795,-0.03406165846243925,-0.029866963663183643,-0.004194694799255605
37,2024-01-31,2024-02-03,215,43,1.7920458410543196,0.0046865962596586595,1.7873592447946611,-2.4749052976471176e-17,45,0.3075388351150649,0.46631632783603666,0.47100292409569533,0.9373192519317319,0.26021450855391476,0.2628297297454114,0.5230442382993261,0.0026152211914966307,0,0.8461191850991965,-0.016708106672041256,-0.015149772858641719,-0.0015583338133995372
38,2024-02-28,2024-03-02,209,41,1.7599467116118397,0.002450855740466725,1.757495855871373,-1.998761491879233e-17,46,0.24859845864251676,0.2438601461764391,0.24631100191690586,0.49017114809334494,0.1385610965192809,0.13995367035364553,0.27851476687292637,0.001392573834364632,0,0.5573690893978187,0.061343103232572194,0.058986590001250505,0.0023565132313216886
39,2024-03-30,2024-04-02,223,44,1.8676879932926878,0.0023818877037795694,1.8653061055889082,-4.184972974948295e-18,45,0.15274319569135622,0.23699782652606716,0.23937971422984675,0.4763775407559139,0.1268936928315558,0.12816900632735034,0.2550626991589061,0.0012753134957945306,0,0.8307649467277496,-0.01229271732534798,-0.012048034008858899,-0.0002446833164890805
40,2024-04-30,2024-05-01,216,43,1.8473685806248406,0.004992155717182811,1.842376424907658,0.0,46,0.3355258361158801,0.4967194938596897,0.5017116495768725,0.9984311434365623,0.2688794748753835,0.2715817811555381,0.5404612560309217,0.002702306280154608,0,0.8013674237071894,-0.10347843701832149,-0.10307968906495724,-0.0003987479533642535
41,2024-05-29,2024-06-01,213,42,1.6525843265987517,0.0008541345399411934,1.6517301920588106,1.1815270556030507e-18,45,0.11106665132090555,0.08498638672414874,0.08584052126408993,0.17082690798823869,0.05142635407844061,0.05194320185812343,0.10336955593656405,0.0005168477796828202,0,0.46302245963870925,0.021824991825568407,-0.016769007938073566,0.03859399976364197
42,2024-06-30,2024-07-01,206,41,1.690381097752316,0.002601907753777214,1.6877791899985386,4.625164054725898e-18,42,0.17555289455908435,0.2588898215008328,0.26149172925461,0.5203815507554428,0.15315470685579494,0.1546939501407778,0.3078486569965727,0.0015392432849828637,0,0.8724134525976096,-0.007844710558266854,-0.03863880824674337,0.03079409768847652
43,2024-07-31,2024-08-03,213,42,1.6789407300758448,0.0044016793091107564,1.674539050766734,-1.657505425324077e-17,44,0.3100517053362038,0.4379670912565203,0.442368770565631,0.8803358618221513,0.26085917353183485,0.2634808737683357,0.5243400473001705,0.0026217002365008526,0,0.8413408765127507,0.06630432508391504,0.047955986192156574,0.018348338891758464
44,2024-08-31,2024-09-01,219,43,1.7881449652358314,0.0025767328813494266,1.7855682323544821,-1.0201008378009942e-17,43,0.1448213984940891,0.25638492169426796,0.2589616545756174,0.5153465762698853,0.14338038955384938,0.14482139849408907,0.28820178804793845,0.0014410089402396922,0,0.990049751243781,0.05824278354323775,0.07149409326571732,-0.013251309722479565
45,2024-09-30,2024-10-01,205,41,1.891059521804064,0.0014948253908780291,1.889564696413186,-1.445935923681139e-17,44,0.15018086154525304,0.1487351263923639,0.15022995178324192,0.2989650781756058,0.07865174241076828,0.07944221218374083,0.15809395459450912,0.0007904697729725456,0,0.5237134852037635,-0.0397792528316,-0.04676715517320873,0.006987902341608732
46,2024-10-30,2024-11-02,218,43,1.818762614438305,0.0043633898254045855,1.8143992246129004,-3.7287392237245586e-17,45,0.2881996553385335,0.4341572876277563,0.4385206774531608,0.8726779650809171,0.23871025508287055,0.24110935312390439,0.47981960820677494,0.0023990980410338748,0,0.8282808485751648,0.1587711825865037,0.16410229537823362,-0.005331112791729931
47,2024-11-30,2024-12-01,221,44,2.106516108608628,0.004042573419901913,2.102473535188726,-1.3613934670073273e-17,44,0.19286756319584608,0.40223605528024037,0.4062786287001423,0.8085146839803827,0.19094848296504163,0.19286756319584608,0.3838160461608877,0.0019190802308044386,0,0.9900497512437814,0.11697981941904367,0.1238542977690682,-0.0068744783500245266
48,2024-12-31,2025-01-01,215,43,2.3532780435725087,0.0048575339040867775,2.3484205096684216,-4.8383322837068786e-17,45,0.25067505986517463,0.4833246234566344,0.4881821573607211,0.9715067808173555,0.20538356050902504,0.2074477168960504,0.4128312774050754,0.002064156387025377,0,0.8193218767734229,0.05135814149104756,0.023513869295168854,0.027844272195878705
49,2025-01-29,2025-02-01,216,43,2.4750390080415507,0.006007985557100446,2.4690310224844505,-3.512964114625117e-17,46,0.3091410605646502,0.5977945629314944,0.6038025484885948,1.2015971114200892,0.24152935003821105,0.2439567806918614,0.48548613073007246,0.0024274306536503625,0,0.7812917171114524,-0.004407082401483908,-0.023047719531315014,0.018640637129831106
50,2025-02-26,2025-03-01,212,42,2.4606021517046863,0.0024523523881448328,2.4581497993165415,-1.9406830129972533e-17,47,0.20519259989613484,0.24400906262041086,0.24646141500855573,0.49047047762896656,0.09916640219604915,0.1001630494543009,0.19932945165035004,0.0009966472582517503,0,0.4832844958650828,-0.04266097763404608,-0.04310066637830878,0.00043968874426270066
51,2025-03-30,2025-04-05,220,44,2.3547926464995816,0.0015099207928181118,2.3532827257067637,1.1978695197431923e-18,48,0.1533571420022197,0.15023711888540212,0.15174703967822029,0.3019841585636224,0.0638005724660007,0.06444178424957861,0.1282423567155793,0.0006412117835778965,0,0.41602609199040286,0.1955951113346781,0.16115561657461952,0.03443949476005859
52,2025-04-30,2025-05-03,222,44,2.8230781548707093,0.009504832427356932,2.813573322443353,-1.479732662068614e-17,46,0.3800033942180689,0.9457308265220149,0.9552356589493718,1.9009664854713866,0.3349998741233316,0.3383667070290937,0.6733665811524253,0.0033668329057621265,0,0.8815707417894496,0.046930821193556405,0.026969485110822644,0.01996133608273376
53,2025-05-31,2025-06-01,215,43,2.9496934940441952,0.004076865090293385,2.945616628953902,-5.300252290243163e-18,46,0.2063346017516387,0.4056480764841917,0.40972494157448514,0.8153730180586769,0.13752211112891782,0.1389042428990577,0.27642635402797555,0.0013821317701398779,0,0.6665004801010096,-0.10765322595153926,-0.10772512175462534,7.189580308608612e-05
54,2025-06-30,2025-07-01,221,44,2.6314936241915725,0.0029821277610559316,2.6285114964305163,-1.7324060140588747e-17,45,0.13951872998775863,0.2967217122250652,0.2997038399861211,0.5964255522111863,0.11275790657339016,0.11389115186558502,0.22664905843897518,0.0011332452921948759,0,0.8081918935420606,-0.06413046421811297,-0.06677793412015987,0.002647469902046895
55,2025-07-30,2025-08-02,206,41,2.465159033528844,0.00521519956706362,2.4599438339617805,7.051882453685969e-19,45,0.3118113347052452,0.5189123569228301,0.5241275564898937,1.043039913412724,0.21049853168296961,0.21261409481546176,0.4231126264984314,0.0021155631324921574,0,0.6750830013346166,-0.04548535127280706,-0.03835589374654014,-0.007129457526266925
56,2025-08-31,2025-09-02,223,44,2.351602322004218,0.0035498974415652663,2.348052424562653,-5.725641726812955e-18,45,0.1762448960852189,0.35321479543574397,0.3567646928773092,0.7099794883130532,0.15020175483357529,0.1517113202087871,0.3019130750423624,0.0015095653752118122,0,0.8522332173576757,0.05584885702996245,0.06876994655614466,-0.012921089526182206
57,2025-09-30,2025-10-01,225,45,2.483704571079574,0.0045161023586652365,2.4791884687209094,-2.4839855531011354e-17,48,0.2486281055200493,0.44935218468719107,0.45386828704585624,0.9032204717330473,0.1809201424031983,0.1827384352916726,0.36365857769487087,0.0018182928884743544,0,0.7276737359389522,0.17818307886117313,0.16845575600146545,0.009727322859707677
58,2025-10-29,2025-11-01,227,45,2.9298377757020013,0.008899872547283008,2.920937903154718,-1.2471745104943213e-17,47,0.34569586566497024,0.8855373184546593,0.8944371910019424,1.7799745094566017,0.30224790116322425,0.3052855685115984,0.6075334696748227,0.0030376673483741134,0,0.874317373110116,0.04517432127373788,0.03763688502750284,0.007537436246235041
59,2025-11-30,2025-12-01,226,45,3.0563088482468066,0.0034195578343385784,3.052889290412468,-2.414949928271176e-17,49,0.20045448901753127,0.34024600451668857,0.34366556235102713,0.6839115668677157,0.11132579245447141,0.11244464463994348,0.2237704370944149,0.0011188521854720746,0,0.555366921439884,0.19101533861645437,0.1617477420265283,0.02926759658992606
60,2025-12-31,2026-01-04,224,44,3.642936621937094,0.006898649957942502,3.6360379719791522,-2.0753488216163153e-17,46,0.2385382537092435,0.6864156708152789,0.6933143207732214,1.3797299915885004,0.1884237202156661,0.19031742594647685,0.378741146162143,0.001893705730810715,0,0.7899098668062593,-0.05714370946140701,-0.06779024702284486,0.010646537561437852
61,2026-01-31,2026-02-01,219,43,3.439232118392562,0.010970843874829161,3.428261274517732,-3.2384434432621715e-17,47,0.41395078144693725,1.0915989655455016,1.1025698094203307,2.1941687749658323,0.31739613028959973,0.3205860411467816,0.6379821714363813,0.0031899108571819064,0,0.7667484747345145,0.20819280121529182,0.18130817406869992,0.0268846271465919
62,2026-05-31,2026-06-01,204,40,4.161001756359496,0.019001163802010196,4.142000592557485,-4.690705010001901e-17,45,0.5438822571305838,1.8906157983000145,1.9096169621020247,3.8002327604020394,0.45436553719557526,0.4589320250065861,0.9132975622021614,0.004566487811010806,0,0.8354115826331947,0.36288488772328154,0.2697328591108863,0.09315202861239524
63,2026-06-30,2026-07-01,209,41,5.655689669094865,0.010619656557391468,5.645070012537474,-3.3802872583271093e-17,43,0.22945397628819666,1.0566558274604512,1.0672754840178427,2.1239313114782936,0.18683058818352,0.1887082825371232,0.3755388707206432,0.001877694353603216,0,0.814239923865424,,,
