legacy_subject_id,legacy_company_id,company_name,symbol,instrument_code,canonical_company_id,canonical_security_id,has_monthly,has_financial,has_market_price,appears_in_v37,subject_origin,notes
legacy:002c39c907ffac34a1ee6c5b55cefd23,002c39c907ffac34a1ee6c5b55cefd23,نان,نان,8000351713789858,63fece71-1288-4135-bf9e-ff5ec21d441a,8b79804e-8523-4e87-8935-e70025ed2f72,True,True,True,True,mahane+miandore2,
legacy:003aeed095825b208ba109440c6a6431,003aeed095825b208ba109440c6a6431,خراسان,خراسان,43552974795606067,7774c5f9-e518-42a9-b95c-9fd94f6bea72,a6b1410a-9f24-48c9-8216-33fc20a69e59,True,True,True,True,mahane+miandore2,
legacy:02d0fb54342c0cc17bc1062d7d88f448,02d0fb54342c0cc17bc1062d7d88f448,زدشت,زدشت,25180702353416009,c4ec791b-7b2e-4a18-a0fa-c5c8a97d9a94,75b66328-1f1e-4594-999e-c1a1b80b01bc,True,True,True,True,mahane+miandore2,
legacy:03892a92148b9665bbb3713469826e29,03892a92148b9665bbb3713469826e29,سهگمت,سهگمت,41284516796232939,6177f4ea-c2ab-45c4-aa9c-4515e10555e3,bf3c3c03-e7c4-4880-badd-7fc8e1e88042,True,True,True,True,mahane+miandore2,
legacy:04234a593ca4912aa015a1dea99da781,04234a593ca4912aa015a1dea99da781,زفکا,زفکا,5427792638736934,305e9275-40bf-4650-8686-09d772a9831b,401877cd-9190-45f9-bd99-2a7460b847d5,True,True,True,True,mahane+miandore2,
legacy:04596c0c8cd003eca6202bb9351d3d5d,04596c0c8cd003eca6202bb9351d3d5d,آردینه,آردینه,9956888831468521,8c12f9cd-4550-4a96-ba5c-1187719d2ad6,4365f57b-4d36-42aa-8ab3-4710e7827d75,True,True,True,True,mahane+miandore2,
legacy:046559f7fcc4efeb9b20ea57995da789,046559f7fcc4efeb9b20ea57995da789,وپست,وپست,22087269603540841,1ad4dba3-cef4-43f1-bbea-89212ba23e46,8fc07153-ffe3-490c-8a34-a85d7dca795a,False,True,True,True,miandore2,
legacy:057f29e2cbb5f0df740b951b2669799f,057f29e2cbb5f0df740b951b2669799f,خمهر,خمهر,17330546482145553,31bf977a-27fb-4fad-8073-d412c5cc480b,a623b284-10e9-4ee1-aba9-a459bd3fb92b,False,True,True,True,miandore2,
legacy:05a68769d3006e107f5b7e02c9eca4fd,05a68769d3006e107f5b7e02c9eca4fd,فخوز,فخوز,28864540805361867,e1030359-6ee4-449d-bbc1-59d91e96637d,d3f425f8-64ef-4ebd-b7dc-f2bb9dfb1514,True,True,True,True,mahane+miandore2,
legacy:067ba4a186448d230d296b1ce604d32f,067ba4a186448d230d296b1ce604d32f,شبهرن,شبهرن,22667016906590506,16a036b2-0940-4b90-b62f-5471067a0e45,233d57d3-f7d7-4ac1-abdd-4677fff2ae8a,True,True,True,True,mahane+miandore2,
legacy:07589f30e28ffd0a131f9c4157417d59,07589f30e28ffd0a131f9c4157417d59,قنیشا,قنیشا,63380098535169030,a884725f-ed8a-4f17-a6d3-22e1d3b062ae,a3705d74-5b52-4f61-9d88-deeb3eb349ca,True,True,True,True,mahane+miandore2,
legacy:081486afb8ec3b6088ff61e17ed1e666,081486afb8ec3b6088ff61e17ed1e666,بکهنوج,بکهنوج,46483466867025192,5c8b97d1-9fd7-451e-ab89-964a4ac12a39,3a0c4419-19d0-46d9-9c08-5a9a3465298d,False,True,True,True,miandore2,
legacy:0839a7cf2afa34a4cc6cb908eaf9cb4f,0839a7cf2afa34a4cc6cb908eaf9cb4f,شپلی,شپلی,28845264556937486,270f045b-b120-4cbe-a7e7-86b849dd8fa4,989c70c1-9f52-4ca6-8b1f-97794c18df29,False,True,True,True,miandore2,
legacy:0859d2221e900c47ebd6555e399b010c,0859d2221e900c47ebd6555e399b010c,کربن,کربن,11326461864120062,d747ca7e-87f0-4258-9ffe-dc2ef9cbcf04,53987eed-30ba-496a-a21a-5f9650504f05,False,True,True,True,miandore2,
legacy:0875c9b59ace28c22babd5e711c141da,0875c9b59ace28c22babd5e711c141da,سهرمز,سهرمز,29747059672582491,60f50a23-e56e-45d4-bbb8-413dfe433784,60d5ee09-ffab-49b3-987c-3a16a206f4fd,True,True,True,True,mahane+miandore2,
legacy:09029850a7825c34a7c8958a08fcdf26,09029850a7825c34a7c8958a08fcdf26,خبهن,,,,,True,False,False,True,mahane,no canonical mapping
legacy:0ab048f709cfd236a0ad7aaf542a990c,0ab048f709cfd236a0ad7aaf542a990c,کنور,کنور,20411759370751096,81be5f6f-f8d3-4c01-9ef5-ec28582a00d5,c4146bf9-dfea-4ed1-bafb-f78195a915ca,True,True,True,True,mahane+miandore2,
legacy:0b933179128a75d133acc7cac85b4662,0b933179128a75d133acc7cac85b4662,تپمپی,تپمپی,43062880954780884,11ce4fd7-9037-451e-b04e-7cad43e0c166,173f50f9-8cdf-44ca-b877-4ac30f633342,False,True,True,True,miandore2,
legacy:0d19caedc1f47bfbce6949cc9fd54846,0d19caedc1f47bfbce6949cc9fd54846,کفرا,کفرا,23837844039713715,9c39ffde-2be2-4831-ab24-a97b65553f9c,e5891f0b-6e64-4639-9480-1ba39eaeebc6,True,True,True,True,mahane+miandore2,
legacy:0e1074b193f3c2c8dec3a7743d83b13b,0e1074b193f3c2c8dec3a7743d83b13b,بمولد,بمولد,48261930411425125,bd3c4219-2b34-4590-99f9-44c4fc39d3dc,6ec8a75d-984e-4bab-bfb4-4a3a6954fd46,True,False,True,True,mahane,
legacy:0e16759f2d662dc8bc10d9604b5c3a7e,0e16759f2d662dc8bc10d9604b5c3a7e,تپسی,تپسی,3839324986781871,907726df-b454-49b0-a6b1-d2cd83440bd0,60efc653-dc45-4edb-9be6-f07b60a18732,True,True,True,True,mahane+miandore2,
legacy:0e3a6731bfe6da581d9c4190b9b9707b,0e3a6731bfe6da581d9c4190b9b9707b,ددانا,ددانا,69540585676934415,83ec683f-eb5f-4ccc-abde-96641f1a0bf1,b3c113ed-c855-4628-878f-e5fc799e036b,True,True,True,True,mahane+miandore2,
legacy:100d9b545dbca1cb4b62ecc648741665,100d9b545dbca1cb4b62ecc648741665,کلوند,کلوند,32678431934327184,eee0ed28-6abc-401d-971e-5e4f42810310,b7d2a6da-43cc-4746-8cc5-f70ffcd8004b,True,True,True,True,mahane+miandore2,
legacy:1025955b553ca1fa9153eea469591cb1,1025955b553ca1fa9153eea469591cb1,پرداخت,پرداخت,59607545337891226,4a49426f-d2bc-4cfe-9ca1-fe9ff4d7c1ea,32b92c95-d03c-4ede-b043-09a9aac49c20,True,True,True,True,mahane+miandore2,
legacy:13a0bcb602f4d54dab681986defb249d,13a0bcb602f4d54dab681986defb249d,کیمیاتک,کیمیاتک,39884565732277052,ffc50f05-b5b7-4056-b58f-f305178c4174,9ceb21f4-5803-42f4-a343-7157fdfb0dc6,True,True,True,True,mahane+miandore2,
legacy:14e17dd0b0b3c62c333dd4aa6c71f8ff,14e17dd0b0b3c62c333dd4aa6c71f8ff,سبزوا,سبزوا,611986653700161,e1a8063c-a8f7-4f54-9ed0-1d9aac4d198d,4624b10d-79e1-41ce-b4ad-6d4736c0e0a5,False,True,True,True,miandore2,
legacy:15658d3f9297a112771a62658b4269d3,15658d3f9297a112771a62658b4269d3,شوینده,شوینده,3493306453706327,2724d89a-80a3-4a06-abf8-b0e8828ebcc3,7b0e554d-863f-4993-95e4-a0b6e34d489f,False,True,True,True,miandore2,
legacy:162bcc9b9c97c9f3510c1bd06b5ae8c0,162bcc9b9c97c9f3510c1bd06b5ae8c0,غفارس,غفارس,16410724132711490,6b9fc3a5-da42-435a-8a04-352cf694f664,08b530cf-490b-4118-bc55-98b1d79a1825,True,True,True,True,mahane+miandore2,
legacy:16c5adc0ecd89c732f53b66f1b794505,16c5adc0ecd89c732f53b66f1b794505,بجهرم,بجهرم,33629260529503413,34575525-fd7c-4d83-baa8-bb38555bbf5b,84ef3254-4ead-49c0-92e5-947d7acd4ddb,True,True,True,True,mahane+miandore2,
legacy:1712cd6b0f7a77388a2c072ad6694a89,1712cd6b0f7a77388a2c072ad6694a89,تلیسه,تلیسه,41781090739318251,c37fa5da-3c3e-4c4b-8556-1e83da64bf0a,f122ea67-b3c0-4074-99be-bd6c8933ec75,True,True,True,True,mahane+miandore2,
legacy:1818f78f177b8c9343ce20a08ca3cf40,1818f78f177b8c9343ce20a08ca3cf40,بمپنا,بمپنا,39807886630843041,59e163ef-c340-4f9f-af09-fa6242fe41cf,b4246278-d67c-431e-bdaf-803d294c837d,True,True,True,True,mahane+miandore2,
legacy:1843493e1f47856f9ed240017217d5bf,1843493e1f47856f9ed240017217d5bf,شیراز,شیراز,38568786927478796,831fcb23-f475-4c1b-9ba0-192fb03e76ed,4632db7d-e9ed-4848-9c77-83b1eab560ec,True,True,True,True,mahane+miandore2,
legacy:18aeb706c9868c500cbb5e6128c038ae,18aeb706c9868c500cbb5e6128c038ae,بنو,بنو,54493234408301135,258ec04e-d9dd-4f83-ad40-64f2c78e8eb2,46e6ba82-a1dd-405d-afb9-11b14fc823cd,False,True,True,True,miandore2,
legacy:19b9ef8150577a94e1ec98c012006fa9,19b9ef8150577a94e1ec98c012006fa9,غویتا,غویتا,37842793167868642,9bb03c0c-0993-4174-baed-3c5e7047d031,11c47c77-bf4c-4d02-a462-28907953821b,True,True,True,True,mahane+miandore2,
legacy:1b3136d2227d59961e470887dc900c4d,1b3136d2227d59961e470887dc900c4d,دتوزیع,دتوزیع,66726992874614788,fd9e2e5f-8257-4b5d-be39-f57fb8dfcb83,13d98f7e-0993-41aa-a912-245eac6dcd19,False,True,True,True,miandore2,
legacy:1b64f3e77238bc8dc5e3277587374ecf,1b64f3e77238bc8dc5e3277587374ecf,ساروم,ساروم,15949743338644220,9e516f18-8cb3-42ad-ae64-7dc31d3eb4f1,878d91a0-39a1-4e68-ae55-b6caaeb9386e,True,True,True,True,mahane+miandore2,
legacy:1b8e0f2acf626d841e62b7b091e025b7,1b8e0f2acf626d841e62b7b091e025b7,بزاگرس,بزاگرس,29882244560576007,f5fdc667-05c5-49a5-97e6-a8e535c3ca01,cb7bc7d2-81c4-4d03-ba72-a5b7faf312fb,True,True,True,True,mahane+miandore2,
legacy:1d619a84cd8a88c3ecda4e61e9339167,1d619a84cd8a88c3ecda4e61e9339167,سمازن,سمازن,33808206014018431,369f1c92-1cad-414e-8ef6-bb58cecc097d,97405951-3065-46c8-b5fd-5d964e73bf92,True,True,True,True,mahane+miandore2,
legacy:1ddbed63fff24fa4ad4fc82f1d695219,1ddbed63fff24fa4ad4fc82f1d695219,سیستم,سیستم,47749661205825616,b0a1be47-1fbd-4ac5-8b46-d1ae52b4bbff,5e198c9b-cbf6-4de3-a411-b8e3767b3702,True,True,True,True,mahane+miandore2,
legacy:1e14ece10fa50f96266e53a6d2ce83a1,1e14ece10fa50f96266e53a6d2ce83a1,سفانو,سفانو,4528607775462304,b0d0bbb8-3548-464c-b6ce-64350b1cce3e,c0f5c397-cae1-4000-b80e-247d2f214944,True,True,True,True,mahane+miandore2,
legacy:20579374fedaf42bb5e2e72dd734e793,20579374fedaf42bb5e2e72dd734e793,بگیلان,بگیلان,71068313834275501,0d2f948b-6b8d-461d-9ae5-0e2d6f15f097,13b62f5f-ed83-43cf-b452-e48d61dbb039,True,True,True,True,mahane+miandore2,
legacy:213d9e3501b775d1751c699f0b6915ed,213d9e3501b775d1751c699f0b6915ed,کصدف,کصدف,42696242981550091,e966585f-0e20-4505-b857-714cfe049673,9b1b48ac-5e90-48ac-abeb-c97c3f6dc8fd,False,True,True,True,miandore2,
legacy:219f43aab6fb90530570bd54a78db3f4,219f43aab6fb90530570bd54a78db3f4,خمحرکه,خمحرکه,39436183727126211,aa481edd-94f1-4d63-af3f-908a97c8871f,2fbd172c-0f17-4c0d-be6a-d37f916e6a6c,True,True,True,True,mahane+miandore2,
legacy:22299b7657a300fc6056ba1b0e6532dd,22299b7657a300fc6056ba1b0e6532dd,غانیزان,غانیزان,53350307353645375,5318dd74-4cfa-4d65-aba3-a9fc9f345a7d,540702d4-ea39-4fc8-bac9-c9a5dcde181e,False,True,True,True,miandore2,
legacy:251c0169be640916c76cf3d978482145,251c0169be640916c76cf3d978482145,سشمال,سشمال,6757220448540984,8b9bd230-19fb-4332-83e5-0a6ae4f0a983,fe2b6df5-d08c-43be-90c1-cc4ea1ce46a7,False,True,True,True,miandore2,
legacy:25594bcbd879ef25ca250052162de693,25594bcbd879ef25ca250052162de693,سبجنو,سبجنو,66295665969375744,a70d8f77-9f39-4b94-a113-bb9c1a819397,620b983b-f01c-4544-b2c4-4c7ffbe69bdf,True,True,True,True,mahane+miandore2,
legacy:257905140790bc29dc5bf9fb900ab7ff,257905140790bc29dc5bf9fb900ab7ff,ثتران,ثتران,20926459161497908,4e01fb83-fe97-45fe-8977-7d755faa519e,d615752c-28e5-4135-b99f-ae433a8987d4,False,True,True,True,miandore2,
legacy:25aafd0fbcf94aed7458b9d9f32852d8,25aafd0fbcf94aed7458b9d9f32852d8,رمپنا,رمپنا,67126881188552864,800144e4-cc7d-4308-b9d0-50b502039f5b,b0468476-aa4e-489b-81cb-d2a00bc7e316,True,False,True,True,mahane,
legacy:26ee5c2c59a374815a759f4990eb7c29,26ee5c2c59a374815a759f4990eb7c29,غگلستا,غگلستا,64843936383937546,70df11ee-fe59-40ba-adc1-9b63a7740e7b,ba90f9fe-3021-4319-b0ff-6de9ad502466,False,True,True,True,miandore2,
legacy:29d7795e06a8fe30d0a386ed95c8f445,29d7795e06a8fe30d0a386ed95c8f445,کچاد,کچاد,18027801615184692,bf89b630-3cb0-472f-866e-b0de8762374f,7e6f739f-ffaf-468f-aa78-37758bf2f177,True,True,True,True,mahane+miandore2,
legacy:2c7e998dc9b612c1fd643b991c0dc3cc,2c7e998dc9b612c1fd643b991c0dc3cc,غشصفا,غشصفا,61506294208022391,23d9a5f7-2b11-4589-a719-9a387807be88,15ede464-8a9d-406b-bd7e-e1ef3d998efd,True,True,True,True,mahane+miandore2,
legacy:2dc3ef3ab0a0505e8859b5400fc35e95,2dc3ef3ab0a0505e8859b5400fc35e95,شکربن,شکربن,27308217070238237,b4b7da70-a14b-40cc-866e-b938cf7579af,7ac2b1aa-76dd-414a-8bc4-a02eff2f7125,True,True,True,True,mahane+miandore2,
legacy:2dcd8b1b42da502813fb5b275d5e288e,2dcd8b1b42da502813fb5b275d5e288e,زشگزا,زشگزا,26259366519412975,a523e463-796f-4d5e-8090-0cbb5cf0b723,6dea9723-1001-419b-9e18-2dd7eb27d2e4,True,True,True,True,mahane+miandore2,
legacy:2ebfd20c4a8b98cdd3e425bf2d0a48cf,2ebfd20c4a8b98cdd3e425bf2d0a48cf,دامین,دامین,50100062518826135,295f68b6-1f9d-4004-910d-039a20aa2d79,b72b07b6-0784-4e82-a316-5c6d4519d8dc,False,True,True,True,miandore2,
legacy:2f418d231f33b1c2a4dd596f18096bc7,2f418d231f33b1c2a4dd596f18096bc7,خودکفا,خودکفا,22956708386610464,33f00982-fdb7-44d6-95fd-dd373359a152,76dfa21f-57c6-45d8-80f5-2be5223f2184,False,True,True,True,miandore2,
legacy:2fe468d2d5a13b43ee3bc672d1fc2c6c,2fe468d2d5a13b43ee3bc672d1fc2c6c,تایرا,تایرا,19298748452450329,d3e54010-744b-4177-966a-8b5706b07309,2177a2a1-32b8-4e3c-8c99-1519473ebf55,True,True,True,True,mahane+miandore2,
legacy:30098073127320ec11c2c84dc7dd7dd5,30098073127320ec11c2c84dc7dd7dd5,شپاکسا,شپاکسا,11622051128546106,436e8450-0253-4347-bbe2-be8ff48da73e,db6a738c-2087-48d3-bac0-4bbd4787c9ca,True,True,True,True,mahane+miandore2,
legacy:326f53e9133b7e24c3b9ffec1e73fa18,326f53e9133b7e24c3b9ffec1e73fa18,خاهن,,,,,False,True,False,True,miandore2,no canonical mapping
legacy:32b0b479f11a3f7399ab159f7f643370,32b0b479f11a3f7399ab159f7f643370,درازک,درازک,22255783119783047,2c4b50f6-a864-4d15-ba36-58d19b29f8b9,da54863b-dda5-4124-b8bc-c05bc92a0579,True,True,True,True,mahane+miandore2,
legacy:32bc989812a6997ee475737a30528c3b,32bc989812a6997ee475737a30528c3b,وخارزم,وخارزم,7395271748414592,7d4e1be2-2e65-48ac-b35b-050139c0feaf,35d79df7-70ef-4de1-b0bc-80fbc063bb53,False,True,True,True,miandore2,
legacy:32cddf0dc9b06053a765b4c371dfe764,32cddf0dc9b06053a765b4c371dfe764,سصوفی,سصوفی,13227300125161435,ccc92064-f5c8-4f9f-aa09-33d100f530a1,966e481b-5898-4c53-be05-147b71d4e4d5,True,True,True,True,mahane+miandore2,
legacy:32f230090775786229c664bc8cb52dba,32f230090775786229c664bc8cb52dba,شبریز,شبریز,48753732042176709,c3598b16-4124-4839-bd8c-c278408a857f,bc3d1018-2c6a-4a17-b18c-71fcb2f233ad,True,True,True,True,mahane+miandore2,
legacy:34f99deab827071c31069cb575b6aeeb,34f99deab827071c31069cb575b6aeeb,هجرت,هجرت,5317427172344706,3bc882ec-42f3-4aa6-9ff8-6ca689c91a1a,bde9a257-d089-4f5e-b549-2366c898130d,True,True,True,True,mahane+miandore2,
legacy:357e4606a3bb0ad48f3dc109ffc246d0,357e4606a3bb0ad48f3dc109ffc246d0,ثالوند,ثالوند,16693610252404739,ca698afc-0303-47eb-b1e0-46a00e10ece1,4b8c0e16-102a-4104-8e0c-e470743402bb,True,False,True,True,mahane,
legacy:358139e1070f075fd27c39f77c4047e4,358139e1070f075fd27c39f77c4047e4,داسوه,داسوه,12387472624849835,ae6670e0-aa42-419d-8a8a-9168096df1ea,6d556687-28d0-45bd-b6f7-e166dc034e48,True,True,True,True,mahane+miandore2,
legacy:36d852f81798b4c4f57827151acb1e86,36d852f81798b4c4f57827151acb1e86,شاراک,شاراک,7711282667602555,ffe4bf6d-9ab9-4153-a6a3-b676920e3f9c,33932e08-2a65-485c-bcd1-6769fdb8d9f8,True,True,True,True,mahane+miandore2,
legacy:36f23676eaffd388df63219008589dec,36f23676eaffd388df63219008589dec,سپیدار,سپیدار,29590002988360984,ee1187a5-1612-42d1-93a7-01ff78104213,00e3cf96-2295-4ab1-a165-74c64642f336,True,True,True,True,mahane+miandore2,
legacy:39232c8d2f1231a8f681e77185a0a39e,39232c8d2f1231a8f681e77185a0a39e,کرازی,کرازی,57086055330734195,c7640838-60d8-4b64-ba66-65e3a7112d6b,e9b9fe5a-6d54-4dbd-b0ce-88d65a7c9db1,True,True,True,True,mahane+miandore2,
legacy:39c493c82f878ca7ed0a347493f150b6,39c493c82f878ca7ed0a347493f150b6,شرانل,شرانل,44013656953678055,24aa4584-7664-410f-8315-ea206d7f4497,b1f8e04c-27bc-4372-884a-37fcc14f8a84,True,True,True,True,mahane+miandore2,
legacy:3d93905f5d86c52a214cb21d71fbe704,3d93905f5d86c52a214cb21d71fbe704,سخوز,سخوز,41974758296041288,3ae93a39-7c31-4774-9957-6830fcc36f46,39ead461-2259-4170-80ce-bb47bbe17419,False,True,True,True,miandore2,
legacy:3dc6ca7296ff7c957aa13a1bf9e28347,3dc6ca7296ff7c957aa13a1bf9e28347,کلر,کلر,1822787329898392,e2ac90c5-4667-4e98-b30b-234e32769134,111f955b-b468-444e-8778-8bf7fbee6437,True,True,True,True,mahane+miandore2,
legacy:3dee3148d7752fbf747804eae2347c51,3dee3148d7752fbf747804eae2347c51,وخاور,وخاور,47333458678352378,ad315653-75a0-4370-aa61-8677da4534d3,0477fa6d-a40b-42b1-8b41-eddfbe3865c8,False,True,True,True,miandore2,
legacy:3eed9ad615c315d96a80b4ed8599772d,3eed9ad615c315d96a80b4ed8599772d,افق,افق,49502666250908008,7ad97d90-ca30-4b48-b528-1ad0ba8f1fd6,9604a806-08cc-40bd-821e-de8566034d40,True,True,True,True,mahane+miandore2,
legacy:3f3bb26af4a9adedd8678ad845720830,3f3bb26af4a9adedd8678ad845720830,بموتو,بموتو,22086876724551482,229203d2-ce92-492e-8384-a6faaf6d0e20,0fcfd845-14e2-4c34-a2f8-f5619c364bc6,True,True,True,True,mahane+miandore2,
legacy:4178bc367d0410e207d6a86524bf3878,4178bc367d0410e207d6a86524bf3878,مبین,مبین,27922860956133067,40c096e4-8e63-41ad-a886-da6657689328,568dac69-c9ca-48fb-8383-82be1e22edfb,True,True,True,True,mahane+miandore2,
legacy:42c343943444522671018f6ce8d2c2a1,42c343943444522671018f6ce8d2c2a1,بفجر,بفجر,46178280540110577,a3d9899a-222c-4aa7-8289-21219456d095,ef71af2a-b152-425c-a0b6-80bc73057bcd,False,True,True,True,miandore2,
legacy:4548be3fe5c878a9dbda1bd95501aa64,4548be3fe5c878a9dbda1bd95501aa64,حفاری,حفاری,28809886765682162,aa3059de-65ee-458d-b0f3-1c0a8fdf09e9,94b776f6-dec7-4677-8831-e94ce05db32e,False,True,True,True,miandore2,
legacy:47cec2efd2813e405cd4d975fb2df1a2,47cec2efd2813e405cd4d975fb2df1a2,تاتمس,تاتمس,35543935713999309,5564f3b0-b2d3-4db6-945b-2f7ddec9a3e1,69acd634-a2b8-41fa-ab51-f5cccd520e89,True,False,True,True,mahane,
legacy:486253dea70fdfaa0ad435e871f1ac01,486253dea70fdfaa0ad435e871f1ac01,ساوه,ساوه,32347247706508046,3516f4ca-b566-4918-b491-df4dd5f30569,198d8e5f-111a-4f32-97eb-8f36638548ba,False,True,True,True,miandore2,
legacy:4a1adc39de6b1615bf5bf9b656a3030f,4a1adc39de6b1615bf5bf9b656a3030f,خموتور,خموتور,57273529732791251,4ab8bf44-7984-449a-894d-c8eeccfb2d1a,0c55f542-3fd6-4bdb-91ad-5e07f5a50e47,True,True,True,True,mahane+miandore2,
legacy:4abec9db6376c2f7c79a759d64220c72,4abec9db6376c2f7c79a759d64220c72,دجابر,دجابر,33406621820337161,3de02d6f-b522-4169-8327-89f3838eaa7b,7f6274ea-5c83-420c-b672-92fb6db5093e,True,True,True,True,mahane+miandore2,
legacy:4b42ff856fa2a4996c5843f6bf85ef50,4b42ff856fa2a4996c5843f6bf85ef50,حتوکا,حتوکا,22260326095996531,10afeffc-ef6d-4556-a912-7118b41ca443,3edb0696-67a8-408d-bcb2-310a0ab03119,True,True,True,True,mahane+miandore2,
legacy:4c198075a5599a736ed1cb88eb36b7cd,4c198075a5599a736ed1cb88eb36b7cd,توریل,توریل,37389789764168256,3c363c84-8a26-48c6-8943-22842ca2a95c,c6d8e625-c39d-4878-b069-71bfcc9c943c,False,True,True,True,miandore2,
legacy:4c72588412aab6f0a0e6d2469d9b1491,4c72588412aab6f0a0e6d2469d9b1491,غشهداب,غشهداب,33611155027418901,372183eb-79c1-4f39-85dc-2ae3a6f30082,c4925d79-1231-40ad-bade-e0e8403407d3,True,True,True,True,mahane+miandore2,
legacy:4d8273e8e35e83a73ef9b5bca072c95c,4d8273e8e35e83a73ef9b5bca072c95c,کالا,کالا,44549439964296944,d9b005d3-5e44-419a-9f69-d76deca60a82,b4af656c-d7b1-486e-81cd-0cb7f774e3e6,True,True,True,True,mahane+miandore2,
legacy:4e35602375bf56d08f1acbbff336611c,4e35602375bf56d08f1acbbff336611c,سرچشمه,سرچشمه,35948133957468680,6ea3597b-7f4e-49c0-8145-cc305b719ddc,fb0cd895-e8d5-4034-9fe6-a70a13296d01,False,True,True,True,miandore2,
legacy:4e74a398d885cd61dfd07383641eb05f,4e74a398d885cd61dfd07383641eb05f,پارس,پارس,6110133418282108,f182c62c-5573-4aaf-b873-d6b4df5017f2,fbc2f0d8-bedb-4824-9e9c-a9df21aeddd2,True,True,True,True,mahane+miandore2,
legacy:4f8054584021b10a15fe091d8973bf6f,4f8054584021b10a15fe091d8973bf6f,شتران,شتران,51617145873056483,3cd5635b-d0df-4842-a1bc-7176a103896f,fa393b0c-ebc3-4472-b8e4-03a4872ed904,True,True,True,True,mahane+miandore2,
legacy:508279539a385693bd947ea986985bb4,508279539a385693bd947ea986985bb4,شپارس,شپارس,61102694810476197,0c63f41f-0958-471d-93f9-88d9a4ac5521,186b9771-8f5e-45f6-904a-9f8c929ee717,True,True,True,True,mahane+miandore2,
legacy:5273ccc375234a373922892e70dffc5d,5273ccc375234a373922892e70dffc5d,غبهنوش,غبهنوش,17059960254855208,0cf3d6d6-8fb6-4437-85cf-0da787fd7990,12b990e9-fe38-404f-8cd5-1cf77be7efe0,False,True,True,True,miandore2,
legacy:5275e513e2842a3b390ae43faa530d06,5275e513e2842a3b390ae43faa530d06,غشان,غشان,31791737198597563,b56a14a1-c8d4-4f86-a5a2-d0ff69669d56,365d2b75-4347-4e69-bed3-81da9940b19a,True,True,True,True,mahane+miandore2,
legacy:549b1892b8d2c12be65851e10d9d9253,549b1892b8d2c12be65851e10d9d9253,سآبیک,سآبیک,70883594945615893,5eb4dae1-aebb-4ce0-bcbf-9509c7ec1697,c3314b2d-11e5-4db2-8c6d-96ba010456dc,True,True,True,True,mahane+miandore2,
legacy:54e663798b0e261d5e3fef1f8da6430e,54e663798b0e261d5e3fef1f8da6430e,کاما,کاما,4942127026063388,f0c68c28-0f10-4f24-8e2e-946f766bd33e,b5b3a4d6-226d-4411-aea9-1836d82096b6,True,True,True,True,mahane+miandore2,
legacy:56187148c4031e89830f329dd299e701,56187148c4031e89830f329dd299e701,کگاز,کگاز,62346804681275278,d623a50c-81d3-4dd3-8071-d5aa2d2dc093,5a7f0117-b7bb-4904-b979-83edcb753582,False,True,True,True,miandore2,
legacy:57ec56ad0fe574fcb2cee0f550320934,57ec56ad0fe574fcb2cee0f550320934,شبندر,شبندر,35366681030756042,3935dd3a-8346-41cb-85f5-e034bba5e72b,ad25cc81-fa3a-4354-91da-b6220051b360,True,True,True,True,mahane+miandore2,
legacy:5846976e3619ada1281f076ebdce9055,5846976e3619ada1281f076ebdce9055,بترانس,بترانس,46752599569017089,4a94b7d6-5f54-4389-b7c4-d4d7c2906c08,5dde7d18-51c0-496d-a911-96bb0ffd7457,True,True,True,True,mahane+miandore2,
legacy:58a5a4af2867c8c00cd83c908b224228,58a5a4af2867c8c00cd83c908b224228,حسیر,حسیر,13281937213456378,a53af603-e764-4e39-a8d2-0ad69c5faf24,ddc060b6-f4a0-4e8f-a211-a72fca5fec13,False,True,True,True,miandore2,
legacy:5a47be702a11b42d75ea4fc8a0003e05,5a47be702a11b42d75ea4fc8a0003e05,دانا,دانا,48511238766369097,3eb74c91-27df-4f82-940f-d86d5c64c456,d8f2eaf7-6a99-4145-bb86-926f8fc53bdf,False,True,True,True,miandore2,
legacy:5ba7eb50b25bd20543e42f9cc50394ed,5ba7eb50b25bd20543e42f9cc50394ed,دپارس,دپارس,70474983732269112,a97cb8af-29da-4af7-a6bf-9c607418b335,2392bc7e-241d-45ab-91d4-fa83361b6ab1,True,True,True,True,mahane+miandore2,
legacy:5d15c985370d5c69364f396ffec4e0d7,5d15c985370d5c69364f396ffec4e0d7,فبیرا,فبیرا,49399017998386087,812cc82f-571c-4ef3-9a7b-0a2ddcda4cf5,8d362d9c-abb8-46ee-ae69-35896fd70bb2,False,True,True,True,miandore2,
legacy:5d5c836b94dd5814744b8f6f549c51e8,5d5c836b94dd5814744b8f6f549c51e8,سغرب,سغرب,52220424531578944,ba05c4b9-5f3b-47a1-8b84-6618480e8dad,6ae7fe17-bb79-4ea3-bb04-cc850a841a04,True,True,True,True,mahane+miandore2,
legacy:5d9142cab82acfbf6d12ef1824abd59b,5d9142cab82acfbf6d12ef1824abd59b,سیمرغ,سیمرغ3,37520527106122835,0dcb1a49-44b5-4dd7-97c5-c1a0f642b6c5,94c2c90d-a37c-4548-a190-ed2649cd02e1,True,True,True,True,mahane+miandore2,
legacy:6081d3f368b7889ba242435db91b5b2f,6081d3f368b7889ba242435db91b5b2f,شکیمیا,,,,,False,True,False,True,miandore2,no canonical mapping
legacy:60de37b0434d9b34ee753646b12c46f3,60de37b0434d9b34ee753646b12c46f3,سکرما,سکرما,15472396110662150,7c19589a-b176-4b0d-8231-5d07e54557f6,325d4c8e-5159-4f65-bc92-bd7f4d1955ce,False,True,True,True,miandore2,
legacy:611f456315ab832044ca3f40c5f81b25,611f456315ab832044ca3f40c5f81b25,خچرخش,خچرخش,33783140337377394,60d888cd-26d1-4481-8535-1b9356d6c165,f6c9eb47-aa0c-45ba-81ce-400e959ce2b2,False,True,True,True,miandore2,
legacy:62475be81f64f0f74b0f1f4a798dd2c5,62475be81f64f0f74b0f1f4a798dd2c5,های وب,های وب3,43362635835198978,1d00ce2a-cec3-48b3-b833-05c43918456c,19d81d12-7302-4ec5-8469-6ae5389c5236,True,True,True,True,mahane+miandore2,
legacy:62a63aab5e5f97d82fe87b1c3a34f7f2,62a63aab5e5f97d82fe87b1c3a34f7f2,بوعلی,بوعلی,50247622569476338,c78433dc-e873-4bc9-85c4-794f755e5637,3c215e9d-f923-4ae2-aa5e-9d1a3f0860da,True,True,True,True,mahane+miandore2,
legacy:63a5bb96ab3f48206ee3e201f4ac9d85,63a5bb96ab3f48206ee3e201f4ac9d85,کپرور,کپرور,22941065011246116,cbb1fd64-fdbb-4812-abb5-80f74db50bd1,378b5af4-31bd-42ed-84c8-1f0d51c43d23,True,True,True,True,mahane+miandore2,
legacy:64e35e12a7959fcfbd10cb6036ed7693,64e35e12a7959fcfbd10cb6036ed7693,فولای,فولای,14800142337291217,ec9f3262-9612-48a8-bfec-bbb59441b31b,b5dedb5f-1656-46ce-bdce-c226a69cc7a5,False,True,True,True,miandore2,
legacy:68e6f82aede2360869ceea7a3ea76d08,68e6f82aede2360869ceea7a3ea76d08,دفرا,دفرا,18303237082155264,f3d108c0-7d0f-49e9-8a5a-399615e22396,a2206fe2-2592-4c83-80cb-b85d290f58be,True,True,True,True,mahane+miandore2,
legacy:6a68f93c59cc3f3e981255fe2b2eedc1,6a68f93c59cc3f3e981255fe2b2eedc1,چدن,چدن,12329519546621752,d902203f-0213-4f12-b051-1700f7b33c2c,85931a8e-c44e-41d2-a9aa-ade91c311be3,True,True,True,True,mahane+miandore2,
legacy:6b88726e82dff2001540bb7b87e2d9be,6b88726e82dff2001540bb7b87e2d9be,پاکشو,پاکشو,62786156501584862,56dcdf48-cbf1-4ad4-be8b-f426604a05c6,6aeabdee-c01d-46ff-b56c-70ca2f1e628f,True,True,True,True,mahane+miandore2,
legacy:6bd4aac18107335caeba964fd9804250,6bd4aac18107335caeba964fd9804250,غمایه,غمایه,59461185672081215,d886d9e9-b6e5-490e-b9ce-f35a32f713b4,1899ad1e-2095-410b-b69e-2b8fc24ce34b,True,True,True,True,mahane+miandore2,
legacy:6dd3fb203bb12fdd017e1f59fc61b9c6,6dd3fb203bb12fdd017e1f59fc61b9c6,تاصیکو,تاصیکو,23293437377896568,031272dd-b7bb-4c75-8b9d-bae9b708b18b,acefc379-a483-4167-b398-3c9a4eca4718,False,True,True,True,miandore2,
legacy:6def03d39ddc41e22cacb552bcb94ee0,6def03d39ddc41e22cacb552bcb94ee0,زمگسا,زمگسا,5054819322815158,66dcc89a-9b18-4411-abb7-78a96105b91c,556a2177-4261-4fc7-b0e8-30340d8e18e8,True,True,True,True,mahane+miandore2,
legacy:6e0ae81a60f8c7f6c7f0ba5597f87225,6e0ae81a60f8c7f6c7f0ba5597f87225,شلیا,شلیا,26025177574491991,b210a8c8-6979-4e8c-8357-139d57e61df7,5aa238f4-1660-4cf5-8be0-cd3ccc9df99b,False,True,True,True,miandore2,
legacy:6f7820e83627a1b5cd580bbcbb338ef3,6f7820e83627a1b5cd580bbcbb338ef3,پیزد,پیزد,32784604551756178,aa357d8e-66fe-4cd6-880b-621b74350f44,7d12e82e-536e-44dc-9dd3-0e12d30ba52f,True,True,True,True,mahane+miandore2,
legacy:701858157df331969ad61c12b4abe861,701858157df331969ad61c12b4abe861,سکرد,سکرد,65321970913593427,4e501f0e-832b-4029-b0ba-df118080310e,fe261e34-982f-453c-b125-8a2be8ab1af8,True,True,True,True,mahane+miandore2,
legacy:7083cfdfe2c268113f647360403b3778,7083cfdfe2c268113f647360403b3778,پخش,پخش,12638840758449459,672f86bf-cbf2-4bf6-9597-521d11f9e20a,02581e78-fed6-4a2c-98f2-a984c59cb8bd,True,True,True,True,mahane+miandore2,
legacy:70b8796676033dbf81f6977819d3871d,70b8796676033dbf81f6977819d3871d,دزهراوی,دزهراوی,8915450910866216,5a01e83f-edbf-421f-bcd5-c1f46cda1ba5,cf490db2-74b6-4fa1-86b5-b1b8bfd22d13,True,False,True,True,mahane,
legacy:713aa98887c6fda78002e405bfbec00e,713aa98887c6fda78002e405bfbec00e,کهمدا,کهمدا,67206358287598044,2d123302-2541-40dc-be32-801bab8251a5,c5c85fab-9661-42c4-8157-72404fc208fc,True,True,True,True,mahane+miandore2,
legacy:72b4d79585406feb5160a555339cce54,72b4d79585406feb5160a555339cce54,غدیس,غدیس,3492952121304423,04a39bc5-53b1-45c5-b2dd-7530ff52c4e5,afc56c6d-a055-43ee-8ed2-45a3138a427e,True,True,True,True,mahane+miandore2,
legacy:72d8be1259190fb1b5c8726381e27f71,72d8be1259190fb1b5c8726381e27f71,بهپاک,بهپاک,12746730665870442,a225648b-76a1-4ae3-8b6e-e7ccfa259d30,07979431-4d89-448d-97c2-c42dd8a6af29,True,True,True,True,mahane+miandore2,
legacy:731166bbfc773bf6a75a4bb795177b44,731166bbfc773bf6a75a4bb795177b44,فخاس,فخاس,4733285133017464,0311daa9-ed4b-4e8e-b977-2cba4a4670f2,8346318b-a5b8-4ca3-8ba2-628d0e16005f,False,True,True,True,miandore2,
legacy:7386c9d3264a07cdaacbdba2e1941d42,7386c9d3264a07cdaacbdba2e1941d42,کاسپین,کاسپین,28431095903407567,3d594732-5172-49ca-b8c5-7b684189196d,ab3e701f-c4b3-4059-b167-c0fc79be6b85,True,True,True,True,mahane+miandore2,
legacy:74a98ddff0b1430c48e8cfc83fa56408,74a98ddff0b1430c48e8cfc83fa56408,غنوش,غنوش,48619517949257749,2b087028-34bc-4989-8280-c8fe35c9cc34,5633432a-50f0-49a5-bb32-2e38588605df,True,True,True,True,mahane+miandore2,
legacy:7545952cb53929c1c7836fa12c77de87,7545952cb53929c1c7836fa12c77de87,شستا,شستا,2400322364771558,f7fa97c9-6afd-4019-afff-82a8ae0306dd,03c176e3-cb88-4c47-99fd-93d6f1910994,False,True,True,True,miandore2,
legacy:76022dd3c77edb744eeef72f3d54483a,76022dd3c77edb744eeef72f3d54483a,غپاک,غپاک,34032872653290886,8bb132da-23f9-4665-bd9f-cf1b91b2ef9e,659d2edd-039d-42b2-910a-5ec44fea3ae7,True,True,True,True,mahane+miandore2,
legacy:77ec0ce2270f5a3e04f8fa6313cf5201,77ec0ce2270f5a3e04f8fa6313cf5201,دیران,دیران,69090868458637360,d27cd264-4b08-4ddc-b81d-8367e3d8aaa4,a1289198-5374-464a-bbfd-0302d0ed9254,True,True,True,True,mahane+miandore2,
legacy:7951d684c53fd22e89f5777201bf7453,7951d684c53fd22e89f5777201bf7453,نوری,نوری,19040514831923530,0a8e4fe4-bcd4-4ae5-b6c1-044553a86517,16c3b981-7c4c-4c47-8537-6872518dd1d1,True,True,True,True,mahane+miandore2,
legacy:799566aa607bcd4a8ce4fed470c7d2b0,799566aa607bcd4a8ce4fed470c7d2b0,چکاپا,چکاپا,28957320033282870,020b03ab-9adc-434a-a289-a0db68763552,5fd486e5-9c45-4a34-aff9-ae8c45dba921,True,True,True,True,mahane+miandore2,
legacy:79c05aa1cc2e5430ef253e0d28ef62af,79c05aa1cc2e5430ef253e0d28ef62af,قشکر,قشکر,35964395659427029,299d99a4-5b3b-4458-aad8-76fcd65f91df,4f770ae3-788c-457a-a9fb-c45e334b1a9d,False,True,True,True,miandore2,
legacy:79f7b5d9782896e63356e2feba1a41c2,79f7b5d9782896e63356e2feba1a41c2,سدور,سدور,27218386411183410,09cf7a6c-c980-4c21-9f83-980a053e8df2,40ea95b1-7116-4a05-a114-d789129cef38,False,True,True,True,miandore2,
legacy:7a54ec15d779b9ac2ed7963ef98f7d2e,7a54ec15d779b9ac2ed7963ef98f7d2e,دلقما,دلقما,29247915161590165,acb29719-e4c7-426e-b521-9fbf6065d9fb,52fe027b-56c1-4545-be4e-5ec501ac0370,True,True,True,True,mahane+miandore2,
legacy:7bb1956b5377b9485a7db8de8b55a434,7bb1956b5377b9485a7db8de8b55a434,شاملا,شاملا,16959429956899455,b40aa6f8-b558-4c02-95de-ade347229183,5e9c413f-4ffd-4722-a81f-7c4470570d4f,True,True,True,True,mahane+miandore2,
legacy:7d537ec96a4dfdbd270698d08661b4b4,7d537ec96a4dfdbd270698d08661b4b4,فنوال,فنوال,57875847776839336,d57bcf6f-8134-48ce-9446-904028e79cd0,ea80897d-34c7-4f8b-995e-f9ca784ceeac,True,True,True,True,mahane+miandore2,
legacy:7e41b7fd7ba1c353199eba22667db254,7e41b7fd7ba1c353199eba22667db254,کسرا,کسرا,4614779520007780,298fce3f-f6fe-451e-93e1-f4d4ca508782,89040509-21c5-4eeb-973b-caa10717bddf,True,True,True,True,mahane+miandore2,
legacy:7f03a704085688ac90d02018a42c8162,7f03a704085688ac90d02018a42c8162,پکرمان,پکرمان,23214828924506640,c363eecd-eb9b-4924-bdf2-be80e83acc32,2c1dfbd3-7753-4dac-a5ee-ada3ad828412,True,True,True,True,mahane+miandore2,
legacy:7f547bf2c0a3ff2919c50d8c899abc3d,7f547bf2c0a3ff2919c50d8c899abc3d,قزوین,قزوین,15259343650667588,bf805c87-c0e9-4f5b-bc55-ceae499a765f,3cebcbe9-ffaf-472f-856f-9c53075c20ef,True,True,True,True,mahane+miandore2,
legacy:801acf9315859c07fc1aca9cb877c22b,801acf9315859c07fc1aca9cb877c22b,غگیلا,غگیلا,57300230097485720,81c70aac-e3a6-4d67-9fe9-fd2c608c1c06,f436bb69-f04a-4b29-9c70-e0a2c8882290,False,True,True,True,miandore2,
legacy:8234d415920c271fcb0300725ce4c7fd,8234d415920c271fcb0300725ce4c7fd,فاسمین,فاسمین,27181945356214752,7905533f-a68e-480d-a61f-fe8f7390dfdc,08ba4f4a-0cd9-4c73-8a86-49dfe0486ea1,False,True,True,True,miandore2,
legacy:83063f85d3b40da6b49c458abcb31423,83063f85d3b40da6b49c458abcb31423,چخزر,چخزر,41122066907413786,6b37d7eb-bf15-4794-b372-1160e633add9,56fe13cf-6c6a-426e-812d-b23fe427d79a,True,True,True,True,mahane+miandore2,
legacy:835a058978f7d07fa0f0286893ac885a,835a058978f7d07fa0f0286893ac885a,فگستر,فگستر,8725363201030474,9fce58d2-2eab-45ed-b51c-54fa00f2c77f,be74faae-2b85-446a-9213-bfc28835b3d3,True,True,True,True,mahane+miandore2,
legacy:85287a8fa516fef95aa0d2185f916071,85287a8fa516fef95aa0d2185f916071,شپنا,شپنا,7745894403636165,0ad8e291-d32a-4192-b7f0-001a4d146a78,e3807d5d-98e2-4718-b6ab-96e256f54c2f,True,True,True,True,mahane+miandore2,
legacy:857898d4f504279f0355b95477392169,857898d4f504279f0355b95477392169,ولشرق,,,,,True,False,False,True,mahane,no canonical mapping
legacy:85b841e113a9981a56d7137b3e926c4a,85b841e113a9981a56d7137b3e926c4a,شیران,شیران,35796086458096255,5afe467f-4933-4498-9670-0276dbd1376f,ad5ef3d2-109b-43cf-b7c1-2286dd01ceed,True,True,True,True,mahane+miandore2,
legacy:86753ad1b296713ec2fe34094b7b1d88,86753ad1b296713ec2fe34094b7b1d88,کماسه,کماسه,67690708346979840,ebf0e388-b11a-4e8d-918c-7e61cf997d60,3fda4729-07cd-4073-9680-a5adfd5b2f1a,True,True,True,True,mahane+miandore2,
legacy:876ac8a92de3ccb30dc55ce3d7ac189a,876ac8a92de3ccb30dc55ce3d7ac189a,زبینا,زبینا,54482686501491508,ef6075bf-d582-4f10-bf66-3d419f9d871c,9f61f079-659a-4fc2-8595-a5d0a3c341f9,True,True,True,True,mahane+miandore2,
legacy:881f485833e35685213e8f387e534bf7,881f485833e35685213e8f387e534bf7,قصفها,قصفها,40411537531154482,ef03eb47-e718-4196-bddb-41322006a0d9,6c34c8c5-f08b-4793-bf85-60da370720b7,True,True,True,True,mahane+miandore2,
legacy:88f79bf4cbb7f64d7bb74b1c01d3388a,88f79bf4cbb7f64d7bb74b1c01d3388a,شگل,شگل,44153164692325703,7e60836e-f575-4c4f-87b7-4891a767b632,1486c7e1-010b-4c6a-a000-2a10fdd3b9e5,True,True,True,True,mahane+miandore2,
legacy:8a664764ba757925c6545b1f6148a41d,8a664764ba757925c6545b1f6148a41d,کاوه,کاوه,60350996279289099,38b6cafe-386f-4fda-86b4-82212ed12d5c,4f29c1d5-99b2-4593-b52e-7038ae7da40f,False,True,True,True,miandore2,
legacy:8a93d99f4ddd3225214f5c0e83dd513f,8a93d99f4ddd3225214f5c0e83dd513f,فزر,فزر,8175784894140974,898b9479-9bf8-404a-8f20-df80925db9a0,fe66a6a2-f424-41ad-bdc6-be9cc7b83ec5,False,True,True,True,miandore2,
legacy:8ae97b44c2d9568e972acecf665519f7,8ae97b44c2d9568e972acecf665519f7,وسپه,وسپه,2328862017676109,425e914f-bd36-487b-94b8-2b180a679977,13485cab-ddc3-41ee-b080-f7360e2b94f3,False,True,True,True,miandore2,
legacy:8b5fc1bfef84c4c6f8b652747c0c50f7,8b5fc1bfef84c4c6f8b652747c0c50f7,درهآور,درهآور,13243992182070788,a2713fb9-4917-493b-bf50-5679d944796d,bb8cfed8-b554-4816-9f1b-0f508a5e91d9,False,True,True,True,miandore2,
legacy:8bbc5bbccde546656d599555b9be64d9,8bbc5bbccde546656d599555b9be64d9,سقاین,سقاین,60654872678917533,cabb474b-f6b4-4e66-9254-de3076aee6fd,c6bcebab-98d7-4b2d-815b-cd4df1c29624,True,True,True,True,mahane+miandore2,
legacy:8bfd141901eaba0211578f174767f175,8bfd141901eaba0211578f174767f175,دعبید,دعبید,49054891736433700,d26b3713-6d63-4c3e-be90-bc7651240571,4dbaae7a-6f68-4823-bc36-d290dd320eaf,True,True,True,True,mahane+miandore2,
legacy:8c179073bc41ee6b95d603feda98dafa,8c179073bc41ee6b95d603feda98dafa,قرن,قرن,39610074039667804,d1ae0534-f55f-4ba6-8a30-0036d4a225c1,2e8251ce-4d26-49a3-a829-88ec1a889a9b,True,True,True,True,mahane+miandore2,
legacy:8cf8f7ebb7a81d1f00229c19692d4f69,8cf8f7ebb7a81d1f00229c19692d4f69,بیوتیک,بیوتیک,47973532381204870,18395190-5040-4ec6-8f64-2ec3a7838d7c,308fdd9a-79ea-4c58-8f65-44dd1d25ef1e,True,True,True,True,mahane+miandore2,
legacy:8ecb7116a860463b6dee7ca13dcf73ea,8ecb7116a860463b6dee7ca13dcf73ea,شبصیر,شبصیر,68517032834363488,388f886c-2558-4f9f-8871-a3bb73d2546a,2761042c-7f68-4175-b1ec-ac488f2f2b8a,True,True,True,True,mahane+miandore2,
legacy:8f0d3b9ed3bb17e93db23268de21bd69,8f0d3b9ed3bb17e93db23268de21bd69,خودرو,خودرو,65883838195688438,e5197628-f5db-49cb-af4d-02ae4f3564af,ff72676f-fb32-40b5-903b-e134978f7ceb,True,True,True,True,mahane+miandore2,
legacy:8f5d6dbbead24fee9802a92474c4ead8,8f5d6dbbead24fee9802a92474c4ead8,گشان,گشان,70391097626818082,56860995-8786-4e76-9c41-912e6b91fa85,4392dd3a-e3d8-4042-aa0e-da56effce70c,False,True,True,True,miandore2,
legacy:8fb84e957a6f7f5f8c85bfea0a6625fc,8fb84e957a6f7f5f8c85bfea0a6625fc,پارسان,پارسان,23441366113375722,22bc153e-8dc3-4518-8b91-641807401428,f3bce50a-93b0-4f96-ac65-3b6349f22344,False,True,True,True,miandore2,
legacy:8fd34057fd7ca66b3cbf6590fabf6582,8fd34057fd7ca66b3cbf6590fabf6582,فجر,فجر,41302553376174581,4ef96c12-8f08-4e9c-b2a5-79f3403d86e3,af438558-6ade-423a-ad5a-850713789a0a,True,True,True,True,mahane+miandore2,
legacy:8fd65ccbe666396e87271af7cc74b33f,8fd65ccbe666396e87271af7cc74b33f,کپارس,کپارس,9698674686691945,3214d1b9-e208-41a0-b97d-3f4d9e02ac6c,ef693cb4-a85f-4516-be09-9ca4c273b79f,True,True,True,True,mahane+miandore2,
legacy:9014071d39f25d22b48f82c550918f60,9014071d39f25d22b48f82c550918f60,زکشت,زکشت,7300125658580126,caa78e71-bba6-41ce-9da2-746c1ddf68ab,0ba5bdad-90e0-453e-b9a9-c4442f41ecbf,True,True,True,True,mahane+miandore2,
legacy:905b8289d77d9927c13119c6a7cff9e1,905b8289d77d9927c13119c6a7cff9e1,کزغال,کزغال,28291104595448527,e76111bd-ee90-4823-a721-6b380c409a86,d9664558-2950-4d2e-92ae-0d9f6720b688,False,True,True,True,miandore2,
legacy:916d608d7850e7faf40d8efeb0d236a0,916d608d7850e7faf40d8efeb0d236a0,کساپا,کساپا,28325731560106431,dd223138-5523-424e-80eb-67ce8e65b0ba,6d2fd288-9e14-4b51-98d0-e930bd3716c2,False,True,True,True,miandore2,
legacy:94bbf9d3a165ab493a448d205002268e,94bbf9d3a165ab493a448d205002268e,سنیر,سنیر,14231831499205396,49e031e9-3fb6-4cf9-9404-c29af209d2f9,ca058771-f71a-49ca-9759-e13152208295,False,True,True,True,miandore2,
legacy:94e5dd63557afa43251119cb808facf2,94e5dd63557afa43251119cb808facf2,پتایر,پتایر,41935584690956944,a3787b04-f096-412f-8535-b978e8bd1f26,7a47ed7a-29f1-4240-bea3-42f6a05bde0f,True,True,True,True,mahane+miandore2,
legacy:959eac0c9aaf26d5f523b9008fb87bdf,959eac0c9aaf26d5f523b9008fb87bdf,زگلدشت,زگلدشت,10024128313803797,5e1cc3fa-9f64-4367-8c67-47569ef161c0,f5d3febe-866e-47c8-87c2-bcd8c5fed8e1,True,True,True,True,mahane+miandore2,
legacy:968fb3437a7e5a62ca7b18a26e303df1,968fb3437a7e5a62ca7b18a26e303df1,غشاذر,غشاذر,59921975187856916,0c8b4645-08a0-4a9f-bc8b-c65e70563a16,d8fefd67-d3c8-4b09-81a3-3fbd5b1437d7,True,True,True,True,mahane+miandore2,
legacy:9690eb40ea60e7030a8c95d739fc573c,9690eb40ea60e7030a8c95d739fc573c,کروی,کروی,69562625496483761,31a4e996-b8e0-4bfa-94bc-a28d26e626b9,84f63b9a-a8e6-460f-8257-62e076e29024,False,True,True,True,miandore2,
legacy:9699d9e476a96e2efa79e1d55f75a297,9699d9e476a96e2efa79e1d55f75a297,خبهمن,خبهمن,26824673819862694,dce80742-f6f8-46d0-925e-daf3d8416a4b,9bbd0ebc-4b4c-4a3c-969b-f87ab97bcc0b,False,True,True,True,miandore2,
legacy:980b075e10e0e4da4ae747bc7b6c3825,980b075e10e0e4da4ae747bc7b6c3825,غپینو,غپینو,18401147983387689,c5a432d6-bd29-4dbf-b63b-64ab36c80baf,6b0a1754-b9c8-4152-90d4-a1e7a512e05a,True,True,True,True,mahane+miandore2,
legacy:981b4b3afa1c7f609640ac1af6445bfc,981b4b3afa1c7f609640ac1af6445bfc,فبستم,فبستم,4159532151694984,e832aea3-5c00-4045-945d-3c1a6d5eaff6,c549c9f3-c804-49da-b1da-bf79af52ac18,True,False,True,True,mahane,
legacy:99739597e0be8c49abb1092f02513a19,99739597e0be8c49abb1092f02513a19,پکویر,پکویر,7235435095059069,34215318-8ead-4752-9213-74f6fd40bc36,e7b96b20-4e16-4c3f-9cab-edde38a50866,True,True,True,True,mahane+miandore2,
legacy:99775fd5c264517e465c66d684aefc15,99775fd5c264517e465c66d684aefc15,کاذر,کاذر,49353447565507376,478b42db-bf36-4b20-8a77-cb81678030c0,d24b4fef-bc82-46b1-8df5-a7fd7b06d98d,True,True,True,True,mahane+miandore2,
legacy:9a36b759bdba7d3f32786da29cb90020,9a36b759bdba7d3f32786da29cb90020,فولاژ,فولاژ,40808043719554948,ec7bd9e1-0a0e-47be-a1be-2804adfcf164,90bfd580-1048-42e3-a502-383c497ea9a2,False,True,True,True,miandore2,
legacy:9a98774de11b0af3874a6f2b69db1b58,9a98774de11b0af3874a6f2b69db1b58,انرژی,انرژی,49641108336531623,81d29112-38ae-458b-b94a-7918e860b87e,c1ac0877-152d-4b08-9c7a-05be59696e25,True,True,True,True,mahane+miandore2,
legacy:9ae2b0971dcfcf7effbe2ee13d292a7b,9ae2b0971dcfcf7effbe2ee13d292a7b,حفارس,حفارس,35424116338766901,28145ccd-d2bd-434f-b935-454d1740ec75,9bb6ec14-3065-40e7-9be4-b4378bfe1f16,True,True,True,True,mahane+miandore2,
legacy:9b49ee65d0f95a940c84528303ae18e9,9b49ee65d0f95a940c84528303ae18e9,حپارسا,حپارسا,917857106093847,eb902496-ffd5-40b3-b8ea-e6b01d9ce30a,ab69b7f7-b826-4920-af62-ac612cc95d5b,True,True,True,True,mahane+miandore2,
legacy:9b6c775a14118735ecb3d0efbf6b7a8e,9b6c775a14118735ecb3d0efbf6b7a8e,شمواد,شمواد,28251956446987982,3da407a7-55cd-41fb-b5bb-aadad01e6908,2ba68f04-4bc6-45a7-8197-eb3d80dc2b94,True,True,True,True,mahane+miandore2,
legacy:9bd78c98b11a21d9cff6e5172cad1d14,9bd78c98b11a21d9cff6e5172cad1d14,خزامیا,خزامیا,2589887561569709,a1923bf6-15cf-4d60-8dd1-bdea7f452d94,69aef990-55fb-4a41-9ead-e7d76120792a,True,True,True,True,mahane+miandore2,
legacy:9bef79cc77bbecdafa3e66106bb8253b,9bef79cc77bbecdafa3e66106bb8253b,زپارس,زپارس,33420285433308219,a1b9524f-1caf-4d8a-92a9-0939117fc678,1613fde3-023b-4f27-b40d-df1f42beb1c0,True,True,True,True,mahane+miandore2,
legacy:9ec90a47014c21843c4239f7a99a76f1,9ec90a47014c21843c4239f7a99a76f1,شخارک,,,,,True,True,False,True,mahane+miandore2,no canonical mapping
legacy:9f4709224be63e56349d1cc368e5f005,9f4709224be63e56349d1cc368e5f005,ارفع,ارفع,59266699437480384,5a23c0ca-ab0c-4ead-a093-f2e1cbfc89b7,0ccfc97d-180f-4291-a0ea-bf390c460dcc,True,True,True,True,mahane+miandore2,
legacy:9f5edea13cb3cb346e5895e3fb55faf7,9f5edea13cb3cb346e5895e3fb55faf7,حریل,حریل,5564768007356822,371b9a73-1d12-48fa-b3d2-2fb27de25d73,5d8dde29-9752-4264-a28d-cdcf9327033f,False,True,True,True,miandore2,
legacy:a09b97e4613ee9786a2d838cfdde6353,a09b97e4613ee9786a2d838cfdde6353,شکام,شکام,69446612239102459,bd759dfb-9f7e-45fe-8f91-0f59f901585a,a5ca7c70-16ed-4437-8601-f91f490c106a,True,True,True,True,mahane+miandore2,
legacy:a0a860bea50008bf8d2189168b782225,a0a860bea50008bf8d2189168b782225,آریا,آریا,55127657985997520,a36c3397-24e6-44bc-ae13-d4904769bc05,b0f39434-a5a3-4de4-8b92-d8ba0066421b,True,True,True,True,mahane+miandore2,
legacy:a207ae2effa153c9cd7977e7399b33d9,a207ae2effa153c9cd7977e7399b33d9,ستران,ستران,30829203706095076,4f4d423a-803d-4d7c-9eaa-6e663a9826a4,6b4c9281-b722-4595-9578-c1f22c7b1bf8,False,True,True,True,miandore2,
legacy:a274374c43fbb39b5ca1f9afddfea99a,a274374c43fbb39b5ca1f9afddfea99a,فاراک,فاراک,20865316761157979,e41e3018-f79e-489c-be02-733b51352eef,9c1852a2-34ba-4e0f-ae20-5b1bf25690c8,True,True,True,True,mahane+miandore2,
legacy:a2affb7dd71d9fab5ed7047d8e8f9a93,a2affb7dd71d9fab5ed7047d8e8f9a93,سپید,سپید,45519261544951819,5f495881-e8f4-460a-a502-64de22b67c20,095bcf61-5c8d-45dd-b53a-a05c979da653,False,True,True,True,miandore2,
legacy:a36b1b9ab2e49cbbd170e60080fa4676,a36b1b9ab2e49cbbd170e60080fa4676,حکشتی,حکشتی,60610861509165508,d8656698-2bfb-4961-bd8a-d0821ddc9e2d,8fde551f-25a9-431c-add6-9fb818dac8f3,False,True,True,True,miandore2,
legacy:a4c5e155e0d31a9e8e3eaf65bf32f899,a4c5e155e0d31a9e8e3eaf65bf32f899,فپنتا,فپنتا,68488673556087148,9ea705bb-16b7-4952-ba9f-1215c615858e,ece2fbca-6b85-4930-a2fc-5ce5b7d4223b,False,True,True,True,miandore2,
legacy:a6ad819831020eba3d6400887affac3f,a6ad819831020eba3d6400887affac3f,ساربیل,ساربیل,34890845654517313,9de95ae2-a790-4050-bb29-e983b5c47d55,f0383250-a0ef-4a12-8d57-0fd576aaf64b,True,True,True,True,mahane+miandore2,
legacy:a7c92003e95722cea2d38ba5306603b9,a7c92003e95722cea2d38ba5306603b9,فباهنر,فباهنر,66772024744156373,02156686-a480-45fe-a096-d0a6b6ba6c47,97918050-0940-462b-b635-a9e944a89e63,True,True,True,True,mahane+miandore2,
legacy:a7e6b6cc7c33c4988937ed9c579b01fa,a7e6b6cc7c33c4988937ed9c579b01fa,دتماد,دتماد,34641719089573667,d6063f2d-6671-4400-ab8b-296bff19bd6a,64531e8e-82a0-4cfa-87f4-eb5e8c2b65b5,False,True,True,True,miandore2,
legacy:a80a3880494d31e82b13fd0d040e0f72,a80a3880494d31e82b13fd0d040e0f72,عالیس,عالیس,34213522001938649,93152d48-33d9-437f-86bb-e6c4f91969fb,addc74a2-de49-4efb-bb6b-813d21a0bcee,True,True,True,True,mahane+miandore2,
legacy:a9e76ebf3cf2f1c17cdfa0b9442e427c,a9e76ebf3cf2f1c17cdfa0b9442e427c,فرآور,فرآور,408934423224097,4bcf99ee-09a9-426a-b42c-62ec274e2dfa,7811b166-1cda-4ed1-9d4a-0baafdc55b72,False,True,True,True,miandore2,
legacy:ad2a49a7dc0223ba81462651415c6507,ad2a49a7dc0223ba81462651415c6507,فنورد,فنورد,56324206651661881,baa1693d-7de4-4140-9319-aa6fc0186ab1,08fe3e28-c91d-4b86-b469-82add0552056,False,True,True,True,miandore2,
legacy:add4a2f41440b06319f3e7d8d553f2e4,add4a2f41440b06319f3e7d8d553f2e4,فاذر,فاذر,38547060135156069,1c4e4dc1-e889-4d37-ba14-d369d5d6c79b,5e31efb8-20da-4736-8bb7-50c500d4b461,False,True,True,True,miandore2,
legacy:adf177e179510f1d911eeb2ff2905d2c,adf177e179510f1d911eeb2ff2905d2c,فسرب,فسرب,54277068923045214,3a998068-900b-46c8-af81-e6be406ed372,8811217b-8b53-44d3-9d97-b2fedbcafe58,True,True,True,True,mahane+miandore2,
legacy:ae5db37d89e694987912ff20ca952bcd,ae5db37d89e694987912ff20ca952bcd,مادیرا,مادیرا,15917865009187760,fa66cac3-823f-4a5a-aff0-1dc0a5b3d0ac,20dc84d0-984a-431a-9d67-3ea9b36f2098,False,True,True,True,miandore2,
legacy:b1cd84e33ebd60a436db5a07c0afd700,b1cd84e33ebd60a436db5a07c0afd700,شسپا,شسپا,49188729526980541,e08aee3b-8ace-4bf6-be09-4c6bb0f0bdd7,57dde708-3047-4d7f-8d25-c24cf591c737,True,True,True,True,mahane+miandore2,
legacy:b3cd7f653dc0d5fd0e3a6dca3ddedf1b,b3cd7f653dc0d5fd0e3a6dca3ddedf1b,دابور,دابور,61332057061846617,36322f31-3d71-41d1-b20d-b3806b68379b,76a5cc5e-e848-42c0-b0cd-b6581d18452c,True,True,True,True,mahane+miandore2,
legacy:b4d2079975271890006b2f38412d761d,b4d2079975271890006b2f38412d761d,چکارن,چکارن,53113471126689455,cafe7161-5b50-4b8b-9784-126793f3396e,189819db-090e-402f-9250-a8b063adfb0c,True,True,True,True,mahane+miandore2,
legacy:b694bdef08321e4aa9a9324af55183a3,b694bdef08321e4aa9a9324af55183a3,دسینا,دسینا,11432067920374603,bc8b177b-acb6-4e2e-9af9-aab8da6dcd37,b82504ec-d9cc-46af-9d22-8250cdda340f,True,True,True,True,mahane+miandore2,
legacy:b752d7f753da4d90eb35269ac20f29b9,b752d7f753da4d90eb35269ac20f29b9,کبافق,کبافق,43256212620530446,028edfcd-2092-44ad-8f14-d0209f99435d,e49beb7b-2f60-4cee-9f00-8f0c1a653d35,False,True,True,True,miandore2,
legacy:b88121029d7e973410b008320f8fe378,b88121029d7e973410b008320f8fe378,قاسم,قاسم,34540569618314880,b2f13de3-6556-4820-8adb-21dee0af731e,d86fbede-6467-4c7b-a119-f87b0fb729d3,True,True,True,True,mahane+miandore2,
legacy:b992f8cd4c1b548e42482525505c9ea7,b992f8cd4c1b548e42482525505c9ea7,سباقر,سباقر,61310599391543522,afe098e0-23f0-4621-8de1-c63940975d5f,05ca4de1-b796-421c-aa55-c3ad0bbb8604,True,True,True,True,mahane+miandore2,
legacy:ba1603db6572b46274d398e9882a95ea,ba1603db6572b46274d398e9882a95ea,دزاگرس,دزاگرس,43450146028916610,1ed481b9-1d15-4bd0-b7a4-f0c6b08bd026,a4ebda82-e19d-41a4-96c4-23a88913a952,True,True,True,True,mahane+miandore2,
legacy:bb3afe19f992a47dab8ed0efba9f15db,bb3afe19f992a47dab8ed0efba9f15db,دسبحان,دسبحان,5866848234665627,c0958ef2-91b2-4b78-86ba-4b9a8e59a9c0,e7330ee9-f917-405a-b80a-95e188cebc60,False,True,True,True,miandore2,
legacy:bbb81179fce8ad6deb0c746c9ed1d951,bbb81179fce8ad6deb0c746c9ed1d951,خنصیر,خنصیر,17834623106317041,df3e0915-7242-485c-aa90-4426dc693b34,8efe3455-c66d-4e88-8dc1-ce991c003897,True,True,True,True,mahane+miandore2,
legacy:bbcfae1712205951bfbb99d634742ad8,bbcfae1712205951bfbb99d634742ad8,غکورش,غکورش,62404730109947970,0bba31f6-1723-4fd0-90c1-462dc0e5857a,64a863d6-fb2c-4d8f-857a-46f18431b2b8,True,True,True,True,mahane+miandore2,
legacy:bcd063af0a3b800fe8afeecd6fe37b47,bcd063af0a3b800fe8afeecd6fe37b47,زفجر,زفجر,36844527173896115,55455cb0-03da-4a83-9ca8-7786101b1d5d,62d50116-9405-4cc7-9b81-447a1f680351,False,True,True,True,miandore2,
legacy:bd0ee973f3ff87b60181493e77d55264,bd0ee973f3ff87b60181493e77d55264,دسبحا,دسبحا,43622578471330344,1020e97a-e0d7-4015-bd8f-d3de9c6c82ab,75eec36b-52ce-45ee-8f42-4b31e01967ea,False,True,True,True,miandore2,
legacy:bda1926ec65a0bac619855e021b6b61c,bda1926ec65a0bac619855e021b6b61c,شگویا,شگویا,5987841496184505,649a8391-b7c6-4758-a01b-64b72bd72a8a,ef0b352a-a35b-4ca9-826a-a1fb51a84811,True,True,True,True,mahane+miandore2,
legacy:bde997b478a960687f241894a21e4fdb,bde997b478a960687f241894a21e4fdb,فملی,فملی,35425587644337450,7f80bee8-503d-46cc-9c8a-d410ee29972f,c4fa23d0-2b03-4709-afb9-ed44faee4f29,True,True,True,True,mahane+miandore2,
legacy:be2e68f612059a7c256315b91e2aba36,be2e68f612059a7c256315b91e2aba36,کیمیا,کیمیا,14427168056799610,bfbfe8f3-54dd-4146-a664-af82e2f16919,76bb0594-6d88-4110-958c-ccc640785c46,True,True,True,True,mahane+miandore2,
legacy:bf951d5a241fb38b5504e5206704d0d8,bf951d5a241fb38b5504e5206704d0d8,شاوان,شاوان,60247433951600827,7e1aa5aa-1248-4baa-9ffb-8e5ad41cacaf,c0283a7d-630c-495c-8469-60bfbe5e306e,True,True,True,True,mahane+miandore2,
legacy:c219bd90953f64ecb6ff2dbf5f96ee33,c219bd90953f64ecb6ff2dbf5f96ee33,شمس,شمس,59522975635235187,bcc5d497-022f-47fc-89e1-50287cdcec3b,7b7dad7c-6bf0-4728-968d-4bba3491c430,True,True,True,True,mahane+miandore2,
legacy:c2ef7e2898d4f65377c112a6be867fd4,c2ef7e2898d4f65377c112a6be867fd4,قثابت,قثابت,44967158778304588,84a95aa7-e76c-4fde-8d1d-bb5d87c09b92,d6f32975-ba9e-4b96-b155-98dbef8e92cf,True,True,True,True,mahane+miandore2,
legacy:c373c2297b48b0838e26f18bf2419ddb,c373c2297b48b0838e26f18bf2419ddb,کرماشا,کرماشا,38437201078089290,89bfa0d8-db72-4298-b7cb-166c0304b58d,abb69aa7-b4b4-4593-ad1e-650187e0383b,True,True,True,True,mahane+miandore2,
legacy:c45bd2f33db1b2f949e77b9db3b4ec72,c45bd2f33db1b2f949e77b9db3b4ec72,کطبس,کطبس,8977369674477111,e1d45a76-21c9-4594-b5ef-b52788a1e18b,705072c0-3d3e-4773-8284-9d2319ce62d8,True,True,True,True,mahane+miandore2,
legacy:c5978431f5fc7f58270049f2352c5a00,c5978431f5fc7f58270049f2352c5a00,پاسا,پاسا,63580313877463104,395bc39f-e369-4ed7-9354-148fdfd2bffc,59371bcb-ab76-440b-ac2a-6873095f25ee,True,True,True,True,mahane+miandore2,
legacy:c5e041913a67a3bdb2f7bfe5bba20bd8,c5e041913a67a3bdb2f7bfe5bba20bd8,دفارا,دفارا,56550776668133562,5c4cd3bd-352a-4c1b-a287-fba07aeda438,3cfbdc81-c62f-4d3e-a01f-1245d7cb0c9d,False,True,True,True,miandore2,
legacy:c629b0270c5a5e7f60f68d0cb34f55df,c629b0270c5a5e7f60f68d0cb34f55df,غمینو,غمینو,5516102131364383,9ff6a23c-5ade-4c8a-a72e-ab0449b274c1,9fd1281f-cbf1-46ef-85b4-8f4f07fc2516,True,True,True,True,mahane+miandore2,
legacy:c72d6744160ed4ab4dd2ea41ac2b3c63,c72d6744160ed4ab4dd2ea41ac2b3c63,ذوب,ذوب,71483646978964608,d80221bc-60fd-4ba4-b96c-7af5aebcf0b5,6b4680ff-da36-4cd9-ad45-e7142dc04896,True,True,True,True,mahane+miandore2,
legacy:c830a9da03fc01d31766b115fa297d6c,c830a9da03fc01d31766b115fa297d6c,حتاید,حتاید,3722699128879020,10050644-6c19-4b0c-a3be-627c38f06db3,9b6180f9-51d7-4c1e-9007-6a317c3eb1d6,True,True,True,True,mahane+miandore2,
legacy:c948737bdfc349d67b85aee1855d53b9,c948737bdfc349d67b85aee1855d53b9,زقیام,زقیام,71290297158948749,b41e133e-5fc5-455e-bf42-68f4ce26b480,eb16de3b-490c-4525-bf89-2bba5d03e55d,True,True,True,True,mahane+miandore2,
legacy:ca5267d5258e0569e8890f5e68c841e1,ca5267d5258e0569e8890f5e68c841e1,غگل,غگل,22299894048845903,4ab116c4-0627-450e-af57-1dc61acef8f3,acf3b72c-e4df-4587-92ca-0ecafe5795a3,True,True,True,True,mahane+miandore2,
legacy:caeb12747085d21bf8331e09cbac141e,caeb12747085d21bf8331e09cbac141e,سرود,سرود,11964419322927535,390a7edf-ac22-43e7-b261-25e686bbf9dd,1a203ebf-9039-4bbc-994f-23ba4af0dcce,True,True,True,True,mahane+miandore2,
legacy:cb507b89faf6ddf31e16ba5ea8f669d0,cb507b89faf6ddf31e16ba5ea8f669d0,اروند,اروند,58356374066358100,9d9afe25-0b61-4225-8623-56756a8a5cb1,36b9748a-bd09-4bd7-9882-8889cf6b27da,True,True,True,True,mahane+miandore2,
legacy:cca4110448d6de510f0d72a5270ddc77,cca4110448d6de510f0d72a5270ddc77,رانیز,رانیز,13386281759834677,4dd789ea-94b5-4066-b6ca-edf6775e1e72,9d67fcd2-d032-4194-93e8-e07feaa157b0,False,True,True,True,miandore2,
legacy:d01ad6f1e6afd1225f55ef45468e0c84,d01ad6f1e6afd1225f55ef45468e0c84,دارو,دارو,67988012428906654,45761726-5a5b-48ab-ae64-d8cad1de4bb3,1eedec71-0c4e-41bd-89f4-3478bdd68027,True,True,True,True,mahane+miandore2,
legacy:d07ff5df6784e3a6d9d9eabdb65794ba,d07ff5df6784e3a6d9d9eabdb65794ba,فولاد,فولاد,46348559193224090,b2a1f6fa-d81c-4c8d-bd72-c1cf411e5997,130db0d9-64b4-4772-96de-662e39decee6,True,True,True,True,mahane+miandore2,
legacy:d108002c1966bd34137074461c1193bc,d108002c1966bd34137074461c1193bc,دبالک,دبالک,71510396252618330,179aaa17-da7e-42d4-8726-04042db9ab21,b51106e3-39f9-4b6e-89b7-a57dbaab4d09,True,True,True,True,mahane+miandore2,
legacy:d36c687f0cd3a20f5e0c5c1ae507ae3f,d36c687f0cd3a20f5e0c5c1ae507ae3f,غشوکو,غشوکو,51294484197536070,f987c8a0-eef2-4fb0-b3b5-dcb976b6eb48,d11a9b42-ff81-45c0-b4f1-30efbcc2b755,True,True,True,True,mahane+miandore2,
legacy:d481c7823a747032cbe08b189a6f03c0,d481c7823a747032cbe08b189a6f03c0,زاگرس,زاگرس,13235547361447092,1fc6970b-c1ec-4b4d-bb3b-8dce55332e18,1fed6693-ed0b-4831-ad1a-53bcbde577eb,True,True,True,True,mahane+miandore2,
legacy:d4ba95c595b08e7a8441a997f29f4427,d4ba95c595b08e7a8441a997f29f4427,دکپسول,دکپسول,52382684379473036,e6917a5f-8afe-4c97-b763-3196a4defc99,4243d41d-90ad-4f1a-921a-d792ac935890,True,True,True,True,mahane+miandore2,
legacy:d591b0ffa863888077d0146ba8cd4e66,d591b0ffa863888077d0146ba8cd4e66,غمهرا,غمهرا,6131290133202745,5bb860e7-5c2d-4961-bc09-0c9189870011,62375177-76ff-45a5-8bb7-7cb84947f8c4,True,True,True,True,mahane+miandore2,
legacy:d5d20f20215dafb1d4d773897c34e2b5,d5d20f20215dafb1d4d773897c34e2b5,شدوص,شدوص,40611478183231802,8cfe75c0-68c8-4b7b-ad05-a73c168cbffd,e453dfc7-6e64-4b73-8c33-d82aa9c72cf9,True,True,True,True,mahane+miandore2,
legacy:d9386a2d4a04ecbff28884606d66eda3,d9386a2d4a04ecbff28884606d66eda3,بشهاب,بشهاب,69454539056549106,8c7c69d3-10db-49a6-b4a1-fec3009d2332,f9d454e6-2c37-428d-8973-2ecfef4f9975,True,True,True,True,mahane+miandore2,
legacy:d94c1c91ade00de4b90a351ebd762517,d94c1c91ade00de4b90a351ebd762517,غاذر,غاذر,35158826900216508,b9fb9258-4b25-4cd2-b2c0-8dc9ed5e384b,7483caac-9173-4bf0-afc0-8d68b22b75b1,True,True,True,True,mahane+miandore2,
legacy:db1cb723021652b16b2b07e88b595bb0,db1cb723021652b16b2b07e88b595bb0,دالبر,دالبر,60451823714332895,056508cf-1280-47bc-a9ca-80a03a1e944e,4b7a3124-bd1d-4884-8a81-eab3efae9bb5,False,True,True,True,miandore2,
legacy:dd5d864e79f2bd6bd432e4b67295eda0,dd5d864e79f2bd6bd432e4b67295eda0,غبشهر,غبشهر,42387718866026650,c207a726-ee4b-4a30-ae04-94cbe649f95c,81d5fca9-1ceb-4dce-972d-8eaa7fae92bc,True,True,True,True,mahane+miandore2,
legacy:de970c1c2991b9b3e1e5b18f4f361700,de970c1c2991b9b3e1e5b18f4f361700,دروز,دروز,40262275031537922,b2f2277b-1f16-4a42-a783-587d3b527ec0,4a707e8b-8ad3-4881-9bd0-54ba3c6c84f6,False,True,True,True,miandore2,
legacy:dec2e66cbc6ff178a8ee0240a9fc017e,dec2e66cbc6ff178a8ee0240a9fc017e,کپشیر,کپشیر,57639364758870873,79c598a6-429c-4e12-94e6-c5b9b51e9cee,675a092c-656c-4f9a-b917-c460ff7bf910,True,True,True,True,mahane+miandore2,
legacy:dfe07aa2c9a5a27265431f60ae868b8c,dfe07aa2c9a5a27265431f60ae868b8c,فسپا,فسپا,8977441217024425,c61f3bb2-42a4-4d11-9ceb-5dccf15d7d77,80af8d71-595f-4748-85ee-03b8c880f19a,True,True,True,True,mahane+miandore2,
legacy:e2d1f5c5d5e4d6849d80511b5f035099,e2d1f5c5d5e4d6849d80511b5f035099,وبصادر,وبصادر,28320293733348826,1375886c-1775-4b7a-ab3b-a05ec3479627,f65c4240-693b-4349-a0ce-58f5ef5ac716,False,True,True,True,miandore2,
legacy:e4f51cddab83abe24e70280c9f7240b3,e4f51cddab83abe24e70280c9f7240b3,قلرست,قلرست,56820995669577571,f2c66074-5126-4941-a208-a62caa285c36,c7a1218f-1ece-4782-9aa6-3349d05fdbc8,True,True,True,True,mahane+miandore2,
legacy:e60b29bf5ce7f167ddc4039487210d2f,e60b29bf5ce7f167ddc4039487210d2f,سشرق,سشرق,26997316501080743,30c259a0-53f0-4282-95c6-21f4a7658099,c9166e5e-bcee-4141-808e-79d9bc0ab374,True,True,True,True,mahane+miandore2,
legacy:e62877018de8682af3ad516f752ad9bb,e62877018de8682af3ad516f752ad9bb,غدام,غدام,2254054929817435,184175cc-bfd5-4856-8f6a-894bae35fef7,e8b2694b-f15c-45fb-899c-ea380d333b81,True,False,True,True,mahane,
legacy:e6f5fb278dab95af4b0dede9cbdd4f34,e6f5fb278dab95af4b0dede9cbdd4f34,کحافظ,کحافظ,32257753560585502,15b866bf-8c4f-45f4-90b3-dbc154615cbe,848032e3-b81e-44ca-869a-b10a994c3f13,True,True,True,True,mahane+miandore2,
legacy:e863456493cc72d8dc255c72551f3c26,e863456493cc72d8dc255c72551f3c26,خصدرا,خصدرا,2318736941376687,e5818763-8e23-412e-a935-b2b8c350f8ae,ae943193-3889-48b4-8366-0e0d5e80b6ca,False,True,True,True,miandore2,
legacy:eb385d3905217941c6bb9e2caf44b537,eb385d3905217941c6bb9e2caf44b537,فسبزوار,فسبزوار,37284308569715577,19d039eb-a0dc-4908-ae15-0c0d8623df85,379688e9-8f54-4cd6-a424-49235acd8604,False,True,True,True,miandore2,
legacy:ebcee98ad7dedd38d7be45b541349ffa,ebcee98ad7dedd38d7be45b541349ffa,وتوشه,وتوشه,54676885047867737,9ffc6a6a-3337-48f3-84a7-5d56050b298f,3905f771-9db6-4ab1-9491-5a0090589803,False,True,True,True,miandore2,
legacy:eccaf93842ab5f9e3d79fae98027bde1,eccaf93842ab5f9e3d79fae98027bde1,پسهند,پسهند,10120557300120078,f7aadfae-4289-4049-ae62-fa60e55cadfd,2e927b82-13d5-44c6-82dd-eae115b69c37,True,True,True,True,mahane+miandore2,
legacy:efb86e9938a9c7351b51280587d898dc,efb86e9938a9c7351b51280587d898dc,رانفور,رانفور,40505767672724777,fa1ec7fd-8b16-4d87-ab0e-b5894b2a2914,eb691a62-d3a1-4456-b44e-d848fb29f11f,True,True,True,True,mahane+miandore2,
legacy:efbd08e291c09108c086ad170e7026ef,efbd08e291c09108c086ad170e7026ef,کگل,کگل,35700344742885862,c81865ec-fec8-4aa2-ab06-775d56dfb937,88aa5588-a625-4220-ba62-6d7c19c55190,True,True,True,True,mahane+miandore2,
legacy:f014eb1a1c5399dfedbc5d53791ad9ac,f014eb1a1c5399dfedbc5d53791ad9ac,شپدیس,شپدیس,20562694899904339,c085edd6-8ca4-413a-81db-600e5b32db7f,943c6e2f-fbd5-4728-ab1e-c67eee91ee9c,True,True,True,True,mahane+miandore2,
legacy:f08b706dfe1ab6bc864806ce40729675,f08b706dfe1ab6bc864806ce40729675,زهلال,زهلال,48636523343139021,7c967637-53cb-426b-a615-10b2c4bc202e,7aba7465-c29b-4fe0-8fb5-cd0aedd83aff,False,True,True,True,miandore2,
legacy:f165f6d8af88d6563894b42f26df2b45,f165f6d8af88d6563894b42f26df2b45,حسینا,حسینا,1625149423498289,7fffdde8-3048-4c8c-b59f-3829436cb25b,96f2eba3-0da6-4655-8f84-7327b2298913,True,True,True,True,mahane+miandore2,
legacy:f204dcb930e5f3c8891436b434ca7ef8,f204dcb930e5f3c8891436b434ca7ef8,شغدیر,شغدیر,21772258644715569,4fc440bf-7dbc-4c28-a1be-a45cd1ba0652,cf435885-0a3e-456e-a8fd-04cee8db1dda,True,True,True,True,mahane+miandore2,
legacy:f26e919a7e723cb5fb35be3a34b11035,f26e919a7e723cb5fb35be3a34b11035,کمنگنز,کمنگنز,50341528161302545,18ae240b-8655-405f-9a37-307d7e6a213a,c543e8b8-55ed-449d-a911-1703386e7021,True,True,True,True,mahane+miandore2,
legacy:f29a3223edeee237a7b7664f7bb172ff,f29a3223edeee237a7b7664f7bb172ff,وبملت,وبملت,778253364357513,4d40f206-2b3d-4349-98c7-e3999baa46e0,4977fb0e-0491-41c7-bfad-1cc5030225a7,False,True,True,True,miandore2,
legacy:f785e696c04d1a51b6e88f62deefacb3,f785e696c04d1a51b6e88f62deefacb3,فایرا,فایرا,65004959184388996,32f8a06d-02b7-4ac8-88bf-4c5e2adcaa8e,bb3eb1b2-f74b-4107-9218-df179e9a8ae3,True,True,True,True,mahane+miandore2,
legacy:f8449f411289fa0775dc1618a83c922b,f8449f411289fa0775dc1618a83c922b,اسیاتک,اسیاتک,14079693677610396,bf2ee8a4-c121-42a7-aa4a-da75001a6a05,51c42f72-454a-4293-83ff-86bb117a0bd8,True,True,True,True,mahane+miandore2,
legacy:f8dfbe7ae5669ddbcb0fa22d6d3e7a5c,f8dfbe7ae5669ddbcb0fa22d6d3e7a5c,ثبهساز,ثبهساز,14744445176220774,ad6c42d2-20f7-4382-b789-835efac4b98d,8e659107-b59b-4179-ab4a-646c3944b317,False,True,True,True,miandore2,
legacy:fa2e3267b28da291dc990ba6910786d0,fa2e3267b28da291dc990ba6910786d0,جم پیلن,جم پیلن3,67611694215241852,a7c91010-34f4-416f-aad1-69d0560fb93f,4923e112-fdae-46a5-908f-6654945414c1,True,True,True,True,mahane+miandore2,
legacy:fa35570c95ed00ea371c6fca0da91641,fa35570c95ed00ea371c6fca0da91641,برکت,برکت,34557241988629814,795ba3fd-e5af-4df2-be30-c8fab8a343f0,4ad4db62-f336-4c9f-a752-ae955d5e8482,False,True,True,True,miandore2,
legacy:fb2ff05e8a5b71f6d43905f74f59cec6,fb2ff05e8a5b71f6d43905f74f59cec6,خدیزل,خدیزل,38084304113529336,b478e266-a8d0-49b5-be92-60d4fd9e796f,83fc5717-6f88-40ef-be30-6fff844bb5af,False,True,True,True,miandore2,
legacy:fd32ba6ce155b8809f2066377e9eeccc,fd32ba6ce155b8809f2066377e9eeccc,دقاضی,دقاضی,46801030346547943,ee0218dc-af71-478d-a572-b65b7cb82a8b,93e9bf35-7bd5-4664-ae19-024014037005,True,True,True,True,mahane+miandore2,
legacy:fe84a7e68ba30f83fd0f09d141ee51dd,fe84a7e68ba30f83fd0f09d141ee51dd,تکمبا,تکمبا,30719054967088301,05ecd46d-8a0d-4645-bc21-f8fb1c406778,1f6a3ed2-2fae-45bc-a711-c95503473e89,False,True,True,True,miandore2,
legacy:ff114137fa42e84bc683b7b9b4aecee9,ff114137fa42e84bc683b7b9b4aecee9,کخاک,کخاک,16405556680571453,d6e3cf9a-42c7-4daa-af08-ff4c8e19447e,b1dbd4d6-80fe-4fbe-99a2-60d7a1237915,True,True,True,True,mahane+miandore2,
legacy:ff4c38ddc4d5a2b3d58437c8708fa6cb,ff4c38ddc4d5a2b3d58437c8708fa6cb,بپیوند,بپیوند,64619251116188373,fa4a26cd-ef5b-45dd-ae1e-6e429fcf57f2,28247670-478e-45a2-a613-bb51f7262e1e,True,True,True,True,mahane+miandore2,
