score_quintile,coverage_stratum,mean_ret_21,n_periods
1,high,0.011415602374383767,32
1,low,0.018802600229787067,62
1,medium,0.006673108716234518,38
2,high,0.06293538809324316,19
2,low,0.026018915550021983,62
2,medium,0.023325650955553345,20
3,high,0.018430926263828654,29
3,low,0.033300108455611266,62
3,medium,0.03292875687573163,36
4,high,0.04334778918717238,34
4,low,0.03546630451413057,62
4,medium,0.04743411475212913,20
5,high,0.04291414574877073,62
5,low,0.0452905778095863,61
5,medium,0.0022879021267294387,26
