security_id,trade_date,n_obs,n_distinct_close,n_distinct_trade_value,n_distinct_adjustment_version,pit_ambiguous
4923e112-fdae-46a5-908f-6654945414c1,2026-08-23,3,2,3,1,True
19d81d12-7302-4ec5-8469-6ae5389c5236,2026-06-10,2,2,0,1,True
19d81d12-7302-4ec5-8469-6ae5389c5236,2026-06-13,2,2,0,1,True
19d81d12-7302-4ec5-8469-6ae5389c5236,2026-06-14,2,2,0,1,True
19d81d12-7302-4ec5-8469-6ae5389c5236,2026-06-15,2,2,0,1,True
19d81d12-7302-4ec5-8469-6ae5389c5236,2026-06-16,2,2,0,1,True
19d81d12-7302-4ec5-8469-6ae5389c5236,2026-06-17,2,2,0,1,True
19d81d12-7302-4ec5-8469-6ae5389c5236,2026-06-20,2,2,0,1,True
19d81d12-7302-4ec5-8469-6ae5389c5236,2026-06-23,2,2,0,1,True
19d81d12-7302-4ec5-8469-6ae5389c5236,2026-06-27,2,2,0,1,True
19d81d12-7302-4ec5-8469-6ae5389c5236,2026-06-28,2,2,0,1,True
19d81d12-7302-4ec5-8469-6ae5389c5236,2026-06-29,2,2,0,1,True
19d81d12-7302-4ec5-8469-6ae5389c5236,2026-07-01,2,2,0,1,True
19d81d12-7302-4ec5-8469-6ae5389c5236,2026-07-07,2,2,0,1,True
19d81d12-7302-4ec5-8469-6ae5389c5236,2026-07-08,2,2,0,1,True
19d81d12-7302-4ec5-8469-6ae5389c5236,2026-07-11,2,2,0,1,True
19d81d12-7302-4ec5-8469-6ae5389c5236,2026-07-12,2,2,0,1,True
19d81d12-7302-4ec5-8469-6ae5389c5236,2026-07-13,2,2,0,1,True
19d81d12-7302-4ec5-8469-6ae5389c5236,2026-07-18,2,2,0,1,True
19d81d12-7302-4ec5-8469-6ae5389c5236,2026-07-19,2,1,0,1,True
19d81d12-7302-4ec5-8469-6ae5389c5236,2026-07-20,2,2,0,1,True
19d81d12-7302-4ec5-8469-6ae5389c5236,2026-07-25,2,1,0,1,True
19d81d12-7302-4ec5-8469-6ae5389c5236,2026-07-26,2,1,0,1,True
19d81d12-7302-4ec5-8469-6ae5389c5236,2026-07-27,2,1,0,1,True
19d81d12-7302-4ec5-8469-6ae5389c5236,2026-07-28,2,1,0,1,True
19d81d12-7302-4ec5-8469-6ae5389c5236,2026-07-29,2,2,0,1,True
19d81d12-7302-4ec5-8469-6ae5389c5236,2026-07-30,2,1,2,1,True
19d81d12-7302-4ec5-8469-6ae5389c5236,2026-08-01,2,1,2,1,True
19d81d12-7302-4ec5-8469-6ae5389c5236,2026-08-02,2,1,2,1,True
19d81d12-7302-4ec5-8469-6ae5389c5236,2026-08-03,2,1,2,1,True
19d81d12-7302-4ec5-8469-6ae5389c5236,2026-08-09,2,2,2,1,True
19d81d12-7302-4ec5-8469-6ae5389c5236,2026-08-10,2,1,2,1,True
19d81d12-7302-4ec5-8469-6ae5389c5236,2026-08-11,2,1,2,1,True
19d81d12-7302-4ec5-8469-6ae5389c5236,2026-08-15,2,1,2,1,True
19d81d12-7302-4ec5-8469-6ae5389c5236,2026-08-16,2,1,2,1,True
19d81d12-7302-4ec5-8469-6ae5389c5236,2026-08-17,2,1,2,1,True
19d81d12-7302-4ec5-8469-6ae5389c5236,2026-08-18,2,1,2,1,True
19d81d12-7302-4ec5-8469-6ae5389c5236,2026-08-19,2,1,2,1,True
19d81d12-7302-4ec5-8469-6ae5389c5236,2026-08-22,2,1,2,1,True
19d81d12-7302-4ec5-8469-6ae5389c5236,2026-08-23,2,1,2,1,True
19d81d12-7302-4ec5-8469-6ae5389c5236,2026-08-26,2,1,2,1,True
19d81d12-7302-4ec5-8469-6ae5389c5236,2026-08-29,2,1,2,1,True
19d81d12-7302-4ec5-8469-6ae5389c5236,2026-09-06,2,1,2,1,True
19d81d12-7302-4ec5-8469-6ae5389c5236,2026-09-07,2,1,2,1,True
19d81d12-7302-4ec5-8469-6ae5389c5236,2026-09-08,2,1,2,1,True
19d81d12-7302-4ec5-8469-6ae5389c5236,2026-09-09,2,1,2,1,True
19d81d12-7302-4ec5-8469-6ae5389c5236,2026-09-12,2,1,2,1,True
19d81d12-7302-4ec5-8469-6ae5389c5236,2026-09-13,2,1,2,1,True
19d81d12-7302-4ec5-8469-6ae5389c5236,2026-09-14,2,1,2,1,True
19d81d12-7302-4ec5-8469-6ae5389c5236,2026-09-15,2,1,2,1,True
19d81d12-7302-4ec5-8469-6ae5389c5236,2026-09-16,2,1,2,1,True
19d81d12-7302-4ec5-8469-6ae5389c5236,2026-09-19,2,1,2,1,True
19d81d12-7302-4ec5-8469-6ae5389c5236,2026-09-22,2,1,2,1,True
19d81d12-7302-4ec5-8469-6ae5389c5236,2026-09-24,2,1,2,1,True
4923e112-fdae-46a5-908f-6654945414c1,2026-06-22,2,2,0,1,True
4923e112-fdae-46a5-908f-6654945414c1,2026-06-28,2,2,0,1,True
4923e112-fdae-46a5-908f-6654945414c1,2026-07-08,2,2,0,1,True
4923e112-fdae-46a5-908f-6654945414c1,2026-07-13,2,2,0,1,True
4923e112-fdae-46a5-908f-6654945414c1,2026-07-14,2,2,0,1,True
4923e112-fdae-46a5-908f-6654945414c1,2026-07-19,2,2,0,1,True
4923e112-fdae-46a5-908f-6654945414c1,2026-07-25,2,2,0,1,True
4923e112-fdae-46a5-908f-6654945414c1,2026-07-28,2,1,0,1,True
4923e112-fdae-46a5-908f-6654945414c1,2026-07-30,2,2,2,1,True
4923e112-fdae-46a5-908f-6654945414c1,2026-08-02,2,2,2,1,True
4923e112-fdae-46a5-908f-6654945414c1,2026-08-03,2,1,2,1,True
4923e112-fdae-46a5-908f-6654945414c1,2026-08-09,2,2,2,1,True
4923e112-fdae-46a5-908f-6654945414c1,2026-08-10,2,2,2,1,True
4923e112-fdae-46a5-908f-6654945414c1,2026-08-11,2,2,2,1,True
4923e112-fdae-46a5-908f-6654945414c1,2026-08-15,2,1,2,1,True
4923e112-fdae-46a5-908f-6654945414c1,2026-08-16,2,2,2,1,True
4923e112-fdae-46a5-908f-6654945414c1,2026-08-17,2,2,2,1,True
4923e112-fdae-46a5-908f-6654945414c1,2026-08-18,2,1,2,1,True
4923e112-fdae-46a5-908f-6654945414c1,2026-08-19,2,1,2,1,True
4923e112-fdae-46a5-908f-6654945414c1,2026-08-22,2,1,2,1,True
4923e112-fdae-46a5-908f-6654945414c1,2026-08-29,2,1,2,1,True
4923e112-fdae-46a5-908f-6654945414c1,2026-08-31,2,2,2,1,True
4923e112-fdae-46a5-908f-6654945414c1,2026-09-01,2,1,2,1,True
4923e112-fdae-46a5-908f-6654945414c1,2026-09-02,2,2,2,1,True
4923e112-fdae-46a5-908f-6654945414c1,2026-09-05,2,2,2,1,True
4923e112-fdae-46a5-908f-6654945414c1,2026-09-06,2,1,2,1,True
4923e112-fdae-46a5-908f-6654945414c1,2026-09-07,2,2,2,1,True
4923e112-fdae-46a5-908f-6654945414c1,2026-09-08,2,1,2,1,True
4923e112-fdae-46a5-908f-6654945414c1,2026-09-09,2,2,2,1,True
4923e112-fdae-46a5-908f-6654945414c1,2026-09-12,2,2,2,1,True
4923e112-fdae-46a5-908f-6654945414c1,2026-09-13,2,1,2,1,True
4923e112-fdae-46a5-908f-6654945414c1,2026-09-14,2,1,2,1,True
4923e112-fdae-46a5-908f-6654945414c1,2026-09-15,2,2,2,1,True
4923e112-fdae-46a5-908f-6654945414c1,2026-09-16,2,1,2,1,True
4923e112-fdae-46a5-908f-6654945414c1,2026-09-19,2,1,2,1,True
4923e112-fdae-46a5-908f-6654945414c1,2026-09-22,2,2,2,1,True
4923e112-fdae-46a5-908f-6654945414c1,2026-09-24,2,2,2,1,True
94c2c90d-a37c-4548-a190-ed2649cd02e1,2026-06-06,2,2,0,1,True
94c2c90d-a37c-4548-a190-ed2649cd02e1,2026-06-08,2,2,0,1,True
94c2c90d-a37c-4548-a190-ed2649cd02e1,2026-06-20,2,2,0,1,True
94c2c90d-a37c-4548-a190-ed2649cd02e1,2026-06-23,2,2,0,1,True
94c2c90d-a37c-4548-a190-ed2649cd02e1,2026-06-27,2,2,0,1,True
94c2c90d-a37c-4548-a190-ed2649cd02e1,2026-06-28,2,2,0,1,True
94c2c90d-a37c-4548-a190-ed2649cd02e1,2026-06-29,2,2,0,1,True
94c2c90d-a37c-4548-a190-ed2649cd02e1,2026-06-30,2,2,0,1,True
94c2c90d-a37c-4548-a190-ed2649cd02e1,2026-07-19,2,2,0,1,True
94c2c90d-a37c-4548-a190-ed2649cd02e1,2026-07-27,2,2,0,1,True
94c2c90d-a37c-4548-a190-ed2649cd02e1,2026-07-30,2,2,2,1,True
94c2c90d-a37c-4548-a190-ed2649cd02e1,2026-08-01,2,2,2,1,True
94c2c90d-a37c-4548-a190-ed2649cd02e1,2026-08-02,2,1,2,1,True
94c2c90d-a37c-4548-a190-ed2649cd02e1,2026-08-03,2,2,2,1,True
94c2c90d-a37c-4548-a190-ed2649cd02e1,2026-08-05,2,1,2,1,True
94c2c90d-a37c-4548-a190-ed2649cd02e1,2026-08-09,2,2,2,1,True
94c2c90d-a37c-4548-a190-ed2649cd02e1,2026-08-10,2,1,2,1,True
94c2c90d-a37c-4548-a190-ed2649cd02e1,2026-08-11,2,1,2,1,True
94c2c90d-a37c-4548-a190-ed2649cd02e1,2026-08-15,2,1,2,1,True
94c2c90d-a37c-4548-a190-ed2649cd02e1,2026-08-16,2,2,2,1,True
94c2c90d-a37c-4548-a190-ed2649cd02e1,2026-08-17,2,1,2,1,True
94c2c90d-a37c-4548-a190-ed2649cd02e1,2026-08-18,2,1,2,1,True
94c2c90d-a37c-4548-a190-ed2649cd02e1,2026-08-19,2,1,2,1,True
94c2c90d-a37c-4548-a190-ed2649cd02e1,2026-08-29,2,1,2,1,True
94c2c90d-a37c-4548-a190-ed2649cd02e1,2026-09-01,2,1,2,1,True
94c2c90d-a37c-4548-a190-ed2649cd02e1,2026-09-02,2,1,2,1,True
94c2c90d-a37c-4548-a190-ed2649cd02e1,2026-09-05,2,2,2,1,True
94c2c90d-a37c-4548-a190-ed2649cd02e1,2026-09-09,2,1,2,1,True
94c2c90d-a37c-4548-a190-ed2649cd02e1,2026-09-12,2,2,2,1,True
94c2c90d-a37c-4548-a190-ed2649cd02e1,2026-09-14,2,2,2,1,True
94c2c90d-a37c-4548-a190-ed2649cd02e1,2026-09-15,2,1,2,1,True
94c2c90d-a37c-4548-a190-ed2649cd02e1,2026-09-16,2,1,2,1,True
94c2c90d-a37c-4548-a190-ed2649cd02e1,2026-09-22,2,1,2,1,True
19d81d12-7302-4ec5-8469-6ae5389c5236,2026-06-07,2,2,0,1,True
94c2c90d-a37c-4548-a190-ed2649cd02e1,2026-09-24,2,1,2,1,True
