date,execution_date,eligible_universe,with_security,tradable,excluded,additions,removals,scored_selected
2021-01-31,2021-02-01,243,243,190,53,190,0,20
2021-02-28,2021-03-01,243,243,193,50,7,4,20
2021-03-31,2021-04-03,250,250,196,54,8,5,20
2021-04-28,2021-05-01,250,250,183,67,6,19,20
2021-05-31,2021-06-01,251,251,188,63,20,15,20
2021-06-30,2021-07-03,254,254,185,69,17,20,20
2021-07-31,2021-08-01,254,254,189,65,17,13,20
2021-08-31,2021-09-01,254,254,199,55,14,4,20
2021-09-29,2021-10-02,257,257,203,54,12,8,20
2021-10-31,2021-11-01,257,257,203,54,8,8,20
2021-11-30,2021-12-01,257,257,207,50,12,8,20
2021-12-29,2022-01-01,257,257,208,49,8,7,20
2022-01-31,2022-02-01,257,257,202,55,6,12,20
2022-02-28,2022-03-02,257,257,208,49,12,6,20
2022-03-30,2022-04-03,258,258,211,47,8,5,20
2022-04-30,2022-05-01,258,258,204,54,2,9,20
2022-05-31,2022-06-01,258,258,200,58,11,15,20
2022-06-29,2022-07-02,258,258,208,50,17,9,20
2022-07-31,2022-08-01,258,258,210,48,10,8,20
2022-08-31,2022-09-03,258,258,215,43,8,3,20
2022-09-28,2022-10-01,260,260,211,49,5,9,20
2022-10-31,2022-11-01,260,260,212,48,9,8,20
2022-11-30,2022-12-03,260,260,214,46,9,7,20
2022-12-31,2023-01-01,260,260,213,47,7,8,20
2023-01-31,2023-02-01,260,260,201,59,5,17,20
2023-02-28,2023-03-01,260,260,209,51,17,9,20
2023-03-29,2023-04-03,260,260,218,42,11,2,20
2023-04-30,2023-05-01,260,260,208,52,1,11,20
2023-05-31,2023-06-03,260,260,209,51,14,13,20
2023-06-28,2023-07-01,261,261,208,53,13,14,20
2023-07-31,2023-08-01,261,261,216,45,16,8,20
2023-08-30,2023-09-02,262,262,216,46,7,7,20
2023-09-30,2023-10-01,262,262,222,40,8,2,20
2023-10-31,2023-11-01,262,262,216,46,3,9,20
2023-11-29,2023-12-02,262,262,220,42,8,4,20
2023-12-31,2024-01-01,262,262,219,43,5,6,20
2024-01-31,2024-02-03,262,262,215,47,6,10,20
2024-02-28,2024-03-02,262,262,209,53,11,17,20
2024-03-30,2024-04-02,265,265,224,41,17,2,20
2024-04-30,2024-05-01,265,265,217,48,2,9,20
2024-05-29,2024-06-01,265,265,214,51,8,11,20
2024-06-30,2024-07-01,265,265,207,58,12,19,20
2024-07-31,2024-08-03,265,265,214,51,18,11,20
2024-08-31,2024-09-01,265,265,219,46,11,6,20
2024-09-30,2024-10-01,265,265,206,59,7,20,20
2024-10-30,2024-11-02,265,265,219,46,21,8,20
2024-11-30,2024-12-01,265,265,222,43,7,4,20
2024-12-31,2025-01-01,267,267,217,50,7,12,20
2025-01-29,2025-02-01,267,267,218,49,10,9,20
2025-02-26,2025-03-01,267,267,215,52,13,16,20
2025-03-30,2025-04-05,267,267,222,45,17,10,20
2025-04-30,2025-05-03,267,267,224,43,9,7,20
2025-05-31,2025-06-01,267,267,217,50,7,14,20
2025-06-30,2025-07-01,267,267,223,44,13,7,20
2025-07-30,2025-08-02,267,267,208,59,4,19,20
2025-08-31,2025-09-02,267,267,226,41,21,3,20
2025-09-30,2025-10-01,267,267,228,39,8,6,20
2025-10-29,2025-11-01,267,267,230,37,6,4,20
2025-11-30,2025-12-01,267,267,229,38,4,5,20
2025-12-31,2026-01-04,267,267,227,40,6,8,20
2026-01-31,2026-02-01,267,267,222,45,8,13,20
2026-02-25,2026-03-08,267,267,0,267,0,222,0
2026-03-31,2026-04-04,267,267,0,267,0,0,0
2026-04-29,2026-05-02,267,267,0,267,0,0,0
2026-05-31,2026-06-01,267,267,206,61,206,0,20
2026-06-30,2026-07-01,267,267,211,56,25,20,20
