date,turnover,entered,exited
2021-01-31,1.0,20,0
2021-02-28,0.3,6,6
2021-03-31,0.45,9,9
2021-04-28,0.3,6,6
2021-05-31,0.45,9,9
2021-06-30,0.5,10,10
2021-07-31,0.4,8,8
2021-08-31,0.15,3,3
2021-09-29,0.35,7,7
2021-10-31,0.2,4,4
2021-11-30,0.3,6,6
2021-12-29,0.4,8,8
2022-01-31,0.2,4,4
2022-02-28,0.25,5,5
2022-03-30,0.7,14,14
2022-04-30,0.15,3,3
2022-05-31,0.25,5,5
2022-06-29,0.5,10,10
2022-07-31,0.2,4,4
2022-08-31,0.2,4,4
2022-09-28,0.2,4,4
2022-10-31,0.2,4,4
2022-11-30,0.15,3,3
2022-12-31,0.2,4,4
2023-01-31,0.25,5,5
2023-02-28,0.2,4,4
2023-03-29,0.3,6,6
2023-04-30,0.4,8,8
2023-05-31,0.35,7,7
2023-06-28,0.4,8,8
2023-07-31,0.3,6,6
2023-08-30,0.2,4,4
2023-09-30,0.35,7,7
2023-10-31,0.05,1,1
2023-11-29,0.35,7,7
2023-12-31,0.25,5,5
2024-01-31,0.2,4,4
2024-02-28,0.3,6,6
2024-03-30,0.45,9,9
2024-04-30,0.2,4,4
2024-05-29,0.15,3,3
2024-06-30,0.4,8,8
2024-07-31,0.2,4,4
2024-08-31,0.25,5,5
2024-09-30,0.45,9,9
2024-10-30,0.35,7,7
2024-11-30,0.35,7,7
2024-12-31,0.3,6,6
2025-01-29,0.3,6,6
2025-02-26,0.2,4,4
2025-03-30,0.5,10,10
2025-04-30,0.25,5,5
2025-05-31,0.25,5,5
2025-06-30,0.45,9,9
2025-07-30,0.3,6,6
2025-08-31,0.25,5,5
2025-09-30,0.25,5,5
2025-10-29,0.15,3,3
2025-11-30,0.35,7,7
2025-12-31,0.5,10,10
2026-01-31,0.15,3,3
2026-02-25,0.0,0,20
2026-03-31,0.0,0,0
2026-04-29,0.0,0,0
2026-05-31,1.0,20,0
