component_a,component_b,category_a,category_b,n_dates,median_rho,p25,p75,high_correlation_abs_ge_0.70
SalesGrowthRank,SalesGrowth3MRank,Growth,Growth,38,0.0421,-0.0036,0.1274,False
SalesGrowthRank,RevenueGrowthRank,Growth,Growth,9,0.5,0.411,0.8788,False
SalesGrowthRank,OperatingProfitGrowthRank,Growth,Growth,30,0.0837,-0.0186,0.2333,False
SalesGrowthRank,NetProfitGrowthRank,Growth,Growth,38,0.3231,0.2589,0.4303,False
SalesGrowthRank,OperatingMarginRank,Growth,Profitability,6,0.1333,-0.344,0.1939,False
SalesGrowthRank,NetMarginRank,Growth,Profitability,6,-0.1444,-0.1788,-0.0755,False
SalesGrowthRank,ROERank,Growth,Profitability,6,0.1879,-0.0545,0.2939,False
SalesGrowthRank,MarginTrendRank,Growth,Profitability,6,0.1977,0.0626,0.2579,False
SalesGrowthRank,InterestCoverageRank,Growth,Profitability,2,-0.096,-0.1217,-0.0703,False
SalesGrowthRank,CashConversionRank,Growth,Profitability,6,-0.1561,-0.2932,0.0152,False
SalesGrowthRank,EarningsQualityRank,Growth,Profitability,6,0.1515,-0.0842,0.3212,False
SalesGrowthRank,PERank,Growth,Valuation,22,0.0722,-0.0015,0.2887,False
SalesGrowthRank,PSRank,Growth,Valuation,2,-0.0121,-0.0394,0.0152,False
SalesGrowthRank,LeverageRank,Growth,MarketRisk,6,-0.4061,-0.578,-0.1,False
SalesGrowthRank,CurrentRatioRank,Growth,MarketRisk,6,-0.4015,-0.4348,-0.2523,False
SalesGrowthRank,StabilityRank,Growth,MarketRisk,38,-0.0336,-0.1676,0.063,False
SalesGrowthRank,LowVolatilityRank,Growth,MarketRisk,38,-0.0809,-0.1849,0.0407,False
SalesGrowthRank,MomentumRank,Growth,MarketRisk,38,0.1393,0.0159,0.2719,False
SalesGrowth3MRank,RevenueGrowthRank,Growth,Growth,21,0.0424,-0.1879,0.3939,False
SalesGrowth3MRank,OperatingProfitGrowthRank,Growth,Growth,45,-0.086,-0.2767,0.1,False
SalesGrowth3MRank,NetProfitGrowthRank,Growth,Growth,48,-0.0076,-0.0546,0.0622,False
SalesGrowth3MRank,OperatingMarginRank,Growth,Profitability,6,-0.1212,-0.3057,0.0636,False
SalesGrowth3MRank,NetMarginRank,Growth,Profitability,6,0.3636,0.133,0.5242,False
SalesGrowth3MRank,ROERank,Growth,Profitability,6,0.0061,-0.0417,0.1242,False
SalesGrowth3MRank,MarginTrendRank,Growth,Profitability,6,0.1267,-0.0784,0.2658,False
SalesGrowth3MRank,InterestCoverageRank,Growth,Profitability,2,-0.2974,-0.3089,-0.286,False
SalesGrowth3MRank,CashConversionRank,Growth,Profitability,6,-0.2621,-0.3886,-0.1515,False
SalesGrowth3MRank,EarningsQualityRank,Growth,Profitability,6,-0.4746,-0.598,-0.0847,False
SalesGrowth3MRank,PERank,Growth,Valuation,28,0.0252,-0.1198,0.1941,False
SalesGrowth3MRank,PSRank,Growth,Valuation,2,0.0182,-0.0121,0.0485,False
SalesGrowth3MRank,LeverageRank,Growth,MarketRisk,7,-0.1758,-0.4,-0.0485,False
SalesGrowth3MRank,CurrentRatioRank,Growth,MarketRisk,7,-0.0182,-0.2106,0.1152,False
SalesGrowth3MRank,StabilityRank,Growth,MarketRisk,50,-0.1397,-0.2028,-0.0196,False
SalesGrowth3MRank,LowVolatilityRank,Growth,MarketRisk,56,-0.031,-0.1185,0.0208,False
SalesGrowth3MRank,MomentumRank,Growth,MarketRisk,56,0.1221,0.0359,0.1773,False
RevenueGrowthRank,OperatingProfitGrowthRank,Growth,Growth,9,0.5879,0.2104,0.8671,False
RevenueGrowthRank,NetProfitGrowthRank,Growth,Growth,44,0.4273,0.1728,0.6977,False
RevenueGrowthRank,OperatingMarginRank,Growth,Profitability,14,0.2485,-0.4777,0.5152,False
RevenueGrowthRank,NetMarginRank,Growth,Profitability,14,-0.1267,-0.2338,0.4795,False
RevenueGrowthRank,ROERank,Growth,Profitability,6,0.097,-0.0672,0.503,False
RevenueGrowthRank,MarginTrendRank,Growth,Profitability,14,0.0959,-0.2529,0.2091,False
RevenueGrowthRank,InterestCoverageRank,Growth,Profitability,9,0.1639,0.1626,0.6128,False
RevenueGrowthRank,CashConversionRank,Growth,Profitability,6,-0.0385,-0.2617,0.1788,False
RevenueGrowthRank,EarningsQualityRank,Growth,Profitability,15,0.3587,0.1288,0.5385,False
RevenueGrowthRank,PERank,Growth,Valuation,2,0.2632,0.2305,0.296,False
RevenueGrowthRank,PSRank,Growth,Valuation,2,0.1156,0.0825,0.1487,False
RevenueGrowthRank,PBRank,Growth,Valuation,2,0.2424,0.1727,0.3121,False
RevenueGrowthRank,LeverageRank,Growth,MarketRisk,7,-0.1273,-0.2485,0.0303,False
RevenueGrowthRank,CurrentRatioRank,Growth,MarketRisk,7,-0.0788,-0.2336,0.0788,False
RevenueGrowthRank,StabilityRank,Growth,MarketRisk,16,0.2818,0.1909,0.4848,False
RevenueGrowthRank,LowVolatilityRank,Growth,MarketRisk,55,-0.042,-0.2367,0.1942,False
RevenueGrowthRank,MomentumRank,Growth,MarketRisk,55,0.0769,-0.1014,0.3371,False
OperatingProfitGrowthRank,NetProfitGrowthRank,Growth,Growth,53,0.4935,0.3661,0.6364,False
OperatingProfitGrowthRank,OperatingMarginRank,Growth,Profitability,9,0.6242,0.6188,0.6455,False
OperatingProfitGrowthRank,NetMarginRank,Growth,Profitability,9,0.3636,0.0243,0.4182,False
OperatingProfitGrowthRank,ROERank,Growth,Profitability,6,0.2778,0.0571,0.5182,False
OperatingProfitGrowthRank,MarginTrendRank,Growth,Profitability,9,0.2727,0.2606,0.2876,False
OperatingProfitGrowthRank,InterestCoverageRank,Growth,Profitability,6,0.406,0.3533,0.5278,False
OperatingProfitGrowthRank,CashConversionRank,Growth,Profitability,6,0.0222,-0.1333,0.2353,False
OperatingProfitGrowthRank,EarningsQualityRank,Growth,Profitability,9,0.4968,0.2691,0.6909,False
OperatingProfitGrowthRank,PERank,Growth,Valuation,32,0.3111,0.1664,0.4278,False
OperatingProfitGrowthRank,PSRank,Growth,Valuation,2,0.6937,0.6221,0.7652,False
OperatingProfitGrowthRank,LeverageRank,Growth,MarketRisk,6,-0.0788,-0.2061,0.1173,False
OperatingProfitGrowthRank,CurrentRatioRank,Growth,MarketRisk,6,-0.1758,-0.2394,0.0825,False
OperatingProfitGrowthRank,StabilityRank,Growth,MarketRisk,45,0.0095,-0.1455,0.3091,False
OperatingProfitGrowthRank,LowVolatilityRank,Growth,MarketRisk,53,-0.0408,-0.1728,0.1128,False
OperatingProfitGrowthRank,MomentumRank,Growth,MarketRisk,53,-0.0036,-0.1887,0.1727,False
NetProfitGrowthRank,OperatingMarginRank,Growth,Profitability,9,0.4667,0.1636,0.7576,False
NetProfitGrowthRank,NetMarginRank,Growth,Profitability,9,0.2818,0.0147,0.4273,False
NetProfitGrowthRank,ROERank,Growth,Profitability,6,0.1263,-0.0035,0.7212,False
NetProfitGrowthRank,MarginTrendRank,Growth,Profitability,9,0.2727,-0.2414,0.2751,False
NetProfitGrowthRank,InterestCoverageRank,Growth,Profitability,6,0.3853,0.0895,0.6724,False
NetProfitGrowthRank,CashConversionRank,Growth,Profitability,6,-0.1299,-0.272,0.4707,False
NetProfitGrowthRank,EarningsQualityRank,Growth,Profitability,9,0.2364,0.2015,0.6818,False
NetProfitGrowthRank,PERank,Growth,Valuation,36,0.1887,0.1028,0.5212,False
NetProfitGrowthRank,PSRank,Growth,Valuation,2,0.4026,0.3661,0.4391,False
NetProfitGrowthRank,PBRank,Growth,Valuation,2,0.1576,0.1303,0.1848,False
NetProfitGrowthRank,LeverageRank,Growth,MarketRisk,7,-0.103,-0.2686,0.0485,False
NetProfitGrowthRank,CurrentRatioRank,Growth,MarketRisk,7,-0.1515,-0.2082,0.0242,False
NetProfitGrowthRank,StabilityRank,Growth,MarketRisk,48,0.0218,-0.0214,0.0595,False
NetProfitGrowthRank,LowVolatilityRank,Growth,MarketRisk,53,-0.0392,-0.0794,0.0193,False
NetProfitGrowthRank,MomentumRank,Growth,MarketRisk,53,0.0738,0.0121,0.1331,False
OperatingMarginRank,NetMarginRank,Profitability,Profitability,14,0.4966,0.3045,0.6205,False
OperatingMarginRank,ROERank,Profitability,Profitability,6,0.314,0.1799,0.4879,False
OperatingMarginRank,MarginTrendRank,Profitability,Profitability,14,0.5091,0.4312,0.5394,False
OperatingMarginRank,InterestCoverageRank,Profitability,Profitability,8,0.3158,0.0031,0.5368,False
OperatingMarginRank,CashConversionRank,Profitability,Profitability,6,0.0644,-0.1727,0.2322,False
OperatingMarginRank,EarningsQualityRank,Profitability,Profitability,14,0.4631,0.0568,0.5818,False
OperatingMarginRank,PERank,Profitability,Valuation,2,0.3392,0.278,0.4003,False
OperatingMarginRank,PSRank,Profitability,Valuation,2,0.1156,0.0718,0.1595,False
OperatingMarginRank,PBRank,Profitability,Valuation,1,0.2606,0.2606,0.2606,False
OperatingMarginRank,LeverageRank,Profitability,MarketRisk,6,0.4258,0.4194,0.5026,False
OperatingMarginRank,CurrentRatioRank,Profitability,MarketRisk,6,0.3455,0.3182,0.3636,False
OperatingMarginRank,StabilityRank,Profitability,MarketRisk,6,0.2061,0.0545,0.325,False
OperatingMarginRank,LowVolatilityRank,Profitability,MarketRisk,14,-0.1152,-0.25,0.2638,False
OperatingMarginRank,MomentumRank,Profitability,MarketRisk,14,0.1093,-0.216,0.2359,False
NetMarginRank,ROERank,Profitability,Profitability,6,0.2322,0.003,0.4585,False
NetMarginRank,MarginTrendRank,Profitability,Profitability,14,0.1548,-0.0803,0.2425,False
NetMarginRank,InterestCoverageRank,Profitability,Profitability,8,-0.0454,-0.3001,0.0239,False
NetMarginRank,CashConversionRank,Profitability,Profitability,6,-0.1636,-0.4727,-0.0615,False
NetMarginRank,EarningsQualityRank,Profitability,Profitability,14,-0.2485,-0.5923,0.0227,False
NetMarginRank,PERank,Profitability,Valuation,2,-0.0102,-0.0401,0.0196,False
NetMarginRank,PSRank,Profitability,Valuation,2,-0.498,-0.5602,-0.4358,False
NetMarginRank,PBRank,Profitability,Valuation,1,-0.2727,-0.2727,-0.2727,False
NetMarginRank,LeverageRank,Profitability,MarketRisk,6,0.3491,0.3261,0.3758,False
NetMarginRank,CurrentRatioRank,Profitability,MarketRisk,6,0.4242,0.3576,0.5,False
NetMarginRank,StabilityRank,Profitability,MarketRisk,6,-0.0788,-0.2939,0.2468,False
NetMarginRank,LowVolatilityRank,Profitability,MarketRisk,14,-0.2576,-0.4242,0.0634,False
NetMarginRank,MomentumRank,Profitability,MarketRisk,14,-0.11,-0.3797,0.1853,False
ROERank,MarginTrendRank,Profitability,Profitability,6,0.4154,0.3559,0.4818,False
ROERank,InterestCoverageRank,Profitability,Profitability,2,0.4524,0.4501,0.4546,False
ROERank,CashConversionRank,Profitability,Profitability,6,0.546,0.2333,0.7215,False
ROERank,EarningsQualityRank,Profitability,Profitability,6,0.3753,0.3065,0.7084,False
ROERank,PERank,Profitability,Valuation,1,0.1758,0.1758,0.1758,False
ROERank,PSRank,Profitability,Valuation,1,0.2242,0.2242,0.2242,False
ROERank,PBRank,Profitability,Valuation,1,-0.4303,-0.4303,-0.4303,False
ROERank,LeverageRank,Profitability,MarketRisk,6,-0.1152,-0.2182,0.0781,False
ROERank,CurrentRatioRank,Profitability,MarketRisk,6,0.1237,-0.1654,0.2455,False
ROERank,StabilityRank,Profitability,MarketRisk,6,0.0409,-0.0864,0.2432,False
ROERank,LowVolatilityRank,Profitability,MarketRisk,6,0.1758,0.1061,0.2727,False
ROERank,MomentumRank,Profitability,MarketRisk,6,0.4162,0.0566,0.537,False
MarginTrendRank,InterestCoverageRank,Profitability,Profitability,8,0.4479,-0.0018,0.5461,False
MarginTrendRank,CashConversionRank,Profitability,Profitability,6,0.0534,-0.1381,0.1152,False
MarginTrendRank,EarningsQualityRank,Profitability,Profitability,14,0.2542,0.1554,0.5884,False
MarginTrendRank,PERank,Profitability,Valuation,2,0.0629,-0.0088,0.1346,False
MarginTrendRank,PSRank,Profitability,Valuation,2,-0.0081,-0.0549,0.0386,False
MarginTrendRank,PBRank,Profitability,Valuation,1,-0.0851,-0.0851,-0.0851,False
MarginTrendRank,LeverageRank,Profitability,MarketRisk,6,0.3502,0.2677,0.5496,False
MarginTrendRank,CurrentRatioRank,Profitability,MarketRisk,6,0.2774,0.2323,0.3138,False
MarginTrendRank,StabilityRank,Profitability,MarketRisk,6,0.1239,0.0194,0.2061,False
MarginTrendRank,LowVolatilityRank,Profitability,MarketRisk,14,0.0,-0.2572,0.1238,False
MarginTrendRank,MomentumRank,Profitability,MarketRisk,14,0.1727,-0.0532,0.4345,False
InterestCoverageRank,CashConversionRank,Profitability,Profitability,2,0.4673,0.3848,0.5499,False
InterestCoverageRank,EarningsQualityRank,Profitability,Profitability,10,0.531,0.4713,0.6336,False
InterestCoverageRank,PERank,Profitability,Valuation,2,0.083,-0.0054,0.1715,False
InterestCoverageRank,PSRank,Profitability,Valuation,2,0.0916,0.0141,0.1691,False
InterestCoverageRank,LeverageRank,Profitability,MarketRisk,2,0.5886,0.5556,0.6216,False
InterestCoverageRank,CurrentRatioRank,Profitability,MarketRisk,2,0.592,0.5913,0.5927,False
InterestCoverageRank,StabilityRank,Profitability,MarketRisk,2,0.0778,0.0721,0.0835,False
InterestCoverageRank,LowVolatilityRank,Profitability,MarketRisk,10,0.0256,-0.0389,0.1465,False
InterestCoverageRank,MomentumRank,Profitability,MarketRisk,10,0.0281,-0.1517,0.1307,False
CashConversionRank,EarningsQualityRank,Profitability,Profitability,6,0.4242,0.2788,0.5152,False
CashConversionRank,PERank,Profitability,Valuation,1,-0.5152,-0.5152,-0.5152,False
CashConversionRank,PSRank,Profitability,Valuation,1,-0.6242,-0.6242,-0.6242,False
CashConversionRank,PBRank,Profitability,Valuation,1,-0.6727,-0.6727,-0.6727,False
CashConversionRank,LeverageRank,Profitability,MarketRisk,6,-0.2061,-0.303,-0.0624,False
CashConversionRank,CurrentRatioRank,Profitability,MarketRisk,6,-0.1455,-0.4091,-0.0978,False
CashConversionRank,StabilityRank,Profitability,MarketRisk,6,0.3227,0.2364,0.3568,False
CashConversionRank,LowVolatilityRank,Profitability,MarketRisk,6,-0.2005,-0.2336,0.2515,False
CashConversionRank,MomentumRank,Profitability,MarketRisk,6,0.27,-0.0941,0.4811,False
EarningsQualityRank,PERank,Profitability,Valuation,2,-0.0172,-0.1351,0.1008,False
EarningsQualityRank,PSRank,Profitability,Valuation,2,0.0582,-0.0095,0.1258,False
EarningsQualityRank,PBRank,Profitability,Valuation,1,0.1459,0.1459,0.1459,False
EarningsQualityRank,LeverageRank,Profitability,MarketRisk,6,-0.0182,-0.0273,0.3194,False
EarningsQualityRank,CurrentRatioRank,Profitability,MarketRisk,6,-0.103,-0.2758,0.205,False
EarningsQualityRank,StabilityRank,Profitability,MarketRisk,6,0.3009,0.2146,0.5121,False
EarningsQualityRank,LowVolatilityRank,Profitability,MarketRisk,16,0.0664,-0.1101,0.2394,False
EarningsQualityRank,MomentumRank,Profitability,MarketRisk,16,0.1758,-0.0396,0.3549,False
PERank,PSRank,Valuation,Valuation,2,0.7745,0.7579,0.7911,True
PERank,PBRank,Valuation,Valuation,1,0.7576,0.7576,0.7576,True
PERank,LeverageRank,Valuation,MarketRisk,1,0.1394,0.1394,0.1394,False
PERank,CurrentRatioRank,Valuation,MarketRisk,1,0.2242,0.2242,0.2242,False
PERank,StabilityRank,Valuation,MarketRisk,27,0.0273,-0.0918,0.1669,False
PERank,LowVolatilityRank,Valuation,MarketRisk,53,-0.0909,-0.1677,0.1068,False
PERank,MomentumRank,Valuation,MarketRisk,53,0.1273,-0.0552,0.2545,False
PSRank,PBRank,Valuation,Valuation,1,0.5879,0.5879,0.5879,False
PSRank,LeverageRank,Valuation,MarketRisk,1,-0.0667,-0.0667,-0.0667,False
PSRank,CurrentRatioRank,Valuation,MarketRisk,1,-0.1879,-0.1879,-0.1879,False
PSRank,StabilityRank,Valuation,MarketRisk,2,0.1636,0.1576,0.1697,False
PSRank,LowVolatilityRank,Valuation,MarketRisk,2,0.0547,-0.0251,0.1345,False
PSRank,MomentumRank,Valuation,MarketRisk,2,-0.2301,-0.2374,-0.2228,False
PBRank,LeverageRank,Valuation,MarketRisk,2,0.0848,0.0394,0.1303,False
PBRank,CurrentRatioRank,Valuation,MarketRisk,2,-0.0485,-0.0697,-0.0273,False
PBRank,LowVolatilityRank,Valuation,MarketRisk,2,0.0727,-0.0152,0.1606,False
PBRank,MomentumRank,Valuation,MarketRisk,2,-0.4179,-0.4665,-0.3693,False
LeverageRank,CurrentRatioRank,MarketRisk,MarketRisk,7,0.8198,0.8002,0.9091,True
LeverageRank,StabilityRank,MarketRisk,MarketRisk,7,-0.2727,-0.3697,0.1357,False
LeverageRank,LowVolatilityRank,MarketRisk,MarketRisk,7,0.0681,-0.1515,0.2848,False
LeverageRank,MomentumRank,MarketRisk,MarketRisk,7,-0.0545,-0.3758,0.208,False
CurrentRatioRank,StabilityRank,MarketRisk,MarketRisk,7,-0.1152,-0.5333,0.0138,False
CurrentRatioRank,LowVolatilityRank,MarketRisk,MarketRisk,7,0.0667,-0.0303,0.2599,False
CurrentRatioRank,MomentumRank,MarketRisk,MarketRisk,7,-0.2,-0.352,0.0503,False
StabilityRank,LowVolatilityRank,MarketRisk,MarketRisk,50,0.0633,-0.0235,0.1077,False
StabilityRank,MomentumRank,MarketRisk,MarketRisk,50,0.001,-0.0678,0.092,False
LowVolatilityRank,MomentumRank,MarketRisk,MarketRisk,63,-0.0179,-0.1842,0.1241,False
