component,category,weight,IC63,IC63_pos_frac,IC126,IC126_pos_frac,IC63_boot,spread_63_pp,spread_126_pp,IC63_2021,IC63_2022,IC63_2023,IC63_2024,IC63_2025,IC63_2026
SalesGrowthRank,Growth,10,0.1086,0.897,0.1207,0.921,"{'mean': 0.1086, 'ci_lower': 0.0632, 'ci_upper': 0.1596}",-4.769,-2.856,,-0.0145,0.039,0.1478,0.1385,0.1738
SalesGrowth3MRank,Growth,6,0.0797,0.891,0.0853,0.852,"{'mean': 0.0797, 'ci_lower': 0.0504, 'ci_upper': 0.1109}",-2.617,-1.348,0.0224,0.0406,0.0816,0.1346,0.0827,0.0984
RevenueGrowthRank,Growth,5,0.0191,0.593,0.0117,0.466,"{'mean': 0.0191, 'ci_lower': -0.0089, 'ci_upper': 0.0491}",-6.893,-5.831,-0.0346,0.0432,-0.0336,0.0186,0.0803,0.0683
OperatingProfitGrowthRank,Growth,5,0.0191,0.661,0.0325,0.689,"{'mean': 0.0191, 'ci_lower': -0.006, 'ci_upper': 0.0437}",-6.28,-4.717,0.031,-0.0347,0.0035,0.0164,0.0597,0.1372
NetProfitGrowthRank,Growth,10,0.0413,0.645,0.0381,0.623,"{'mean': 0.0413, 'ci_lower': 0.0172, 'ci_upper': 0.0681}",-4.237,-4.385,0.0522,0.0328,0.0131,0.0356,0.0526,0.1639
OperatingMarginRank,Profitability,4,0.0148,0.542,0.0098,0.466,"{'mean': 0.0148, 'ci_lower': -0.0188, 'ci_upper': 0.0492}",-7.244,-6.209,-0.042,-0.0434,-0.0149,0.0504,0.098,0.0854
NetMarginRank,Profitability,4,-0.0038,0.475,-0.0162,0.362,"{'mean': -0.0038, 'ci_lower': -0.0281, 'ci_upper': 0.0209}",-7.109,-6.576,-0.0529,-0.0065,-0.0497,0.0444,0.0246,0.0478
ROERank,Profitability,6,0.0274,0.679,0.0235,0.709,"{'mean': 0.0274, 'ci_lower': -0.0058, 'ci_upper': 0.0596}",-6.515,-5.382,0.0669,0.0143,-0.0185,0.0353,0.0541,0.0556
MarginTrendRank,Profitability,3,0.0086,0.542,0.0052,0.431,"{'mean': 0.0086, 'ci_lower': -0.0206, 'ci_upper': 0.0446}",-7.231,-6.204,-0.0415,-0.025,-0.0205,-0.0024,0.1073,0.0858
InterestCoverageRank,Profitability,3,0.0032,0.554,0.0,0.455,"{'mean': 0.0032, 'ci_lower': -0.019, 'ci_upper': 0.0258}",-7.396,-6.688,-0.0686,-0.009,0.0078,0.0316,0.0123,0.0408
CashConversionRank,Profitability,2,0.0572,0.786,0.061,0.764,"{'mean': 0.0572, 'ci_lower': 0.0271, 'ci_upper': 0.087}",-6.257,-4.505,0.096,0.0738,-0.0184,0.036,0.1119,0.0928
EarningsQualityRank,Profitability,4,0.0117,0.571,0.0087,0.582,"{'mean': 0.0117, 'ci_lower': -0.0147, 'ci_upper': 0.0354}",-7.454,-6.705,0.0576,-0.035,-0.0065,0.0322,0.0312,0.0233
PERank,Valuation,11,0.0066,0.613,0.0228,0.574,"{'mean': 0.0066, 'ci_lower': -0.016, 'ci_upper': 0.0274}",-5.802,-3.498,0.0231,-0.0001,-0.0167,-0.0271,0.0376,0.1037
PSRank,Valuation,3,-0.0105,0.446,-0.0102,0.382,"{'mean': -0.0105, 'ci_lower': -0.0438, 'ci_upper': 0.0272}",-6.944,-5.979,-0.1036,0.0132,-0.0434,-0.0498,0.0754,0.0437
PBRank,Valuation,2,-0.0111,0.429,-0.0107,0.382,"{'mean': -0.0111, 'ci_lower': -0.0441, 'ci_upper': 0.0263}",-6.896,-5.979,-0.1038,0.0132,-0.0431,-0.0503,0.0738,0.0381
LiquidityRank,MarketRisk,3,,,,,,-6.918,-5.825,,,,,,
LeverageRank,MarketRisk,2,-0.0114,0.446,-0.0072,0.418,"{'mean': -0.0114, 'ci_lower': -0.03, 'ci_upper': 0.0083}",-6.968,-6.214,-0.0789,0.0036,-0.0045,-0.0263,0.0034,0.0603
CurrentRatioRank,MarketRisk,2,-0.0254,0.375,-0.0331,0.327,"{'mean': -0.0254, 'ci_lower': -0.0518, 'ci_upper': 0.0022}",-7.183,-6.56,-0.0342,-0.0357,-0.0104,-0.0463,-0.0086,-0.0017
StabilityRank,MarketRisk,1,0.035,0.745,0.0792,0.84,"{'mean': 0.035, 'ci_lower': 0.0021, 'ci_upper': 0.0673}",-7.52,-4.672,-0.0149,-0.0155,0.0463,0.0953,0.024,-0.0006
LowVolatilityRank,MarketRisk,2,0.0636,0.661,0.0819,0.754,"{'mean': 0.0636, 'ci_lower': -0.0064, 'ci_upper': 0.13}",-0.996,1.062,0.0019,0.0285,0.0978,0.1662,0.0208,0.0821
MomentumRank,MarketRisk,1,0.0394,0.613,0.0666,0.689,"{'mean': 0.0394, 'ci_lower': -0.0034, 'ci_upper': 0.0855}",2.945,6.133,0.0954,-0.0159,-0.0859,0.1388,0.08,-0.0541
