jy,jm,h,bench,score_v1_top5,score_v1_top5_exc,score_v2_top5,score_v2_top5_exc
1399,1,3,1.3509493900570817,0.5153140253500521,-0.8356353647070296,1.4274968839625377,0.07654749390545601
1399,1,6,0.8636319227494456,0.2885427733187532,-0.5750891494306923,0.7931794993523146,-0.07045242339713098
1399,2,3,0.545196468241027,0.6547928649532991,0.10959639671227217,0.6547928649532991,0.10959639671227217
1399,2,6,0.2727506373633524,0.3030667815491149,0.030316144185762506,0.3030667815491149,0.030316144185762506
1399,3,3,-0.034337507369496735,-0.07472456191602181,-0.040387054546525074,-0.07472456191602181,-0.040387054546525074
1399,3,6,0.1085507042632023,0.13417145964098257,0.02562075537778026,0.13417145964098257,0.02562075537778026
1399,4,3,-0.17524388312213454,-0.2415775759476788,-0.06633369282554427,-0.2415775759476788,-0.06633369282554427
1399,4,6,-0.0778499598367855,-0.11883894621755034,-0.04098898638076484,-0.11883894621755034,-0.04098898638076484
1399,5,3,-0.1445227493026636,-0.19828763435872704,-0.053764885056063444,-0.19828763435872704,-0.053764885056063444
1399,5,6,-0.14990288142499333,-0.2053024521233997,-0.05539957069840637,-0.2053024521233997,-0.05539957069840637
1399,6,3,0.2881225434448385,0.37780446840174886,0.08968192495691035,0.37780446840174886,0.08968192495691035
1399,6,6,-0.0025083298936746843,0.003927803170652666,0.006436133064327351,0.003927803170652666,0.006436133064327351
1399,7,3,0.18065409314176903,0.22185737553823884,0.04120328239646981,0.22185737553823884,0.04120328239646981
1399,8,3,0.009494000115290209,-0.006913323445611841,-0.01640732356090205,-0.006913323445611841,-0.01640732356090205
1399,8,6,-0.1484700286078603,-0.17925892484038117,-0.030788896232520874,-0.17925892484038117,-0.030788896232520874
1399,9,3,-0.19246745360772785,-0.25457729829868236,-0.06210984469095451,-0.25457729829868236,-0.06210984469095451
1399,9,6,-0.4179411528996288,-0.4127273001462212,0.005213852753407577,-0.4127273001462212,0.005213852753407577
1399,10,3,-0.21099493349818252,-0.20935830375946285,0.0016366297387196693,-0.20935830375946285,0.0016366297387196693
1399,10,6,-0.20507570805602784,-0.16828263048915115,0.03679307756687669,-0.16828263048915115,0.03679307756687669
1399,11,3,-0.1623177579001707,-0.17783778788552043,-0.015520029985349737,-0.17783778788552043,-0.015520029985349737
1399,11,6,-0.11430774386830506,-0.0743785949675474,0.03992914890075766,-0.0743785949675474,0.03992914890075766
1399,12,3,-0.22640903605992682,-0.21497943387593904,0.01142960218398778,-0.21497943387593904,0.01142960218398778
1399,12,6,-0.10037043519812716,-0.039236468546477485,0.06113396665164968,-0.039236468546477485,0.06113396665164968
1400,1,3,-0.014638981541416074,0.02594199408012534,0.040580975621541414,0.02594199408012534,0.040580975621541414
1400,1,6,-0.2121640067438638,-0.16863189581193486,0.043532110931928936,-0.16863189581193486,0.043532110931928936
1400,2,3,0.057452823577238375,0.08205814239104667,0.024605318813808293,0.08205814239104667,0.024605318813808293
1400,2,6,-0.2107166995010404,-0.18564692464715016,0.025069774853890253,-0.18564692464715016,0.025069774853890253
1400,3,3,0.16522262851153324,0.21510322447251623,0.04988059596098299,0.21510322447251623,0.04988059596098299
1400,3,6,-0.19873807602638704,-0.20575152294936014,-0.007013446922973093,-0.20575152294936014,-0.007013446922973093
1400,4,3,-0.13937868417074417,-0.0681427954256705,0.07123588874507367,-0.0681427954256705,0.07123588874507367
1400,4,6,-0.3097541566982099,-0.195120853350019,0.11463330334819088,-0.195120853350019,0.11463330334819088
1400,5,3,-0.18682971013013636,-0.14234183089463134,0.04448787923550501,-0.14234183089463134,0.04448787923550501
1400,5,6,-0.3410852740152158,-0.2956587870989883,0.045426486916227526,-0.42336903083573973,-0.08228375682052391
1400,6,3,-0.28768322970559346,-0.2747281872902553,0.01295504241533818,-0.2747281872902553,0.01295504241533818
1400,6,6,-0.2607006061752485,-0.20494543124545336,0.05575517492979512,-0.20494543124545336,0.05575517492979512
1400,7,3,-0.23314737695323667,-0.19453636053443207,0.0386110164188046,-0.19453636053443207,0.0386110164188046
1400,7,6,-0.09225767011160382,-0.0659512525077129,0.026306417603890922,-0.0659512525077129,0.026306417603890922
1400,8,3,-0.22693661691675018,-0.2149313033622951,0.012005313554455083,-0.20339730158888267,0.023539315327867516
1400,8,6,0.09023087018298842,0.12682953797699698,0.036598667794008555,0.12495040285660948,0.03471953267362106
1400,9,3,0.02860854929252679,0.11835449615021598,0.08974594685768919,0.11835449615021598,0.08974594685768919
1400,9,6,0.2663476731385086,0.3590871718892009,0.09273949875069232,0.3590871718892009,0.09273949875069232
1400,10,3,0.18019103564017122,0.2278903960345561,0.04769936039438488,0.2278903960345561,0.04769936039438488
1400,10,6,0.21445927624661154,0.28608917487125246,0.07162989862464092,0.28608917487125246,0.07162989862464092
1400,11,3,0.43414579517928387,0.47735325967465025,0.04320746449536639,0.49417943410655435,0.06003363892727048
1400,11,6,0.29364826532611255,0.3416826941284394,0.048034428802326834,0.3756702504556955,0.08202198512958297
1400,12,3,0.2293173324492311,0.21964482401775007,-0.009672508431481042,0.20735762062564783,-0.021959711823583278
1400,12,6,0.20606708723153377,0.22185670280528927,0.015789615573755494,0.21628578814436245,0.010218700912828671
1401,1,3,0.024868903546625257,0.08853321163522483,0.06366430808859957,0.08853321163522483,0.06366430808859957
1401,1,6,0.005882050008633788,0.13696770257460628,0.1310856525659725,0.13696770257460628,0.1310856525659725
1401,2,3,-0.10036687057158834,-0.040439310700719246,0.0599275598708691,-0.040439310700719246,0.0599275598708691
1401,2,6,-0.08728071578345117,0.008073411923753415,0.09535412770720458,0.008073411923753415,0.09535412770720458
1401,3,3,-0.027415002926274176,0.037861973981393925,0.0652769769076681,0.037861973981393925,0.0652769769076681
1401,3,6,0.07875962348369553,0.09318324424590152,0.014423620762205991,0.09318324424590152,0.014423620762205991
1401,4,3,-0.011878514627465336,0.06359654296799118,0.07547505759545652,0.06359654296799118,0.07547505759545652
1401,4,6,0.4844216072604126,0.3757223804373255,-0.10869922682308714,0.3757223804373255,-0.10869922682308714
1401,5,3,0.024723197294796356,0.04127224823693996,0.016549050942143602,0.04127224823693996,0.016549050942143602
1401,5,6,0.29941547259304824,0.3046864023450826,0.005270929752034359,0.3046864023450826,0.005270929752034359
1401,6,3,0.11396155367891418,0.09270387056133148,-0.021257683117582707,0.09270387056133148,-0.021257683117582707
1401,6,6,0.5111731546606099,0.46360429592852165,-0.047568858732088215,0.46360429592852165,-0.047568858732088215
1401,7,3,0.5122154743538513,0.4839198135339043,-0.028295660819947,0.4839198135339043,-0.028295660819947
1401,7,6,1.0899930564733693,0.9392965052699672,-0.15069655120340208,0.9392965052699672,-0.15069655120340208
1401,8,3,0.24973903245830206,0.29201158758973333,0.04227255513143127,0.29201158758973333,0.04227255513143127
1401,8,6,0.9770757807357802,0.8466011868395388,-0.1304745938962414,0.8466011868395388,-0.1304745938962414
1401,9,3,0.3375446080500215,0.29708103341154973,-0.04046357463847178,0.29708103341154973,-0.04046357463847178
1401,9,6,0.6960726967852835,0.6507430582638376,-0.04532963852144589,0.6507430582638376,-0.04532963852144589
1401,10,3,0.390894598329783,0.3921484026121369,0.0012538042823538875,0.3921484026121369,0.0012538042823538875
1401,10,6,0.3190917416460439,0.38859490811510367,0.06950316646905974,0.38859490811510367,0.06950316646905974
1401,11,3,0.5990501361306646,0.5093844692088185,-0.08966566692184608,0.5093844692088185,-0.08966566692184608
1401,11,6,0.39175703057075456,0.28943863641964024,-0.10231839415111432,0.28943863641964024,-0.10231839415111432
1401,12,3,0.28925513925069546,0.20822561258660213,-0.08102952666409333,0.20822561258660213,-0.08102952666409333
1401,12,6,0.2814157143202609,0.15065413570312516,-0.13076157861713575,0.15065413570312516,-0.13076157861713575
1402,1,3,-0.04037336195741954,0.00277481314040815,0.043148175097827694,0.00277481314040815,0.043148175097827694
1402,1,6,-0.11135607140999806,-0.06355393817659036,0.047802133233407706,-0.06355393817659036,0.047802133233407706
1402,2,3,-0.11397320599380723,-0.01983191768814796,0.09414128830565927,-0.01983191768814796,0.09414128830565927
1402,2,6,-0.16607022325232934,-0.10980534081284621,0.05626488243948313,-0.10980534081284621,0.05626488243948313
1402,3,3,-0.01269251370416552,0.023897871394317604,0.03659038509848313,0.023897871394317604,0.03659038509848313
1402,3,6,-0.017982501350811475,0.017942722892762285,0.035925224243573764,0.017942722892762285,0.035925224243573764
1402,4,3,-0.07312442785146261,-0.07645789277715323,-0.0033334649256906157,-0.07645789277715323,-0.0033334649256906157
1402,4,6,-0.052374516246349895,-0.0391121315860951,0.013262384660254797,-0.0391121315860951,0.013262384660254797
1402,5,3,-0.04862623540344603,-0.07718185197823205,-0.028555616574786016,-0.06619455970061716,-0.01756832429717113
1402,5,6,-0.018253345692921405,-0.053297189901356304,-0.0350438442084349,-0.052202370742021095,-0.03394902504909969
1402,6,3,-0.007349564723921009,-0.013227532580527357,-0.005877967856606348,-0.013227532580527357,-0.005877967856606348
1402,6,6,-0.07934472548900369,-0.06309841884236038,0.01624630664664331,-0.06309841884236038,0.01624630664664331
1402,7,3,0.019958227181771468,0.013557911971139158,-0.00640031521063231,0.013557911971139158,-0.00640031521063231
1402,7,6,-0.07413272551156752,-0.05552968422780211,0.018603041283765408,-0.05552968422780211,0.018603041283765408
1402,8,3,0.0345285410466272,0.01888670632573337,-0.015641834720893828,0.01888670632573337,-0.015641834720893828
1402,8,6,-0.019052754281828635,0.003567348751672572,0.022620103033501208,0.003567348751672572,0.022620103033501208
1402,9,3,-0.06976318385454418,-0.04557486370296242,0.02418832015158176,-0.04775169092777418,0.022011492926769995
1402,9,6,-0.18158067794639743,-0.14244873586802362,0.03913194207837381,-0.1323856703347086,0.049195007611688824
1402,10,3,-0.09356382417778031,-0.0692999464923328,0.024263877685447507,-0.0692999464923328,0.024263877685447507
1402,10,6,-0.06616960485056984,0.02176515891157549,0.08793476376214533,0.02176515891157549,0.08793476376214533
1402,11,3,-0.04755408276866217,-0.011414784251171728,0.03613929851749045,-0.011414784251171728,0.03613929851749045
1402,11,6,-0.0838414423145443,0.05018649691200121,0.1340279392265455,0.05018649691200121,0.1340279392265455
1402,12,3,-0.12611204127682396,-0.06878916340792837,0.05732287786889559,-0.0836248820920592,0.042487159184764756
1402,12,6,-0.005241338858830047,0.08351632253639447,0.08875766139522452,0.10180372538060767,0.10704506423943771
1403,1,3,0.024927695841985967,0.1017684047836267,0.07684070894164073,0.1017684047836267,0.07684070894164073
1403,1,6,0.011477984507729896,0.07442014575815373,0.06294216125042383,0.07442014575815373,0.06294216125042383
1403,2,3,-0.04297043960642695,0.0035627756624088793,0.04653321526883583,0.028578902093629698,0.07154934170005664
1403,2,6,0.08938378752224423,0.1109348186618651,0.02155103113962087,0.14821912764428724,0.058835340122043014
1403,3,3,0.13096775999869112,0.19848981455327988,0.06752205455458876,0.19848981455327988,0.06752205455458876
1403,3,6,0.2897087821216093,0.34577439447569003,0.05606561235408075,0.34577439447569003,0.05606561235408075
1403,4,3,-0.013193063063127966,-0.027143598194220898,-0.013950535131092932,-0.027143598194220898,-0.013950535131092932
1403,4,6,0.2605125593786259,0.3161422521639281,0.05562969278530222,0.31614225216392805,0.055629692785302165
1403,5,3,0.14309036509011136,0.15370892192670865,0.010618556836597293,0.15370892192670865,0.010618556836597293
1403,5,6,0.20353300093863733,0.2154150634609071,0.011882062522269782,0.2154150634609071,0.011882062522269782
1403,6,3,0.14234846869622775,0.14463580544587668,0.002287336749648927,0.14463580544587668,0.002287336749648927
1403,6,6,-0.04607099988065047,-0.004758203298942809,0.04131279658170766,-0.004758203298942809,0.04131279658170766
1403,7,3,0.2743661086721597,0.2975660116037093,0.02319990293154961,0.2975660116037093,0.02319990293154961
1403,7,6,0.13233642062636364,0.21018875324325595,0.07785233261689231,0.21018875324325595,0.07785233261689231
1403,8,3,0.046024976670785395,0.044722359699018034,-0.0013026169717673605,0.044722359699018034,-0.0013026169717673605
1403,8,6,0.20942909734747317,0.33712986005804824,0.12770076271057507,0.33712986005804824,0.12770076271057507
1403,9,3,-0.17020108002274031,-0.13774919455340745,0.032451885469332864,-0.13774919455340745,0.032451885469332864
1403,9,6,0.03852191198552249,0.14056269646921168,0.1020407844836892,0.14056269646921168,0.1020407844836892
1403,10,3,-0.08203457213145476,0.0104722603099217,0.09250683244137646,0.0104722603099217,0.09250683244137646
1403,10,6,-0.005401519193906412,0.15933880783204143,0.16474032702594785,0.15933880783204143,0.16474032702594785
1403,11,3,0.20595512652104989,0.3729597579785446,0.1670046314574947,0.3729597579785446,0.1670046314574947
1403,11,6,0.03306556978635194,0.18130119067669145,0.1482356208903395,0.18130119067669145,0.1482356208903395
1403,12,3,0.29292995154913126,0.4072323576053531,0.11430240605622183,0.43137998989699683,0.13845003834786557
1403,12,6,0.1989301805696902,0.2680528531008334,0.06912267253114318,0.3650716891630961,0.16614150859340593
1404,1,3,0.07470593655397391,0.14058115574145252,0.06587521918747861,0.14058115574145252,0.06587521918747861
1404,1,6,0.36801327022227226,0.5167403913445279,0.1487271211222556,0.5167403913445279,0.1487271211222556
1404,2,3,-0.13796049945045472,-0.18836712700457542,-0.0504066275541207,-0.18836712700457542,-0.0504066275541207
1404,2,6,0.2210708242990229,0.18882823967761636,-0.03224258462140653,0.18882823967761636,-0.03224258462140653
1404,3,3,-0.07371456031109665,-0.1064896745302754,-0.03277511421917875,-0.1064896745302754,-0.03277511421917875
1404,3,6,0.46811678677023294,0.4155476363353513,-0.05256915043488164,0.4155476363353513,-0.05256915043488164
1404,4,3,0.26729809373404834,0.3351966882753628,0.06789859454131447,0.3351966882753628,0.06789859454131447
1404,4,6,0.8460809145568109,0.9310903088643625,0.08500939430755161,0.9310903088643625,0.08500939430755161
1404,5,3,0.41105485816078857,0.5332659302772983,0.12221107211650972,0.5332659302772983,0.12221107211650972
1404,5,6,0.8099698423179462,0.8454476808127291,0.03547783849478292,0.8454476808127291,0.03547783849478292
1404,6,3,0.5838137742078414,0.5835159655496218,-0.00029780865821960045,0.6578552890168521,0.07404151480901067
1404,6,6,0.7408431475818488,0.5826046229110821,-0.1582385246707667,0.6709502888730265,-0.06989285870882223
1404,7,3,0.4446494465389421,0.4268386055216425,-0.017810841017299628,0.4268386055216425,-0.017810841017299628
1404,7,6,0.3699731247335463,0.2679503705611465,-0.10202275417239981,0.2679503705611465,-0.10202275417239981
1404,8,3,0.2834969177584616,0.25645386374406165,-0.027043054014399937,0.25645386374406165,-0.027043054014399937
1404,8,6,0.3654374048626572,0.3411545851768106,-0.024282819685846613,0.3411545851768106,-0.024282819685846613
1404,9,3,0.12992164007571183,0.054857985318233674,-0.07506365475747816,0.054857985318233674,-0.07506365475747816
1404,9,6,1.0170999136626078,0.9012858020815606,-0.11581411158104715,0.9012858020815606,-0.11581411158104715
1404,10,3,-0.034901519133951675,-0.08881159930111826,-0.053910080167166585,-0.07457964508189847,-0.0396781259479468
1404,10,6,1.150059955841576,0.8834569071786428,-0.2666030486629333,1.0617957469988557,-0.08826420884272035
1404,11,3,0.05309297538861451,0.08577941938187003,0.03268644399325552,0.04153760416907133,-0.011555371219543177
1404,11,6,1.748123595521785,1.7838449571012245,0.03572136157943939,1.7963815274270178,0.048257931905232754
1404,12,3,0.7746691730856119,0.7142502095160402,-0.06041896356957166,0.7131553617612061,-0.06151381132440581
1404,12,6,1.746991764214239,2.0941152930938274,0.3471235288795884,1.7590624457850375,0.012070681570798492
