jy,jm,h,n,bench,top10,top10_excess,top20,top20_excess
1399,12,3,45,-0.1429759470668081,-0.15514837158949168,-0.012172424522683578,-0.16653731586559584,-0.02356136879878773
1399,12,6,45,0.0329131540736934,0.05853494398872626,0.02562178991503286,0.04554770599806847,0.01263455192437507
1399,12,12,45,-0.11221524235767429,-0.14743352845278374,-0.03521828609510945,-0.10181322690917675,0.010402015448497531
1400,1,3,56,0.014919825205376007,-0.008140977605921685,-0.023060802811297694,-0.022196138758717832,-0.03711596396409384
1400,1,6,56,0.04007403621053631,0.015137527919335581,-0.02493650829120073,-0.0656999602103513,-0.10577399642088761
1400,1,12,56,0.049683657705326775,-0.04546901059417495,-0.09515266829950172,-0.10353912361492054,-0.1532227813202473
1400,2,3,63,0.18683169444715808,0.3410923676126204,0.15426067316546233,0.2647596314504084,0.07792793700325029
1400,2,6,63,0.06374162047119042,0.16240560193334472,0.0986639814621543,0.09802840441446911,0.03428678394327869
1400,2,12,63,0.2149659924843649,0.19672300313811078,-0.018242989346254124,0.22917274285716677,0.014206750372801863
1400,3,3,71,0.20365296116412335,0.27257857348555553,0.06892561232143218,0.2542110650537487,0.05055810388962534
1400,3,6,71,0.00999315617396524,0.016233566932672992,0.006240410758707753,-0.004811823448351671,-0.01480497962231691
1400,3,12,71,0.2156013109766835,0.19381733572775114,-0.021783975248932358,0.17448604417767746,-0.04111526679900604
1400,4,3,76,0.017651883511733614,-0.04684055671047784,-0.06449244022221146,-0.005435982299499603,-0.02308786581123322
1400,4,6,76,-0.15622405617844534,-0.2227766704459909,-0.06655261426754555,-0.19269114932477233,-0.036467093146326984
1400,4,12,76,0.014715191242717217,-0.1446899570643186,-0.1594051483070358,-0.03260741061237381,-0.047322601855091025
1400,5,3,84,-0.10324272643101465,-0.13718680072320458,-0.03394407429218993,-0.1278235469213143,-0.024580820490299665
1400,5,6,84,-0.25449759046980314,-0.2596525461299912,-0.0051549556601880875,-0.2530192958692307,0.0014782946005724162
1400,5,12,84,-0.07396544600973265,-0.13311851032815075,-0.0591530643184181,-0.13556131623409665,-0.061595870224364
1400,6,3,90,-0.15040745088680868,-0.1807287073642878,-0.03032125647747913,-0.12892197492441868,0.021485475962390005
1400,6,6,90,-0.13964383365503685,-0.13307056074886936,0.006573272906167493,-0.12187107096963663,0.01777276268540022
1400,6,12,90,-0.03609973458017168,-0.13526668450851426,-0.09916694992834257,-0.06708965107397269,-0.030989916493801006
1400,7,3,92,-0.14939574425348914,-0.05193984795948352,0.09745589629400563,-0.12893951062550874,0.020456233627980408
1400,7,6,92,0.042589330818286975,0.14942653437487582,0.10683720355658885,0.009276179044799493,-0.03331315177348748
1400,7,12,92,-0.02840124310992745,0.03988021737354667,0.06828146048347411,-0.08274386412901265,-0.0543426210190852
1400,8,3,97,-0.16022863059705947,-0.10072771160280754,0.05950091899425193,-0.11957484120237442,0.040653789394685044
1400,8,6,97,0.17134189883769926,0.18970461142128767,0.018362712583588403,0.22942699528437274,0.05808509644667348
1400,8,12,97,0.09200513905748839,0.06725933817815402,-0.024745800879334368,0.11425370377098396,0.022248564713495567
1400,9,3,108,0.013451598747422699,0.01327468960813456,-0.00017690913928813945,0.04325202709646174,0.02980042834903904
1400,9,6,108,0.2205937922608963,0.2138250240159016,-0.0067687682449946995,0.25373562546014145,0.03314183319924516
1400,9,12,108,0.32287157517907683,0.20712141169048506,-0.11575016348859177,0.2995680633204292,-0.023303511858647652
1400,10,3,112,0.22248290216059355,0.22360847916555154,0.001125577004957995,0.2512585014240317,0.028775599263438173
1400,10,6,112,0.2149463062229095,0.23883586802775897,0.02388956180484947,0.22788058866805277,0.012934282445143275
1400,10,12,112,0.6150994480359582,0.5092388489700661,-0.10586059906589207,0.5241917759618888,-0.09090767207406936
1400,11,3,117,0.40987538505247045,0.4107460747113202,0.0008706896588497326,0.35717906890961604,-0.052696316142854416
1400,11,6,117,0.25730684050305763,0.34287431036388494,0.0855674698608273,0.24819546305109386,-0.009111377451963776
1400,11,12,117,0.5393891531231603,0.6878349614120964,0.14844580828893617,0.6255595937898362,0.0861704406666759
1400,12,3,117,0.20063412372005973,0.20901182460183892,0.008377700881779193,0.2201607269057158,0.019526603185656077
1400,12,6,117,0.11925325435874602,0.17470220431048983,0.055448949951743806,0.14735151871247973,0.028098264353733707
1400,12,12,117,0.7567074943169906,0.841276347741038,0.08456885342404741,0.6998882549361122,-0.056819239380878406
1401,1,3,118,-0.008548208523334058,0.0014910429337248953,0.010039251457058954,0.028403891264592463,0.03695209978792652
1401,1,6,118,-0.07755989473230945,-0.026715319160537432,0.05084457557177202,-0.04550251044546094,0.03205738428684851
1401,1,12,118,0.9071328520670109,0.8916071247094435,-0.01552572735756741,0.8783955258147083,-0.02873732625230263
1401,2,3,119,-0.11122784698737767,-0.032191796158997456,0.07903605082838022,-0.04958895720952823,0.06163888977784944
1401,2,6,119,-0.08360834057277557,0.02211848725179465,0.10572682782457021,-0.026671471927297852,0.056936868645477715
1401,2,12,119,0.7473475297865273,0.7336898561276894,-0.013657673658837854,0.7456294642827224,-0.001718065503804933
1401,3,3,121,-0.0643065923621022,-0.04241555867124125,0.021891033690860956,-0.01938706788702555,0.044919524475076654
1401,3,6,121,0.07310414759982357,0.19067087280208145,0.11756672520225787,0.13442240826321353,0.061318260663389954
1401,3,12,121,0.7881479844116845,0.8471767858401371,0.05902880142845257,0.7492707683796445,-0.038877216032040085
1401,4,3,121,-0.061917113223598795,0.011158939197998851,0.07307605242159765,-0.01393969913659036,0.04797741408700844
1401,4,6,121,0.33633898612990437,0.40796566316433813,0.07162667703443376,0.3929258565714392,0.05658687044153482
1401,4,12,121,0.7607118287512386,0.8201278119302161,0.05941598317897756,0.7507326160146135,-0.009979212736625054
1401,5,3,124,0.027889026325730478,0.10521207172005342,0.07732304539432294,0.08689218352396946,0.05900315719823898
1401,5,6,124,0.22569041801459516,0.27598497917351583,0.05029456115892067,0.3207431773993295,0.09505275938473434
1401,5,12,124,0.6691274390543777,0.6159194568540569,-0.05320798220032075,0.7507225433349206,0.08159510428054295
1401,6,3,125,0.14692435631275508,0.1844302292711837,0.03750587295842861,0.21600922159056157,0.0690848652778065
1401,6,6,125,0.5630173077226801,0.5640543136119497,0.0010370058892695821,0.7356427239248658,0.17262541620218574
1401,6,12,125,0.8529220413444523,0.7057213879181837,-0.14720065342626854,1.017736227810703,0.16481418646625068
1401,7,3,127,0.42946893674809333,0.3629936434022604,-0.06647529334583291,0.4335798036211477,0.004110866873054342
1401,7,6,127,1.0685050222182808,0.9193712423257058,-0.14913377989257504,1.1134390587423595,0.04493403652407868
1401,7,12,127,0.8295471606272077,0.7800793861666394,-0.04946777446056827,0.9224796104211912,0.09293244979398352
1401,8,3,128,0.2026236318344513,0.12795571371829517,-0.07466791811615614,0.16916447923211572,-0.03345915260233559
1401,8,6,128,0.9257488156475462,0.6558693212590737,-0.2698794943884725,0.8487934094151312,-0.07695540623241504
1401,8,12,128,0.6907426462679167,0.40394962521124017,-0.28679302105667653,0.5614794923965618,-0.1292631538713549
1401,9,3,128,0.36306615490142224,0.32743191138981204,-0.03563424351161021,0.3350797839957626,-0.02798637090565964
1401,9,6,128,0.6548548189780334,0.6696765239478104,0.014821704969776972,0.636077561622512,-0.018777257355521382
1401,9,12,128,0.665473092078495,0.455608068056094,-0.20986502402240104,0.4829540453962438,-0.18251904668225122
1401,10,3,129,0.4511567594969361,0.45406197731174947,0.0029052178148133434,0.45720567235723336,0.00604891286029724
1401,10,6,129,0.31949867613750854,0.30400340366148476,-0.01549527247602378,0.3731322778748957,0.05363360173738718
1401,10,12,129,0.3788190322192511,0.19720405651714934,-0.18161497570210178,0.3823234049959969,0.0035043727767457566
1401,11,3,131,0.6132628826730868,0.5673431625655863,-0.04591972010750056,0.502135037133237,-0.11112784553984978
1401,11,6,131,0.3692241138040362,0.2707524435290421,-0.0984716702749941,0.32568182160602044,-0.04354229219801575
1401,11,12,131,0.5047197881037909,0.3373545556337342,-0.16736523247005675,0.450619538981913,-0.05410024912187794
1401,12,3,134,0.2261404083339129,0.14309090609393788,-0.08304950223997504,0.19433932447924868,-0.031801083854664236
1401,12,6,134,0.19005430584880506,0.007596475803745895,-0.18245783004505917,0.16159534138057657,-0.028458964468228487
1401,12,12,134,0.24399798333646242,0.006943467687026861,-0.23705451564943555,0.2529300614555476,0.008932078119085168
1402,1,3,136,-0.0914008376942218,-0.16938541358066567,-0.07798457588644386,-0.09926109869106713,-0.007860260996845322
1402,1,6,136,-0.10648993490915491,-0.19570407317586186,-0.08921413826670695,-0.13041226698985847,-0.02392233208070356
1402,1,12,136,-0.04164257402875399,-0.1611874782759412,-0.11954490424718722,-0.06632103767912978,-0.024678463650375793
1402,2,3,136,-0.14346415053235728,-0.17001790048139206,-0.026553749949034783,-0.1642362282200996,-0.020772077687742307
1402,2,6,136,-0.10822136099419759,-0.1312895867293192,-0.023068225735121614,-0.11176838650712981,-0.00354702551293222
1402,2,12,136,-0.09512114861457072,-0.10856963988993087,-0.013448491275360158,-0.09393076280827799,0.0011903858062927292
1402,3,3,137,-0.024859917392906716,-0.07177300154431951,-0.04691308415141279,-0.06741914420600745,-0.04255922681310073
1402,3,6,137,0.007884360495084335,-0.032715635463742176,-0.04059999595882651,-0.03185505256670819,-0.039739413061792524
1402,3,12,137,-0.08354702130642565,-0.15152526869714877,-0.06797824739072313,-0.14519992534855083,-0.06165290404212519
1402,4,3,137,-0.017693474101741373,-0.060593294611338236,-0.04289982050959686,-0.015125286068212295,0.002568188033529078
1402,4,6,137,0.04190863950182263,0.04765961551751709,0.0057509760156944575,0.07223341211970885,0.03032477261788622
1402,4,12,137,0.04299422456781595,0.015071440426901828,-0.027922784140914123,0.051717055471776775,0.008722830903960824
1402,5,3,137,0.04182447225677848,0.04524520908420443,0.003420736827425948,0.04545040120593152,0.0036259289491530414
1402,5,6,137,0.09517602787495162,0.11643127019308515,0.021255242318133527,0.11777405188644904,0.022598024011497422
1402,5,12,137,0.0445252247677281,0.2547579283038958,0.21023270353616771,0.16607901255047075,0.12155378778274264
1402,6,3,140,0.03189742890265691,0.04766291066781728,0.01576548176516037,0.046536260198882996,0.014638831296226083
1402,6,6,140,0.03683209441078254,0.08579295754593083,0.04896086313514829,0.06778491588783947,0.030952821477056927
1402,6,12,140,0.029340225087180448,0.22622137787349547,0.19688115278631502,0.13763280967937402,0.10829258459219357
1402,7,3,140,0.06019645013731298,0.07221906512036702,0.012022614983054042,0.08871534679920334,0.028518896661890364
1402,7,6,140,0.059275167800870235,0.02484587325288906,-0.034429294547981174,0.0548537592184443,-0.0044214085824259355
1402,7,12,140,0.025079536759970905,0.09457466936628653,0.06949513260631562,0.14936074004019778,0.12428120328022688
1402,8,3,140,0.0487148292353992,0.026555978729734343,-0.022158850505664858,0.05452229147940783,0.005807462244008632
1402,8,6,140,0.0049018573879333486,-0.008784448589748228,-0.013686305977681577,-0.016976150764925334,-0.02187800815285868
1402,8,12,140,0.15613486369470964,0.3143719005160143,0.1582370368213047,0.2698269450425628,0.11369208134785319
1402,9,3,140,0.0042337981441058796,0.0076476708265777685,0.003413872682471889,0.02912840185171276,0.02489460370760688
1402,9,6,140,-0.10409490949167957,-0.06758707996484142,0.03650782952683815,-0.0622923220220874,0.04180258746959217
1402,9,12,140,0.22314600025299486,0.38876726558607316,0.1656212653330783,0.38338936158829234,0.16024336133529749
1402,10,3,140,-0.0016669911192327518,-0.026373172759279372,-0.02470618164004662,0.01611302119230021,0.01778001231153296
1402,10,6,140,-0.016803317766224735,0.06628627298833309,0.08308959075455782,0.08111781339240584,0.09792113115863058
1402,10,12,140,0.3684678985960936,0.6908506176771172,0.3223827190810236,0.6016166322339631,0.23314873363786953
1402,11,3,140,-0.040724856310754835,-0.024094868530773174,0.01662998777998166,-0.0038137216070921244,0.03691113470366271
1402,11,6,140,-0.06078916089914096,0.06497057613133822,0.12575973703047919,0.09229034583237239,0.15307950673151335
1402,11,12,140,0.31147664042830353,0.537289606382326,0.2258129659540225,0.5256164961271902,0.21413985569888666
1402,12,3,143,-0.11153590366446237,-0.02188847585801864,0.08964742780644372,-0.054125394747621236,0.05741050891684113
1402,12,6,143,-0.026912747384728854,0.1615971321505271,0.18850987953525594,0.11735586791232996,0.1442686152970588
1402,12,12,143,0.19252982724463097,0.3439196017742021,0.15138977452957114,0.40052300698693555,0.20799317974230458
1403,1,3,144,-0.022556747951416586,0.09195145395598792,0.1145082019074045,0.11540089074447626,0.13795763869589284
1403,1,6,144,-0.047436050166396765,0.10588251890400893,0.1533185690704057,0.13096632524205,0.17840237540844678
1403,1,12,144,0.36680299093200536,0.697803380267762,0.33100038933575665,0.7311134375442208,0.3643104466122154
1403,2,3,144,-0.029297686520309334,0.16205962417071113,0.19135731069102047,0.14540321026730987,0.17470089678761921
1403,2,6,144,0.13584122150370942,0.27618255271930553,0.1403413312155961,0.29550165909605575,0.15966043759234633
1403,2,12,144,0.5969650763005565,1.0704622786844513,0.4734972023838948,0.9468070803611713,0.34984200406061483
1403,3,3,144,0.09310554041811256,0.23096714092698023,0.13786160050886767,0.24356194121886848,0.15045640080075592
1403,3,6,144,0.3474874168758723,0.4520703549306465,0.1045829380547742,0.47578423575906836,0.12829681888319605
1403,3,12,143,0.6139869233740674,0.8658804125764676,0.2518934892024003,0.9461328524217698,0.33214592904770246
1403,4,3,144,-0.02860952863816821,-0.027131697031026823,0.0014778316071413881,-0.02675776322347203,0.001851765414696182
1403,4,6,144,0.3781631054004497,0.37591467634145587,-0.002248429058993806,0.37932039591998895,0.001157290519539278
1403,4,12,143,0.40606957526927445,0.530464822854493,0.12439524758521858,0.5594088190714387,0.15333924380216424
1403,5,3,146,0.17020847589933802,0.11217482281339293,-0.05803365308594509,0.20311571981863769,0.03290724391929967
1403,5,6,146,0.3840466573975127,0.239486507007119,-0.14456015039039372,0.4386408942419978,0.05459423684448511
1403,5,12,146,0.3294754503510816,0.2693866705422746,-0.060088779808807,0.4897571275086781,0.1602816771575965
1403,6,3,147,0.23292775222389747,0.23020953857772675,-0.002718213646170725,0.27104448875941234,0.03811673653551487
1403,6,6,147,0.20785588530037513,0.2688866561775777,0.061030770877202545,0.30338337443941643,0.0955274891390413
1403,6,12,147,0.23814275064201362,0.41964961023164377,0.18150685958963014,0.34681829728015373,0.10867554663814011
1403,7,3,148,0.4198017925860791,0.4555660618643512,0.03576426927827214,0.4951969399801993,0.07539514739412023
1403,7,6,148,0.42132492836950536,0.5489490001130731,0.12762407174356777,0.6011394191529329,0.17981449078342754
1403,7,12,147,0.5649377298421128,0.5774866607935538,0.01254893095144105,0.7195831666626049,0.15464543682049214
1403,8,3,148,0.18714400087206295,0.12240914136763777,-0.06473485950442519,0.20512773520506125,0.017983734332998297
1403,8,6,148,0.3883740179405142,0.3910696715300707,0.0026956535895565348,0.5062376035769535,0.11786358563643928
1403,8,12,147,0.4353174692098957,0.3043387569607635,-0.1309787122491322,0.4244721588744566,-0.010845310335439118
1403,9,3,148,-0.021556141642498073,-0.004877629775231052,0.016678511867267022,-0.007243835859972181,0.014312305782525892
1403,9,6,147,0.1782732786859164,0.2712899127839993,0.09301663409808289,0.1872843202433078,0.009011041557391408
1403,9,12,148,0.44496826248012533,0.4420785411979818,-0.0028897212821435425,0.30467971197756494,-0.1402885505025604
1403,10,3,148,-0.003727931762835361,0.03655081836686214,0.0402787501296975,0.02687395986061051,0.03060189162344587
1403,10,6,147,0.00520030324967099,0.07418410245875998,0.06898379920908898,0.03593641646702674,0.030736113217355754
1403,10,12,148,0.4344687562662506,0.5040174550424237,0.06954869877617309,0.41394696323993785,-0.02052179302631274
1403,11,3,149,0.16387818650805666,0.2412240344688575,0.07734584796080085,0.21058698433804574,0.046708797829989074
1403,11,6,149,-0.05048825298378297,-0.013664329278812592,0.036823923704970375,-0.0050581924418576455,0.045430060541925325
1403,11,12,149,0.33517208188721814,0.27684440727555504,-0.058327674611663105,0.3635281361482255,0.028356054261007346
1403,12,3,151,0.20529464103101655,0.328146040721397,0.12285139969038048,0.27913114440778247,0.07383650337676592
1403,12,6,152,0.023506653330177523,0.09087975396196499,0.06737310063178746,0.10089691993675291,0.07739026660657539
1403,12,12,152,0.38608740886233006,0.42173748727668503,0.03565007841435497,0.5587811338733278,0.17269372501099778
1404,1,3,151,0.00715665068628698,0.036707323183279204,0.029550672496992225,0.0767046449577002,0.06954799427141321
1404,1,6,151,0.10486325816323708,0.08249303096066117,-0.022370227202575907,0.13401737242485612,0.02915411426161904
1404,1,12,152,0.2492483728115229,0.17571185265918782,-0.07353652015233508,0.28922394170548255,0.039975568893959645
1404,2,3,152,-0.18458556366742324,-0.1698138086389016,0.014771755028521627,-0.12767861062581762,0.05690695304160562
1404,2,6,151,0.035645585807884246,0.07459253258361756,0.038946946775733314,0.07998266421098352,0.04433707840309927
1404,2,12,151,0.16485887629089266,0.2902435145964097,0.12538463830551702,0.24624907087166728,0.08139019458077462
1404,3,3,152,-0.15237652763236945,-0.14439396579463448,0.007982561837734964,-0.10816475785220972,0.044211769780159726
1404,3,6,152,0.2384496641332248,0.3079585897739447,0.06950892564071989,0.3166575602129866,0.07820789607976178
1404,3,12,151,0.8224366414996147,1.1857905621597864,0.3633539206601717,1.1460112160168054,0.32357457451719074
1404,4,3,151,0.0929318248486256,0.19065873966325017,0.09772691481462457,0.13562588610028756,0.04269406125166196
1404,4,6,152,0.45180317189131697,0.6660059111963952,0.21420273930507822,0.4790793024515505,0.027276130560233536
1404,4,12,151,1.1564320996170918,1.9799190565912643,0.8234869569741725,1.6118216389095081,0.4553895392924163
1404,5,3,153,0.2716615558662268,0.254195366357674,-0.017466189508552832,0.28771542823131807,0.01605387236509126
1404,5,6,154,0.41152613848702096,0.5282223459137244,0.11669620742670345,0.5241084116740508,0.11258227318702979
1404,5,12,154,1.86730111770899,2.28760919431529,0.4203080766062999,2.058513861250795,0.19121274354180517
1404,6,3,154,0.4589873596988071,0.49929892480284976,0.04031156510404266,0.5033304165811461,0.04434305688233897
1404,6,6,154,0.339161497254664,0.42305791469307275,0.08389641743840875,0.5197198292095047,0.18055833195484067
1404,6,12,154,1.8007970440655325,2.600295259808442,0.7994982157429094,2.412563625246766,0.6117665811812334
1404,7,3,154,0.3172743850879996,0.41445720896117405,0.09718282387317445,0.3657780090613774,0.04850362397337782
1404,7,6,154,0.11635260241292553,0.2547162208901635,0.13836361847723797,0.19040438138127108,0.07405177896834556
1404,7,12,154,1.3254822732307372,2.265991911612342,0.940509638381605,1.7765804949263593,0.4510982216956221
1404,8,3,154,0.10697386335566877,0.21626142856614017,0.1092875652104714,0.20638852529927446,0.09941466194360568
1404,8,6,153,0.10920366207237515,0.3087516693158224,0.19954800724344723,0.24859410360330517,0.13939044153093
1404,8,12,154,1.225534841284355,1.959011016676519,0.7334761753921639,1.8120564900506104,0.5865216487662555
1404,9,3,155,-0.08378081887305548,0.0354572414587944,0.11923806033184989,-0.03149335881394247,0.052287460059113014
1404,9,6,153,0.44140696626558173,0.6469027627911148,0.20549579652553307,0.6356921427874206,0.19428517652183885
1404,10,3,155,-0.15054873201327315,-0.1304447366895792,0.020103995323693946,-0.1270084251277785,0.02354030688549466
1404,10,6,154,0.4539284384306459,0.5967233397000252,0.14279490126937933,0.7622210659628479,0.308292627532202
1404,11,3,155,0.000978205628938827,0.02103609733349886,0.020057891704560033,0.031912303973858434,0.030934098344919607
1404,11,6,156,1.0024428582561784,0.8987538426387077,-0.10368901561747068,0.9577615528197784,-0.04468130543640003
1404,12,3,155,0.5619173434036611,0.7311155493832165,0.16919820597955548,0.6801347308211351,0.118217387417474
1404,12,6,157,1.0687562775069854,1.0091152257126883,-0.05964105179429713,1.0566933791236048,-0.012062898383380594
