jy,jm,h,bench,old_top10,old_top10_exc,old_top20,old_top20_exc,new_top10,new_top10_exc,new_top20,new_top20_exc
1399,12,3,-0.1429759470668081,-0.15514837158949168,-0.012172424522683578,-0.16653731586559584,-0.02356136879878773,-0.1948227082630769,-0.0518467611962688,-0.16090486150383715,-0.017928914437029042
1399,12,6,0.0329131540736934,0.05853494398872626,0.02562178991503286,0.04554770599806847,0.01263455192437507,0.024325070097532174,-0.008588083976161225,0.05820707436359427,0.02529392028990087
1400,1,3,0.014919825205376007,-0.008140977605921685,-0.023060802811297694,-0.022196138758717832,-0.03711596396409384,0.0007667991961255782,-0.01415302600925043,-0.022567751063597152,-0.03748757626897316
1400,1,6,0.04007403621053631,0.015137527919335581,-0.02493650829120073,-0.0656999602103513,-0.10577399642088761,-0.02703210724971916,-0.06710614346025548,-0.050232185341439084,-0.0903062215519754
1400,2,3,0.18683169444715808,0.3410923676126204,0.15426067316546233,0.2647596314504084,0.07792793700325029,0.3906060800976567,0.2037743856504986,0.29003201080451096,0.10320031635735288
1400,2,6,0.06374162047119042,0.16240560193334472,0.0986639814621543,0.09802840441446911,0.03428678394327869,0.25652939613450515,0.19278777566331473,0.11698564970042749,0.05324402922923707
1400,3,3,0.20365296116412335,0.27257857348555553,0.06892561232143218,0.2542110650537487,0.05055810388962534,0.28019472672955786,0.07654176556543452,0.26070236638463207,0.05704940522050872
1400,3,6,0.00999315617396524,0.016233566932672992,0.006240410758707753,-0.004811823448351671,-0.01480497962231691,0.05301396938236689,0.04302081320840165,0.001246041258384012,-0.008747114915581227
1400,4,3,0.017651883511733614,-0.04684055671047784,-0.06449244022221146,-0.005435982299499603,-0.02308786581123322,-0.02434760690788331,-0.041999490419616925,0.03657411542618276,0.018922231914449146
1400,4,6,-0.15622405617844534,-0.2227766704459909,-0.06655261426754555,-0.19269114932477233,-0.036467093146326984,-0.1871798208770601,-0.030955764698614746,-0.13079937022279425,0.02542468595565109
1400,5,3,-0.10324272643101465,-0.13718680072320458,-0.03394407429218993,-0.1278235469213143,-0.024580820490299665,-0.12456488618002917,-0.021322159749014524,-0.07953475248176052,0.023707973949254127
1400,5,6,-0.25449759046980314,-0.2596525461299912,-0.0051549556601880875,-0.2530192958692307,0.0014782946005724162,-0.21512064176158585,0.039376948708217285,-0.2195272121613236,0.034970378308479544
1400,6,3,-0.15040745088680868,-0.1807287073642878,-0.03032125647747913,-0.12892197492441868,0.021485475962390005,-0.13796274780070444,0.012444703086104236,-0.13546571744076968,0.014941733446038996
1400,6,6,-0.13964383365503685,-0.13307056074886936,0.006573272906167493,-0.12187107096963663,0.01777276268540022,-0.12000262789749232,0.019641205757544536,-0.12448214098512804,0.015161692669908813
1400,7,3,-0.14939574425348914,-0.05193984795948352,0.09745589629400563,-0.12893951062550874,0.020456233627980408,-0.09003250720056144,0.0593632370529277,-0.11048923520959301,0.03890650904389613
1400,7,6,0.042589330818286975,0.14942653437487582,0.10683720355658885,0.009276179044799493,-0.03331315177348748,0.06645925010101875,0.023869919282731772,0.0813877922736396,0.03879846145535262
1400,8,3,-0.16022863059705947,-0.10072771160280754,0.05950091899425193,-0.11957484120237442,0.040653789394685044,-0.10327503776693088,0.05695359283012859,-0.10065673617903026,0.05957189441802921
1400,8,6,0.17134189883769926,0.18970461142128767,0.018362712583588403,0.22942699528437274,0.05808509644667348,0.18176857518954465,0.010426676351845382,0.20766801195549212,0.03632611311779285
1400,9,3,0.013451598747422699,0.01327468960813456,-0.00017690913928813945,0.04325202709646174,0.02980042834903904,0.021044470359642797,0.007592871612220099,0.036175637798197186,0.022724039050774487
1400,9,6,0.2205937922608963,0.2138250240159016,-0.0067687682449946995,0.25373562546014145,0.03314183319924516,0.22057019819576723,-2.3594065129056707e-05,0.19047440487685466,-0.03011938738404163
1400,10,3,0.22248290216059355,0.22360847916555154,0.001125577004957995,0.2512585014240317,0.028775599263438173,0.20748334092031845,-0.0149995612402751,0.24188720769424776,0.019404305533654215
1400,10,6,0.2149463062229095,0.23883586802775897,0.02388956180484947,0.22788058866805277,0.012934282445143275,0.18043842823034412,-0.03450787799256538,0.21544282699218442,0.0004965207692749218
1400,11,3,0.40987538505247045,0.4107460747113202,0.0008706896588497326,0.35717906890961604,-0.052696316142854416,0.4107460747113203,0.0008706896588498436,0.3412526132256067,-0.06862277182686377
1400,11,6,0.25730684050305763,0.34287431036388494,0.0855674698608273,0.24819546305109386,-0.009111377451963776,0.34287431036388494,0.0855674698608273,0.23653812158415816,-0.020768718918899476
1400,12,3,0.20063412372005973,0.20901182460183892,0.008377700881779193,0.2201607269057158,0.019526603185656077,0.20901182460183892,0.008377700881779193,0.20397180384475155,0.003337680124691822
1400,12,6,0.11925325435874602,0.17470220431048983,0.055448949951743806,0.14735151871247973,0.028098264353733707,0.17470220431048983,0.055448949951743806,0.1521007183758886,0.03284746401714257
1401,1,3,-0.008548208523334058,0.0014910429337248953,0.010039251457058954,0.028403891264592463,0.03695209978792652,0.003129972125200198,0.011678180648534256,0.028403891264592463,0.03695209978792652
1401,1,6,-0.07755989473230945,-0.026715319160537432,0.05084457557177202,-0.04550251044546094,0.03205738428684851,-0.03702996138953522,0.04052993334277424,-0.04550251044546095,0.032057384286848505
1401,2,3,-0.11122784698737767,-0.032191796158997456,0.07903605082838022,-0.04958895720952823,0.06163888977784944,-0.055606649099964156,0.055621197887413515,-0.038764930469350464,0.0724629165180272
1401,2,6,-0.08360834057277557,0.02211848725179465,0.10572682782457021,-0.026671471927297852,0.056936868645477715,-0.0017611529552274629,0.0818471876175481,-0.0009685973222412659,0.0826397432505343
1401,3,3,-0.0643065923621022,-0.04241555867124125,0.021891033690860956,-0.01938706788702555,0.044919524475076654,-0.05532857714946423,0.008978015212637976,-0.0017748105293029337,0.06253178183279927
1401,3,6,0.07310414759982357,0.19067087280208145,0.11756672520225787,0.13442240826321353,0.061318260663389954,0.1670457657433487,0.09394161814352513,0.16264903476242756,0.08954488716260399
1401,4,3,-0.061917113223598795,0.011158939197998851,0.07307605242159765,-0.01393969913659036,0.04797741408700844,-0.0019951431542228337,0.05992197006937596,-0.005469986474553812,0.056447126749044986
1401,4,6,0.33633898612990437,0.40796566316433813,0.07162667703443376,0.3929258565714392,0.05658687044153482,0.347721540668754,0.01138255453884962,0.39269766485956403,0.05635867872965966
1401,5,3,0.027889026325730478,0.10521207172005342,0.07732304539432294,0.08689218352396946,0.05900315719823898,0.11270495028547663,0.08481592395974615,0.08671656721279644,0.05882754088706596
1401,5,6,0.22569041801459516,0.27598497917351583,0.05029456115892067,0.3207431773993295,0.09505275938473434,0.27734150265856394,0.05165108464396878,0.30847047589184085,0.08278005787724568
1401,6,3,0.14692435631275508,0.1844302292711837,0.03750587295842861,0.21600922159056157,0.0690848652778065,0.1789360742027417,0.032011717889986635,0.19647235667756308,0.049548000364808
1401,6,6,0.5630173077226801,0.5640543136119497,0.0010370058892695821,0.7356427239248658,0.17262541620218574,0.6240862450522165,0.061068937329536443,0.6571567655927819,0.0941394578701018
1401,7,3,0.42946893674809333,0.3629936434022604,-0.06647529334583291,0.4335798036211477,0.004110866873054342,0.31094881596578505,-0.11852012078230828,0.4335798036211476,0.004110866873054286
1401,7,6,1.0685050222182808,0.9193712423257058,-0.14913377989257504,1.1134390587423595,0.04493403652407868,0.8394392571839718,-0.22906576503430898,1.1134390587423597,0.0449340365240789
1401,8,3,0.2026236318344513,0.12795571371829517,-0.07466791811615614,0.16916447923211572,-0.03345915260233559,0.08518651730404511,-0.1174371145304062,0.22021674279429132,0.017593110959840008
1401,8,6,0.9257488156475462,0.6558693212590737,-0.2698794943884725,0.8487934094151312,-0.07695540623241504,0.6060140882802093,-0.3197347273673369,0.907468911436806,-0.018279904210740217
1401,9,3,0.36306615490142224,0.32743191138981204,-0.03563424351161021,0.3350797839957626,-0.02798637090565964,0.3654080778732635,0.0023419229718412704,0.3518439497321779,-0.011222205169244326
1401,9,6,0.6548548189780334,0.6696765239478104,0.014821704969776972,0.636077561622512,-0.018777257355521382,0.6739877660167206,0.019132947038687176,0.6640265538411368,0.009171734863103409
1401,10,3,0.4511567594969361,0.45406197731174947,0.0029052178148133434,0.45720567235723336,0.00604891286029724,0.48012185865950785,0.028965099162571728,0.4698629561940055,0.018706196697069355
1401,10,6,0.31949867613750854,0.30400340366148476,-0.01549527247602378,0.3731322778748957,0.05363360173738718,0.39251451977563734,0.0730158436381288,0.36191548541367896,0.04241680927617042
1401,11,3,0.6132628826730868,0.5673431625655863,-0.04591972010750056,0.502135037133237,-0.11112784553984978,0.5441173940099511,-0.06914548866313575,0.5577166735854412,-0.055546209087645626
1401,11,6,0.3692241138040362,0.2707524435290421,-0.0984716702749941,0.32568182160602044,-0.04354229219801575,0.23492103879994897,-0.13430307500408722,0.4002478611054544,0.031023747301418214
1401,12,3,0.2261404083339129,0.14309090609393788,-0.08304950223997504,0.19433932447924868,-0.031801083854664236,0.21413110345477726,-0.012009304879135652,0.22931273241525027,0.0031723240813373577
1401,12,6,0.19005430584880506,0.007596475803745895,-0.18245783004505917,0.16159534138057657,-0.028458964468228487,0.15833228172139083,-0.03172202412741423,0.2310115861034887,0.04095728025468365
1402,1,3,-0.0914008376942218,-0.16938541358066567,-0.07798457588644386,-0.09926109869106713,-0.007860260996845322,-0.10708687033536264,-0.015686032641140837,-0.08201466680945965,0.009386170884762152
1402,1,6,-0.10648993490915491,-0.19570407317586186,-0.08921413826670695,-0.13041226698985847,-0.02392233208070356,-0.14519607967522644,-0.038706144766071524,-0.08562380772986275,0.020866127179292163
1402,2,3,-0.14346415053235728,-0.17001790048139206,-0.026553749949034783,-0.1642362282200996,-0.020772077687742307,-0.15744202983934225,-0.013977879306984964,-0.13272222766163366,0.01074192287072362
1402,2,6,-0.10822136099419759,-0.1312895867293192,-0.023068225735121614,-0.11176838650712981,-0.00354702551293222,-0.151285551491832,-0.04306419049763442,-0.09663898330497515,0.011582377689222434
1402,3,3,-0.024859917392906716,-0.07177300154431951,-0.04691308415141279,-0.06741914420600745,-0.04255922681310073,-0.06963039382196122,-0.044770476429054504,-0.04146731251629382,-0.016607395123387103
1402,3,6,0.007884360495084335,-0.032715635463742176,-0.04059999595882651,-0.03185505256670819,-0.039739413061792524,-0.05716735461326335,-0.06505171510834769,0.010058136243864734,0.0021737757487804
1402,4,3,-0.017693474101741373,-0.060593294611338236,-0.04289982050959686,-0.015125286068212295,0.002568188033529078,-0.05602397058043217,-0.038330496478690794,-0.03688612721105753,-0.019192653109316157
1402,4,6,0.04190863950182263,0.04765961551751709,0.0057509760156944575,0.07223341211970885,0.03032477261788622,0.0499379813831027,0.008029341881280072,0.03359622874434766,-0.008312410757474971
1402,5,3,0.04182447225677848,0.04524520908420443,0.003420736827425948,0.04545040120593152,0.0036259289491530414,0.03900508370847403,-0.0028193885483044495,0.03515830378261662,-0.006666168474161863
1402,5,6,0.09517602787495162,0.11643127019308515,0.021255242318133527,0.11777405188644904,0.022598024011497422,0.09931446485969822,0.004138436984746599,0.13016683425795417,0.034990806383002546
1402,6,3,0.03189742890265691,0.04766291066781728,0.01576548176516037,0.046536260198882996,0.014638831296226083,0.023202001156495688,-0.008695427746161225,0.05714341234218375,0.025245983439526838
1402,6,6,0.03683209441078254,0.08579295754593083,0.04896086313514829,0.06778491588783947,0.030952821477056927,0.054588710516845516,0.017756616106062974,0.10395639095071059,0.06712429653992805
1402,7,3,0.06019645013731298,0.07221906512036702,0.012022614983054042,0.08871534679920334,0.028518896661890364,0.11329818102685026,0.05310173088953728,0.09583340992388091,0.03563695978656793
1402,7,6,0.059275167800870235,0.02484587325288906,-0.034429294547981174,0.0548537592184443,-0.0044214085824259355,0.06256445849067292,0.0032892906898026875,0.07792471445852926,0.018649546657659027
1402,8,3,0.0487148292353992,0.026555978729734343,-0.022158850505664858,0.05452229147940783,0.005807462244008632,0.03437514706504946,-0.01433968217034974,0.05716271912152959,0.008447889886130391
1402,8,6,0.0049018573879333486,-0.008784448589748228,-0.013686305977681577,-0.016976150764925334,-0.02187800815285868,0.007414246580649431,0.002512389192716082,-0.01481735421314941,-0.019719211601082757
1402,9,3,0.0042337981441058796,0.0076476708265777685,0.003413872682471889,0.02912840185171276,0.02489460370760688,0.0011248679278790363,-0.003108930216226843,0.03273982842053406,0.028506030276428177
1402,9,6,-0.10409490949167957,-0.06758707996484142,0.03650782952683815,-0.0622923220220874,0.04180258746959217,-0.06738985957515166,0.03670504991652791,-0.05052526227837154,0.05356964721330803
1402,10,3,-0.0016669911192327518,-0.026373172759279372,-0.02470618164004662,0.01611302119230021,0.01778001231153296,-0.013864416809219359,-0.012197425689986607,0.016644795163402466,0.018311786282635217
1402,10,6,-0.016803317766224735,0.06628627298833309,0.08308959075455782,0.08111781339240584,0.09792113115863058,0.08115019243306217,0.0979535101992869,0.08082959504129801,0.09763291280752275
1402,11,3,-0.040724856310754835,-0.024094868530773174,0.01662998777998166,-0.0038137216070921244,0.03691113470366271,0.03538060156591496,0.0761054578766698,0.015761755159876628,0.05648661147063146
1402,11,6,-0.06078916089914096,0.06497057613133822,0.12575973703047919,0.09229034583237239,0.15307950673151335,0.12873586471374687,0.18952502561288784,0.10608619383202962,0.16687535473117057
1402,12,3,-0.11153590366446237,-0.02188847585801864,0.08964742780644372,-0.054125394747621236,0.05741050891684113,-0.013387664785024511,0.09814823887943785,-0.05883177325130513,0.05270413041315723
1402,12,6,-0.026912747384728854,0.1615971321505271,0.18850987953525594,0.11735586791232996,0.1442686152970588,0.1956473193769082,0.22256006676163706,0.09896386390265287,0.12587661128738173
1403,1,3,-0.022556747951416586,0.09195145395598792,0.1145082019074045,0.11540089074447626,0.13795763869589284,0.17303746191025826,0.19559420986167486,0.09201862466814276,0.11457537261955934
1403,1,6,-0.047436050166396765,0.10588251890400893,0.1533185690704057,0.13096632524205,0.17840237540844678,0.18168906925716544,0.2291251194235622,0.08473205721590893,0.1321681073823057
1403,2,3,-0.029297686520309334,0.16205962417071113,0.19135731069102047,0.14540321026730987,0.17470089678761921,0.1998016019798055,0.22909928850011485,0.14961517567632554,0.17891286219663488
1403,2,6,0.13584122150370942,0.27618255271930553,0.1403413312155961,0.29550165909605575,0.15966043759234633,0.311180880711076,0.1753396592073666,0.32660633058802013,0.1907651090843107
1403,3,3,0.09310554041811256,0.23096714092698023,0.13786160050886767,0.24356194121886848,0.15045640080075592,0.17097419303692124,0.07786865261880868,0.2502532282070396,0.15714768778892704
1403,3,6,0.3474874168758723,0.4520703549306465,0.1045829380547742,0.47578423575906836,0.12829681888319605,0.43168704182247897,0.08419962494660665,0.510237689465064,0.16275027258919167
1403,4,3,-0.02860952863816821,-0.027131697031026823,0.0014778316071413881,-0.02675776322347203,0.001851765414696182,-0.020669473354309475,0.007940055283858737,-0.021655390339338644,0.006954138298829567
1403,4,6,0.3781631054004497,0.37591467634145587,-0.002248429058993806,0.37932039591998895,0.001157290519539278,0.33407743004460794,-0.044085675355841736,0.4426618490728587,0.06449874367240904
1403,5,3,0.17020847589933802,0.11217482281339293,-0.05803365308594509,0.20311571981863769,0.03290724391929967,0.15490114452997897,-0.01530733136935905,0.16656628600639795,-0.003642189892940073
1403,5,6,0.3840466573975127,0.239486507007119,-0.14456015039039372,0.4386408942419978,0.05459423684448511,0.2812989067092966,-0.10274775068821612,0.4166441118230882,0.03259745442557549
1403,6,3,0.23292775222389747,0.23020953857772675,-0.002718213646170725,0.27104448875941234,0.03811673653551487,0.25239404310645647,0.019466290882558995,0.2842626521392124,0.05133489991531495
1403,6,6,0.20785588530037513,0.2688866561775777,0.061030770877202545,0.30338337443941643,0.0955274891390413,0.25877124580865685,0.050915360508281715,0.32010126391653565,0.11224537861616052
1403,7,3,0.4198017925860791,0.4555660618643512,0.03576426927827214,0.4951969399801993,0.07539514739412023,0.4918826956338672,0.07208090304778814,0.4578098348526412,0.038008042266562125
1403,7,6,0.42132492836950536,0.5489490001130731,0.12762407174356777,0.6011394191529329,0.17981449078342754,0.517768459509249,0.09644353113974363,0.5908771550367687,0.16955222666726338
1403,8,3,0.18714400087206295,0.12240914136763777,-0.06473485950442519,0.20512773520506125,0.017983734332998297,0.15079974330953916,-0.036344257562523796,0.18636074455125481,-0.00078325632080814
1403,8,6,0.3883740179405142,0.3910696715300707,0.0026956535895565348,0.5062376035769535,0.11786358563643928,0.4218942323147755,0.03352021437426134,0.4871017512845309,0.09872773334401674
1403,9,3,-0.021556141642498073,-0.004877629775231052,0.016678511867267022,-0.007243835859972181,0.014312305782525892,-0.007955041805752894,0.013601099836745179,-0.015264388941388762,0.006291752701109311
1403,9,6,0.1782732786859164,0.2712899127839993,0.09301663409808289,0.1872843202433078,0.009011041557391408,0.25216098895805894,0.07388771027214255,0.209699090526945,0.031425811841028606
1403,10,3,-0.003727931762835361,0.03655081836686214,0.0402787501296975,0.02687395986061051,0.03060189162344587,0.12043558673168768,0.12416351849452303,0.04630614971324255,0.050034081476077914
1403,10,6,0.00520030324967099,0.07418410245875998,0.06898379920908898,0.03593641646702674,0.030736113217355754,0.10244373840820571,0.09724343515853472,0.06291465097435993,0.05771434772468894
1403,11,3,0.16387818650805666,0.2412240344688575,0.07734584796080085,0.21058698433804574,0.046708797829989074,0.2733459367319582,0.10946775022390151,0.2151898657838392,0.051311679275782535
1403,11,6,-0.05048825298378297,-0.013664329278812592,0.036823923704970375,-0.0050581924418576455,0.045430060541925325,0.011982747004494865,0.062470999988277834,0.022039652064907128,0.0725279050486901
1403,12,3,0.20529464103101655,0.328146040721397,0.12285139969038048,0.27913114440778247,0.07383650337676592,0.37305839732925894,0.1677637562982424,0.3026830724585506,0.09738843142753403
1403,12,6,0.023506653330177523,0.09087975396196499,0.06737310063178746,0.10089691993675291,0.07739026660657539,0.11360265818924682,0.0900960048590693,0.12146764421168839,0.09796099088151086
1404,1,3,0.00715665068628698,0.036707323183279204,0.029550672496992225,0.0767046449577002,0.06954799427141321,0.05422127531391222,0.04706462462762524,0.054634396209776684,0.047477745523489705
1404,1,6,0.10486325816323708,0.08249303096066117,-0.022370227202575907,0.13401737242485612,0.02915411426161904,0.07531122727624309,-0.029552030886993985,0.0981712661460029,-0.00669199201723418
1404,2,3,-0.18458556366742324,-0.1698138086389016,0.014771755028521627,-0.12767861062581762,0.05690695304160562,-0.13594531947182342,0.04864024419559981,-0.13304213093369105,0.051543432733732186
1404,2,6,0.035645585807884246,0.07459253258361756,0.038946946775733314,0.07998266421098352,0.04433707840309927,0.07896195310928679,0.04331636730140254,0.06554442011708699,0.02989883430920274
1404,3,3,-0.15237652763236945,-0.14439396579463448,0.007982561837734964,-0.10816475785220972,0.044211769780159726,-0.10506277894885545,0.047313748683514,-0.09573736881286661,0.056639158819502836
1404,3,6,0.2384496641332248,0.3079585897739447,0.06950892564071989,0.3166575602129866,0.07820789607976178,0.3715007363292776,0.1330510721960528,0.29067435216857673,0.052224688035351935
1404,4,3,0.0929318248486256,0.19065873966325017,0.09772691481462457,0.13562588610028756,0.04269406125166196,0.15364502480909176,0.06071319996046616,0.13642528833122652,0.04349346348260093
1404,4,6,0.45180317189131697,0.6660059111963952,0.21420273930507822,0.4790793024515505,0.027276130560233536,0.5165267026522378,0.0647235307609208,0.49343859344597113,0.04163542155465416
1404,5,3,0.2716615558662268,0.254195366357674,-0.017466189508552832,0.28771542823131807,0.01605387236509126,0.21452407509613938,-0.05713748077008743,0.27154137836560116,-0.00012017750062565113
1404,5,6,0.41152613848702096,0.5282223459137244,0.11669620742670345,0.5241084116740508,0.11258227318702979,0.4255137752326517,0.01398763674563075,0.530265429807261,0.11873929132024003
1404,6,3,0.4589873596988071,0.49929892480284976,0.04031156510404266,0.5033304165811461,0.04434305688233897,0.47757069079602416,0.01858333109721705,0.4443235283512714,-0.014663831347535683
1404,6,6,0.339161497254664,0.42305791469307275,0.08389641743840875,0.5197198292095047,0.18055833195484067,0.4243429010098372,0.08518140375517319,0.45059316714998204,0.11143166989531805
1404,7,3,0.3172743850879996,0.41445720896117405,0.09718282387317445,0.3657780090613774,0.04850362397337782,0.3426595485121199,0.025385163424120283,0.41965160815839553,0.10237722307039593
1404,7,6,0.11635260241292553,0.2547162208901635,0.13836361847723797,0.19040438138127108,0.07405177896834556,0.15936558325229505,0.043012980839369525,0.24109805483707153,0.124745452424146
1404,8,3,0.10697386335566877,0.21626142856614017,0.1092875652104714,0.20638852529927446,0.09941466194360568,0.25190030147198395,0.14492643811631517,0.19593814577839658,0.0889642824227278
1404,8,6,0.10920366207237515,0.3087516693158224,0.19954800724344723,0.24859410360330517,0.13939044153093,0.31818542694173646,0.20898176486936132,0.2378746731180043,0.12867101104562917
1404,9,3,-0.08378081887305548,0.0354572414587944,0.11923806033184989,-0.03149335881394247,0.052287460059113014,0.06003469687634848,0.14381551574940396,-0.037617014367493436,0.046163804505562046
1404,9,6,0.44140696626558173,0.6469027627911148,0.20549579652553307,0.6356921427874206,0.19428517652183885,0.707709292747505,0.2663023264819233,0.5573894670752352,0.11598250080965344
1404,10,3,-0.15054873201327315,-0.1304447366895792,0.020103995323693946,-0.1270084251277785,0.02354030688549466,-0.11265807902876157,0.03789065298451158,-0.11518551755812223,0.03536321445515092
1404,10,6,0.4539284384306459,0.5967233397000252,0.14279490126937933,0.7622210659628479,0.308292627532202,0.6752634734558013,0.2213350350251554,0.7422195294089139,0.288291090978268
1404,11,3,0.000978205628938827,0.02103609733349886,0.020057891704560033,0.031912303973858434,0.030934098344919607,0.0066319730880671,0.005653767459128272,0.03043999438109471,0.029461788752155882
1404,11,6,1.0024428582561784,0.8987538426387077,-0.10368901561747068,0.9577615528197784,-0.04468130543640003,0.8724493821391851,-0.1299934761169933,1.0489111977755736,0.04646833951939522
1404,12,3,0.5619173434036611,0.7311155493832165,0.16919820597955548,0.6801347308211351,0.118217387417474,0.7334651334284137,0.17154779002475262,0.6749050253181703,0.11298768191450925
1404,12,6,1.0687562775069854,1.0091152257126883,-0.05964105179429713,1.0566933791236048,-0.012062898383380594,1.0128549096848176,-0.05590136782216781,1.0358664516594582,-0.0328898258475272
