score,as_of,n_defined,mean,p10,p25,p50,p75,p90
FUNDAMENTAL_MOMENTUM_SCORE,2021-10-31,1,34.0,34.0,34.0,34.0,34.0,34.0
FUNDAMENTAL_MOMENTUM_SCORE,2021-11-30,1,27.66233766233766,27.66233766233766,27.66233766233766,27.66233766233766,27.66233766233766,27.66233766233766
FUNDAMENTAL_MOMENTUM_SCORE,2022-02-28,1,51.99134199134199,51.99134199134199,51.99134199134199,51.99134199134199,51.99134199134199,51.99134199134199
FUNDAMENTAL_MOMENTUM_SCORE,2022-03-30,1,52.82467532467532,52.82467532467532,52.82467532467532,52.82467532467532,52.82467532467532,52.82467532467532
FUNDAMENTAL_MOMENTUM_SCORE,2022-04-30,1,63.31515151515153,63.31515151515153,63.31515151515153,63.31515151515153,63.31515151515153,63.31515151515153
FUNDAMENTAL_MOMENTUM_SCORE,2022-05-31,2,74.324650759077,68.79500008188535,70.86861908583221,74.324650759077,77.78068243232178,79.85430143626866
FUNDAMENTAL_MOMENTUM_SCORE,2022-06-29,2,76.05819672131148,70.37163934426229,72.50409836065575,76.05819672131148,79.61229508196722,81.74475409836067
FUNDAMENTAL_MOMENTUM_SCORE,2022-07-31,8,58.853086781160556,44.07911202185793,55.748350897736145,58.23353499869893,65.91450364298726,77.04828584439241
FUNDAMENTAL_MOMENTUM_SCORE,2022-08-31,10,54.17983231337964,33.540018730150116,40.50009849091664,54.85196093512009,67.33258608781152,73.23424752149745
FUNDAMENTAL_MOMENTUM_SCORE,2022-09-28,9,55.83673930664671,31.626346801346802,46.28086419753086,56.46969696969697,66.9636994949495,75.50366161616162
FUNDAMENTAL_MOMENTUM_SCORE,2022-10-31,11,58.62344173743254,42.36802212304725,50.34617776137876,60.795137302674995,67.57663755842148,71.58454471268541
FUNDAMENTAL_MOMENTUM_SCORE,2022-11-30,10,55.64037443690135,40.246417554771746,45.926473221998876,55.666602929587896,69.74706087033996,75.25971204084472
FUNDAMENTAL_MOMENTUM_SCORE,2022-12-31,10,52.438637976362315,38.654843314012055,47.24804142515057,51.41317111477433,62.08844823003417,71.49698191792882
FUNDAMENTAL_MOMENTUM_SCORE,2023-01-31,12,58.649180605704636,44.906558787161984,49.368604094505926,61.69502754120901,70.31156567932145,71.81802227877036
FUNDAMENTAL_MOMENTUM_SCORE,2023-02-28,19,54.98262253481551,39.70947947947948,47.674395824395816,59.34174480603052,62.181533914867245,70.80774107440774
FUNDAMENTAL_MOMENTUM_SCORE,2023-03-29,19,56.240266464631425,34.05800576477268,48.11728636164727,61.66339007692392,66.12229979711182,71.14368162900207
FUNDAMENTAL_MOMENTUM_SCORE,2023-04-30,85,50.318780976126455,32.44497709386941,41.765881758875715,51.548757314195015,60.18012181739889,66.13898895925072
FUNDAMENTAL_MOMENTUM_SCORE,2023-05-31,106,50.003878352566666,35.48133010907992,41.91382633478786,50.034449698477566,59.58007012236453,63.9822660140469
FUNDAMENTAL_MOMENTUM_SCORE,2023-06-28,111,50.14787215591865,36.75375302372758,42.87313771803363,50.94494731636014,57.51194442274735,65.26401426483504
FUNDAMENTAL_MOMENTUM_SCORE,2023-07-31,111,49.907225120904045,31.8292938924979,42.21777654666249,50.452836040225144,59.6451404639647,63.68127567574005
FUNDAMENTAL_MOMENTUM_SCORE,2023-08-30,115,49.544953154528585,32.12876965106697,42.007541636062854,51.11605954799112,59.442133245930044,63.995092238178636
FUNDAMENTAL_MOMENTUM_SCORE,2023-09-30,114,50.247463795168436,29.70975435956582,43.62583433611377,51.23178066545724,58.849977294505706,66.52782700736869
FUNDAMENTAL_MOMENTUM_SCORE,2023-10-31,120,50.3273171801377,34.941287081307415,42.171113926881524,51.57955597177835,58.004098954490374,64.32260535591102
FUNDAMENTAL_MOMENTUM_SCORE,2023-11-29,120,50.29118620083911,37.0844949519032,43.29385650118015,50.993970458620836,56.67428382779749,65.33157803788747
FUNDAMENTAL_MOMENTUM_SCORE,2023-12-31,123,50.6047471580179,37.28392020179671,43.3509498330991,51.98749293933675,59.035305880123374,63.56803322054658
FUNDAMENTAL_MOMENTUM_SCORE,2024-01-31,116,50.30994851375066,34.069545672750806,41.67117852131588,50.240452970581174,58.15915255210127,69.53609250537822
FUNDAMENTAL_MOMENTUM_SCORE,2024-02-28,112,49.898273046546265,27.51754618518725,39.762916972606966,50.71209915474441,59.8346358284807,67.20385124617837
FUNDAMENTAL_MOMENTUM_SCORE,2024-03-30,124,49.63234595249117,29.665504893834683,39.48668626561518,50.93609483176313,60.37631859775957,64.61647246904651
FUNDAMENTAL_MOMENTUM_SCORE,2024-04-30,118,50.2763392869641,33.11899017881432,41.963915552012644,51.202022762707855,60.38760420694137,64.82795919880121
FUNDAMENTAL_MOMENTUM_SCORE,2024-05-29,111,51.21414276088838,32.84805465627919,44.19385990344125,53.134605562046154,59.73886004402925,66.51400224988045
FUNDAMENTAL_MOMENTUM_SCORE,2024-06-30,113,50.71725742640976,35.222648513794645,43.46592890112211,52.9406805583594,59.53493747270916,63.04989610049546
FUNDAMENTAL_MOMENTUM_SCORE,2024-07-31,120,51.693599341388804,30.82000462884815,41.67362349660472,54.19507610337399,61.485310359895706,67.79464059842319
FUNDAMENTAL_MOMENTUM_SCORE,2024-08-31,122,52.26498512619778,34.614323476228286,42.68571736163983,52.52204083731139,63.01776297840169,70.55959743241701
FUNDAMENTAL_MOMENTUM_SCORE,2024-09-30,107,52.08626331546198,32.70850870456832,44.10171439033254,52.8329296235417,63.0119567501995,69.54704984168355
FUNDAMENTAL_MOMENTUM_SCORE,2024-10-30,124,51.44170376120448,31.478581187073065,43.42030252963035,50.71603593317692,61.37892294736316,69.6784476930621
FUNDAMENTAL_MOMENTUM_SCORE,2024-11-30,127,51.307534279100466,30.878169700967362,42.456720028067615,52.77111263545592,59.45220308400489,69.28121894055307
FUNDAMENTAL_MOMENTUM_SCORE,2024-12-31,114,51.76836474089324,33.45080998954941,44.22039645029904,53.9366581312334,60.101691715729935,67.08839236531885
FUNDAMENTAL_MOMENTUM_SCORE,2025-01-29,119,51.714044336384354,32.268323859531215,42.85842985523104,51.94678348713781,62.06527274112575,72.93317400256376
FUNDAMENTAL_MOMENTUM_SCORE,2025-02-26,123,51.66783905807663,32.325502384325915,41.2466566960031,51.54360768739854,61.22508392116235,70.47309867571306
FUNDAMENTAL_MOMENTUM_SCORE,2025-03-30,119,51.53372118121155,30.310799884281316,42.192514315703164,52.74608558147952,62.44498556917804,70.30607899283166
FUNDAMENTAL_MOMENTUM_SCORE,2025-04-30,129,50.451114981986244,33.84243100244391,42.23245089508619,49.535997053363154,58.992061296624655,67.73802565443671
FUNDAMENTAL_MOMENTUM_SCORE,2025-05-31,126,51.074419715905925,35.384405220383215,41.67475253482691,50.17018355583791,60.06330805326769,68.77733301993752
FUNDAMENTAL_MOMENTUM_SCORE,2025-06-30,129,51.128437005606166,34.43115426256493,40.56092143972464,51.249269748204064,60.774601640322466,68.76453339395923
FUNDAMENTAL_MOMENTUM_SCORE,2025-07-30,120,51.435648604856205,28.68754001657557,42.06390463371292,51.0978132254843,61.57965363726116,70.84238170570828
FUNDAMENTAL_MOMENTUM_SCORE,2025-08-31,130,52.00727749821088,32.675104678883194,42.42715412912897,52.50781411311354,63.19895589606348,72.20680884759945
FUNDAMENTAL_MOMENTUM_SCORE,2025-09-30,133,51.59416004154577,32.09056778191365,43.8361673248352,51.60707242400978,62.416159663671586,70.11875547165666
FUNDAMENTAL_MOMENTUM_SCORE,2025-10-29,132,50.241129660150186,32.84967329289814,42.873005680609,51.45889840923097,57.72755140780687,66.74995325164892
FUNDAMENTAL_MOMENTUM_SCORE,2025-11-30,135,50.20940202895341,34.32988860865215,40.78136273241817,50.61151915678549,59.10902251059045,66.52667129989214
FUNDAMENTAL_MOMENTUM_SCORE,2025-12-31,132,50.15793803916472,35.79826712892994,41.64023389540514,50.34661374191106,58.718071572515115,66.34958338387783
FUNDAMENTAL_MOMENTUM_SCORE,2026-01-31,135,50.98774827003464,33.871323933737166,40.76740318913477,49.19015103006878,63.29431310670269,68.2366535135966
FUNDAMENTAL_MOMENTUM_SCORE,2026-05-31,13,58.620741603033665,46.3434874089059,51.73732054865335,59.21946141682371,61.86616336903397,73.63147261023644
FUNDAMENTAL_MOMENTUM_SCORE,2026-06-30,13,59.37215949563111,44.83756760151894,50.821528085479414,58.50012347698145,66.07083980992999,72.6496664462811
EARNINGS_QUALITY_RESILIENCE_SCORE,2021-07-31,7,48.775510204081634,33.714285714285715,45.0,50.95238095238095,57.85714285714286,61.904761904761905
EARNINGS_QUALITY_RESILIENCE_SCORE,2021-08-31,8,49.21875,34.017857142857146,43.92857142857143,50.17857142857143,59.419642857142854,63.99999999999999
EARNINGS_QUALITY_RESILIENCE_SCORE,2021-09-29,6,49.166666666666664,29.166666666666668,46.5,52.5,60.75000000000001,65.83333333333334
EARNINGS_QUALITY_RESILIENCE_SCORE,2021-10-31,8,50.41666666666667,37.61904761904762,45.83333333333333,51.19047619047619,58.63095238095238,62.666666666666664
EARNINGS_QUALITY_RESILIENCE_SCORE,2021-11-30,9,49.53703703703704,25.0,47.91666666666667,52.083333333333336,58.333333333333336,63.125
EARNINGS_QUALITY_RESILIENCE_SCORE,2021-12-29,8,49.73214285714286,25.5,43.92857142857143,52.38095238095239,60.0,64.42857142857143
EARNINGS_QUALITY_RESILIENCE_SCORE,2022-01-31,9,49.9537037037037,42.38095238095238,46.279761904761905,47.5,52.23214285714285,57.88690476190477
EARNINGS_QUALITY_RESILIENCE_SCORE,2022-02-28,9,50.02580978190734,41.875725900116144,50.0,50.0,57.291666666666664,59.791666666666664
EARNINGS_QUALITY_RESILIENCE_SCORE,2022-03-30,9,49.63029926102048,41.705963938973646,48.80952380952381,52.5,54.74539330295225,58.71660557426855
EARNINGS_QUALITY_RESILIENCE_SCORE,2022-04-30,9,50.5883320640265,37.80239898989899,49.4212962962963,53.273809523809526,57.98520923520923,64.94512085137085
EARNINGS_QUALITY_RESILIENCE_SCORE,2022-05-31,9,50.46011781201064,38.50826134288524,48.379629629629626,51.19815809804747,57.588407781991855,64.59767498444806
EARNINGS_QUALITY_RESILIENCE_SCORE,2022-06-29,8,49.76447815968493,37.13150062656642,44.529291979949875,48.487429511278194,61.064841232545646,63.3922697368421
EARNINGS_QUALITY_RESILIENCE_SCORE,2022-07-31,8,49.150391750980056,33.201044188861985,45.701233353510894,50.67689416868443,54.69812925170068,60.76031577885392
EARNINGS_QUALITY_RESILIENCE_SCORE,2022-08-31,9,49.46104497354497,30.586388888888887,44.670833333333334,51.19047619047619,56.15079365079365,62.51416666666667
EARNINGS_QUALITY_RESILIENCE_SCORE,2022-09-28,8,49.677756519274375,35.798115079365076,42.484499007936506,50.78656462585034,56.48304634353742,61.63467261904761
EARNINGS_QUALITY_RESILIENCE_SCORE,2022-10-31,9,48.77764573497887,34.78556791569086,37.29142271662763,51.12521955503513,51.879025175644024,67.43838519014163
EARNINGS_QUALITY_RESILIENCE_SCORE,2022-11-30,8,47.30083962718946,34.05511811023622,37.91479190101237,48.743572232042425,52.743602362204726,59.162682789651285
EARNINGS_QUALITY_RESILIENCE_SCORE,2022-12-31,8,47.27835884353742,36.03357142857143,43.47755102040817,47.67261904761905,50.20178571428571,58.70357142857142
EARNINGS_QUALITY_RESILIENCE_SCORE,2023-01-31,9,48.09809699741966,28.44981527093596,41.72567733990148,52.07820197044335,56.1884236453202,64.82395760028149
EARNINGS_QUALITY_RESILIENCE_SCORE,2023-02-28,8,47.934200747228026,31.615579302587175,41.760404949381325,49.961332958380204,54.007060501365906,62.60123734533183
EARNINGS_QUALITY_RESILIENCE_SCORE,2023-03-29,9,48.77368617199966,29.1776738473167,38.00453514739229,48.894675925925924,56.70918367346939,67.65542328042328
EARNINGS_QUALITY_RESILIENCE_SCORE,2023-04-30,8,47.69893053375196,27.642742673992675,30.726018772893774,45.27701465201466,65.75353218210361,70.21119505494505
EARNINGS_QUALITY_RESILIENCE_SCORE,2023-05-31,8,49.522456709956714,29.227543290043293,34.559320887445885,48.30221861471862,60.3321158008658,74.65679112554112
EARNINGS_QUALITY_RESILIENCE_SCORE,2023-06-28,8,48.20594583987442,33.90418956043956,37.95133437990581,45.80357142857143,55.375457875457876,67.81398809523809
EARNINGS_QUALITY_RESILIENCE_SCORE,2023-07-31,8,49.0817836801987,31.31792780061665,38.789905575539564,47.38432468311065,66.61527920520726,68.98954051044879
EARNINGS_QUALITY_RESILIENCE_SCORE,2023-08-30,8,50.85137784584636,30.94955683003128,40.00024439520333,50.63298357664233,67.71246089676745,70.90784671532846
EARNINGS_QUALITY_RESILIENCE_SCORE,2023-09-30,9,49.64194247438928,34.2863475177305,40.495187436676794,41.31680597771024,64.72222222222223,69.44919368456603
EARNINGS_QUALITY_RESILIENCE_SCORE,2023-10-31,9,49.410632811900925,36.52777777777778,42.52717391304348,43.918219461697724,60.64311594202898,63.93115942028985
EARNINGS_QUALITY_RESILIENCE_SCORE,2023-11-29,9,49.57742139621636,37.08453237410072,42.97062350119904,43.277877697841724,60.43390287769784,65.25179856115108
EARNINGS_QUALITY_RESILIENCE_SCORE,2023-12-31,9,49.391745468873125,36.30445795339412,42.19224924012158,43.88614488348531,62.064652988855116,64.70871327254306
EARNINGS_QUALITY_RESILIENCE_SCORE,2024-01-31,9,49.098875661375665,30.710784313725494,36.91789215686274,50.64338235294118,59.74264705882353,66.79971988795519
EARNINGS_QUALITY_RESILIENCE_SCORE,2024-02-28,8,48.99133995703544,30.857142857142858,37.75375939849624,45.12218045112782,61.12244897959183,67.67346938775509
EARNINGS_QUALITY_RESILIENCE_SCORE,2024-03-30,8,47.943908769801624,27.656718281718284,36.499438061938065,47.267018695590124,60.14350233100233,65.2724358974359
EARNINGS_QUALITY_RESILIENCE_SCORE,2024-04-30,9,47.81143707482993,31.133928571428573,41.70918367346939,45.379464285714285,63.191964285714285,70.12946428571429
EARNINGS_QUALITY_RESILIENCE_SCORE,2024-05-29,9,47.92001432867311,31.614315690304903,43.24897225077081,43.98980815347721,60.09549503254539,70.4417486419028
EARNINGS_QUALITY_RESILIENCE_SCORE,2024-06-30,9,47.45019640852974,31.773538961038962,40.4040404040404,44.291125541125545,62.58116883116883,70.83739177489177
EARNINGS_QUALITY_RESILIENCE_SCORE,2024-07-31,9,46.516754850088184,34.16666666666667,44.44444444444444,45.74652777777778,58.59375,62.47271825396825
EARNINGS_QUALITY_RESILIENCE_SCORE,2024-08-31,9,46.898862194941835,35.71380678708265,44.251676245210724,46.31482621784346,59.871544882320734,61.7520720932051
EARNINGS_QUALITY_RESILIENCE_SCORE,2024-09-30,8,47.12555508314437,33.55919312169312,44.520502645502646,49.42212301587301,52.63611347316704,62.24669312169311
EARNINGS_QUALITY_RESILIENCE_SCORE,2024-10-30,9,48.64796169649893,39.786284194528875,46.87262537993921,48.08051545086119,54.07563956433638,59.737367021276604
EARNINGS_QUALITY_RESILIENCE_SCORE,2024-11-30,9,48.51741622574956,40.917658730158735,46.92460317460318,48.53670634920635,52.542162698412696,59.59254535147393
EARNINGS_QUALITY_RESILIENCE_SCORE,2024-12-31,7,48.46235256692604,36.82523980815347,46.45083932853717,49.700239808153476,52.92458890030832,58.79787598492636
EARNINGS_QUALITY_RESILIENCE_SCORE,2025-01-29,8,45.7883912962038,31.9373334998335,40.839368964368965,46.506098068598064,53.149584790209786,58.22880244755245
EARNINGS_QUALITY_RESILIENCE_SCORE,2025-02-26,8,45.997993167337356,28.96063883299799,39.665335764587525,48.7497904091214,55.11113556338029,58.64971076458752
EARNINGS_QUALITY_RESILIENCE_SCORE,2025-03-30,9,45.64711571900539,27.155125195618155,38.609643974960875,47.906885758998435,51.783385498174226,61.70200834637455
EARNINGS_QUALITY_RESILIENCE_SCORE,2025-04-30,10,45.11686808561809,29.157723063973062,34.345407196969695,46.9279852092352,55.74100378787879,59.0853851010101
EARNINGS_QUALITY_RESILIENCE_SCORE,2025-05-31,10,46.11366506372664,24.95045280390108,37.65819369806439,49.401534255290414,56.89375590884211,61.59659712892471
EARNINGS_QUALITY_RESILIENCE_SCORE,2025-06-30,9,48.20415759955731,29.850197815429606,41.11937731143029,51.48914472471709,62.50559043605401,64.5135481043712
EARNINGS_QUALITY_RESILIENCE_SCORE,2025-07-30,8,50.449085884353735,28.67580782312925,46.23139880952381,53.27593537414967,58.856469671201815,66.26835317460316
EARNINGS_QUALITY_RESILIENCE_SCORE,2025-08-31,9,49.92865159531826,31.20196866625438,41.26172438672439,52.54644660894661,57.269635126777985,67.60209235209236
EARNINGS_QUALITY_RESILIENCE_SCORE,2025-09-30,10,49.82021024784183,32.66390882509304,37.70840453406243,52.452153110047846,56.20644888736993,62.19836997797523
EARNINGS_QUALITY_RESILIENCE_SCORE,2025-10-29,10,48.50158687212259,33.575261544011546,37.13296871779015,48.43105802927232,55.37743506493507,68.34791366041365
EARNINGS_QUALITY_RESILIENCE_SCORE,2025-11-30,8,48.023658476548505,31.455088614393127,35.69078947368421,49.768953634085214,54.920504385964904,64.08521303258145
EARNINGS_QUALITY_RESILIENCE_SCORE,2025-12-31,9,48.57073860245853,32.410322681704265,39.252148227712134,51.17481203007519,58.108161027568926,60.25398317221626
EARNINGS_QUALITY_RESILIENCE_SCORE,2026-01-31,9,49.25659112676222,31.38603095763692,33.22952801429623,55.756103489961106,58.174422500788395,61.80934970566594
EARNINGS_QUALITY_RESILIENCE_SCORE,2026-05-31,13,49.750219055524816,22.078006825308982,29.453360388612186,51.73076923076923,70.8885775994589,72.26974189878867
EARNINGS_QUALITY_RESILIENCE_SCORE,2026-06-30,12,51.59399281274281,22.296620046620045,37.06184440559441,55.539044289044284,68.63648504273505,70.49975718725719
LIQUIDITY_CAPACITY_SCORE,2021-01-31,75,50.0,23.51351351351352,38.851351351351354,49.0990990990991,62.5,75.31531531531537
LIQUIDITY_CAPACITY_SCORE,2021-02-28,77,49.99999999999999,23.640350877192983,33.55263157894737,49.34210526315789,66.00877192982456,75.6578947368421
LIQUIDITY_CAPACITY_SCORE,2021-03-31,76,50.0,26.666666666666664,36.77777777777778,49.55555555555556,64.11111111111111,74.66666666666666
LIQUIDITY_CAPACITY_SCORE,2021-04-28,79,50.0,16.837606837606835,34.08119658119658,53.205128205128204,69.01709401709402,78.84615384615384
LIQUIDITY_CAPACITY_SCORE,2021-05-31,85,50.0,22.22222222222222,33.73015873015873,46.82539682539682,72.81746031746032,80.87301587301587
LIQUIDITY_CAPACITY_SCORE,2021-06-30,82,50.0,22.65432098765432,34.15637860082305,50.308641975308646,69.70164609053498,79.4238683127572
LIQUIDITY_CAPACITY_SCORE,2021-07-31,150,50.0,24.172259507829978,34.73154362416108,48.76957494407159,65.38031319910515,81.06263982102908
LIQUIDITY_CAPACITY_SCORE,2021-08-31,192,50.0,25.078534031413614,36.976439790575924,49.60732984293193,61.78010471204188,76.98080279232113
LIQUIDITY_CAPACITY_SCORE,2021-09-29,194,50.0,27.132987910189982,38.01813471502591,50.30224525043178,62.04663212435233,74.75820379965458
LIQUIDITY_CAPACITY_SCORE,2021-10-31,197,50.0,26.3265306122449,36.564625850340136,50.93537414965987,61.64965986394557,74.47278911564626
LIQUIDITY_CAPACITY_SCORE,2021-11-30,202,49.917491749174914,27.79709784411277,36.02031509121061,50.82835820895522,61.7910447761194,75.84684908789386
LIQUIDITY_CAPACITY_SCORE,2021-12-29,203,50.0,28.564356435643568,37.95379537953795,50.99009900990099,62.21122112211222,72.17821782178218
LIQUIDITY_CAPACITY_SCORE,2022-01-31,198,50.0,26.429780033840945,36.04060913705584,50.84602368866329,63.853637901861255,73.40101522842642
LIQUIDITY_CAPACITY_SCORE,2022-02-28,206,50.0,22.439024390243905,35.77235772357724,51.91056910569105,62.96747967479674,74.95934959349594
LIQUIDITY_CAPACITY_SCORE,2022-03-30,208,50.0,25.780998389694044,37.62077294685991,49.8389694041868,63.56682769726248,76.11916264090178
LIQUIDITY_CAPACITY_SCORE,2022-04-30,203,50.0,27.07920792079208,37.16996699669967,47.524752475247524,63.201320132013194,74.37293729372936
LIQUIDITY_CAPACITY_SCORE,2022-05-31,199,50.0,23.72053872053872,33.88047138047138,48.23232323232323,65.9090909090909,78.43434343434345
LIQUIDITY_CAPACITY_SCORE,2022-06-29,206,50.0,22.76422764227642,35.28455284552845,49.390243902439025,63.90243902439025,79.71544715447155
LIQUIDITY_CAPACITY_SCORE,2022-07-31,208,50.0,22.085346215781005,35.245571658615134,48.95330112721417,62.25845410628019,77.17391304347825
LIQUIDITY_CAPACITY_SCORE,2022-08-31,213,50.0,26.80817610062893,39.937106918238996,50.393081761006286,62.028301886792455,73.97798742138366
LIQUIDITY_CAPACITY_SCORE,2022-09-28,208,50.0,26.851851851851855,37.60064412238326,49.31561996779388,62.37922705314009,75.21739130434781
LIQUIDITY_CAPACITY_SCORE,2022-10-31,210,50.0,26.379585326953748,36.98165869218501,50.079744816586924,64.63317384370015,76.19617224880383
LIQUIDITY_CAPACITY_SCORE,2022-11-30,212,50.0,25.624012638230646,37.2827804107425,50.23696682464454,62.95418641390206,75.27646129541866
LIQUIDITY_CAPACITY_SCORE,2022-12-31,211,50.00000000000001,26.746031746031747,37.539682539682545,50.95238095238095,62.301587301587304,73.65079365079366
LIQUIDITY_CAPACITY_SCORE,2023-01-31,200,50.0,26.633165829145728,37.688442211055275,50.335008375209384,63.60971524288107,75.47738693467336
LIQUIDITY_CAPACITY_SCORE,2023-02-28,207,50.0,25.906148867313917,36.00323624595469,49.59546925566343,64.11812297734627,75.09708737864078
LIQUIDITY_CAPACITY_SCORE,2023-03-29,216,50.0,26.434108527131784,36.58914728682171,49.30232558139535,64.26356589147288,72.98449612403101
LIQUIDITY_CAPACITY_SCORE,2023-04-30,207,50.0,26.909385113268605,37.459546925566336,49.433656957928804,63.14724919093851,73.83495145631069
LIQUIDITY_CAPACITY_SCORE,2023-05-31,208,50.0,25.619967793880836,33.97745571658616,49.43639291465378,64.21095008051529,77.35909822866346
LIQUIDITY_CAPACITY_SCORE,2023-06-28,207,50.0,24.466019417475728,31.79611650485437,50.080906148867314,64.92718446601941,80.9061488673139
LIQUIDITY_CAPACITY_SCORE,2023-07-31,212,50.0,24.581358609794627,36.37440758293839,50.23696682464454,63.467614533965246,76.18483412322274
LIQUIDITY_CAPACITY_SCORE,2023-08-30,213,50.0,28.144654088050316,39.072327044025165,49.528301886792455,61.713836477987414,72.97169811320754
LIQUIDITY_CAPACITY_SCORE,2023-09-30,219,50.0,26.88073394495413,36.27675840978594,49.464831804281346,62.805810397553515,75.48929663608564
LIQUIDITY_CAPACITY_SCORE,2023-10-31,213,50.0,27.327044025157235,38.757861635220124,49.84276729559749,60.37735849056604,72.16981132075473
LIQUIDITY_CAPACITY_SCORE,2023-11-29,216,50.0,27.51937984496124,36.66666666666667,50.07751937984496,62.5968992248062,75.81395348837209
LIQUIDITY_CAPACITY_SCORE,2023-12-31,215,50.0,27.834890965732086,37.967289719626166,50.31152647975077,60.59190031152649,74.17445482866043
LIQUIDITY_CAPACITY_SCORE,2024-01-31,213,50.0,24.984276729559753,37.5,50.86477987421384,62.65723270440251,73.78930817610063
LIQUIDITY_CAPACITY_SCORE,2024-02-28,206,50.0,26.544715447154474,38.88211382113822,52.03252032520325,62.56097560975609,71.3821138211382
LIQUIDITY_CAPACITY_SCORE,2024-03-30,220,50.0,23.203957382039576,37.55707762557078,50.0,65.10654490106545,74.09436834094369
LIQUIDITY_CAPACITY_SCORE,2024-04-30,214,50.0,23.30203442879499,37.03051643192488,51.9170579029734,64.61267605633802,72.56651017214398
LIQUIDITY_CAPACITY_SCORE,2024-05-29,212,50.0,21.88783570300158,36.19668246445497,50.47393364928911,65.02764612954186,77.76461295418642
LIQUIDITY_CAPACITY_SCORE,2024-06-30,204,50.0,25.779967159277504,34.8111658456486,49.42528735632184,66.05090311986864,78.08702791461413
LIQUIDITY_CAPACITY_SCORE,2024-07-31,212,50.0,28.878357030015803,37.9739336492891,50.039494470774095,62.12480252764613,72.88309636650868
LIQUIDITY_CAPACITY_SCORE,2024-08-31,218,50.0,25.33026113671275,37.74961597542243,51.65130568356375,62.78801843317973,72.8110599078341
LIQUIDITY_CAPACITY_SCORE,2024-09-30,205,50.0,27.908496732026148,39.86928104575164,50.08169934640523,62.33660130718954,70.7516339869281
LIQUIDITY_CAPACITY_SCORE,2024-10-30,217,50.0,26.62037037037037,36.80555555555556,49.92283950617284,63.96604938271605,73.78086419753086
LIQUIDITY_CAPACITY_SCORE,2024-11-30,220,50.0,25.707762557077626,38.203957382039576,51.75038051750381,63.051750380517504,70.66971080669711
LIQUIDITY_CAPACITY_SCORE,2024-12-31,213,50.0,25.11006289308176,39.858490566037744,51.257861635220124,61.94968553459119,71.19496855345912
LIQUIDITY_CAPACITY_SCORE,2025-01-29,213,50.0,23.66352201257862,38.60062893081761,50.550314465408796,63.20754716981133,74.37106918238995
LIQUIDITY_CAPACITY_SCORE,2025-02-26,210,50.0,26.602870813397132,35.187400318979265,50.95693779904306,62.75917065390749,73.38118022328548
LIQUIDITY_CAPACITY_SCORE,2025-03-30,217,50.00000000000001,24.382716049382715,35.41666666666667,50.77160493827161,63.88888888888889,76.17283950617283
LIQUIDITY_CAPACITY_SCORE,2025-04-30,219,50.0,27.370030581039757,35.206422018348626,50.30581039755352,63.34097859327217,72.3547400611621
LIQUIDITY_CAPACITY_SCORE,2025-05-31,213,50.0,25.786163522012583,36.32075471698113,50.0,63.9937106918239,74.68553459119497
LIQUIDITY_CAPACITY_SCORE,2025-06-30,219,50.0,25.718654434250766,36.391437308868504,50.688073394495405,63.6467889908257,75.06116207951071
LIQUIDITY_CAPACITY_SCORE,2025-07-30,204,50.0,27.68472906403941,39.12151067323481,49.3431855500821,60.529556650246306,74.0311986863711
LIQUIDITY_CAPACITY_SCORE,2025-08-31,221,50.0,24.84848484848485,37.95454545454546,48.56060606060606,62.424242424242415,75.3030303030303
LIQUIDITY_CAPACITY_SCORE,2025-09-30,222,50.0,26.6289592760181,38.70663650075414,49.43438914027149,63.178733031674206,74.63800904977376
LIQUIDITY_CAPACITY_SCORE,2025-10-29,224,50.0,25.971599402092675,37.257100149476834,50.85949177877429,64.61136023916293,75.35127055306428
LIQUIDITY_CAPACITY_SCORE,2025-11-30,225,50.0,26.25,39.28571428571428,50.595238095238095,62.5,74.79166666666667
LIQUIDITY_CAPACITY_SCORE,2025-12-31,223,50.0,26.381381381381384,39.97747747747748,49.474474474474476,62.38738738738739,73.2882882882883
LIQUIDITY_CAPACITY_SCORE,2026-01-31,218,50.0,26.42089093701997,38.901689708141326,50.34562211981567,62.365591397849464,72.642089093702
LIQUIDITY_CAPACITY_SCORE,2026-05-31,203,50.0,26.947194719471952,35.148514851485146,50.24752475247525,64.76897689768975,73.31683168316832
LIQUIDITY_CAPACITY_SCORE,2026-06-30,208,50.0,24.090177133655395,36.795491143317236,50.925925925925924,62.90257648953301,75.21739130434781
TECHNICAL_CONFIRMATION_SCORE,2021-01-31,75,50.0,20.000000000000004,31.25,46.79054054054054,67.73648648648648,85.10135135135137
TECHNICAL_CONFIRMATION_SCORE,2021-02-28,77,50.000000000000014,18.42105263157895,32.07236842105263,47.36842105263158,68.91447368421053,81.71052631578948
TECHNICAL_CONFIRMATION_SCORE,2021-03-31,76,49.99999999999999,24.416666666666664,33.08333333333333,51.66666666666667,66.79166666666667,78.25
TECHNICAL_CONFIRMATION_SCORE,2021-04-28,79,50.000000000000014,25.320512820512818,32.29166666666667,50.80128205128205,65.86538461538461,74.8076923076923
TECHNICAL_CONFIRMATION_SCORE,2021-05-31,85,50.0,20.208333333333336,31.994047619047617,49.4047619047619,68.00595238095238,80.29761904761907
TECHNICAL_CONFIRMATION_SCORE,2021-06-30,82,50.0,20.555555555555554,31.018518518518515,50.77160493827161,65.70216049382715,81.7283950617284
TECHNICAL_CONFIRMATION_SCORE,2021-07-31,150,50.0,18.691275167785236,31.41778523489933,49.16107382550335,69.90352348993288,84.41275167785234
TECHNICAL_CONFIRMATION_SCORE,2021-08-31,192,50.0,20.189790575916234,32.460732984293195,50.19633507853403,67.7765052356021,78.51112565445028
TECHNICAL_CONFIRMATION_SCORE,2021-09-29,194,50.0,21.398963730569946,32.075777202072544,51.39248704663213,68.40997409326425,81.54145077720207
TECHNICAL_CONFIRMATION_SCORE,2021-10-31,197,50.0,19.183673469387756,31.441326530612244,47.51275510204081,69.32397959183673,83.53316326530613
TECHNICAL_CONFIRMATION_SCORE,2021-11-30,202,50.02009929137903,19.30917288557214,32.53482587064676,50.97745646766169,67.06498756218906,81.91408582089554
TECHNICAL_CONFIRMATION_SCORE,2021-12-29,203,50.0,18.21782178217822,31.03341584158416,49.257425742574256,70.63737623762376,80.6930693069307
TECHNICAL_CONFIRMATION_SCORE,2022-01-31,198,50.0,17.588832487309645,29.74302030456853,52.66497461928934,68.54378172588832,80.86928934010155
TECHNICAL_CONFIRMATION_SCORE,2022-02-28,206,50.0,18.65853658536585,31.112804878048777,50.823170731707314,70.97560975609755,79.0548780487805
TECHNICAL_CONFIRMATION_SCORE,2022-03-30,208,50.0,20.64009661835749,33.22765700483092,49.60748792270531,69.20289855072464,77.55434782608695
TECHNICAL_CONFIRMATION_SCORE,2022-04-30,203,50.0,27.85891089108911,37.68564356435644,49.319306930693074,60.86014851485149,75.38985148514853
TECHNICAL_CONFIRMATION_SCORE,2022-05-31,199,50.0,22.272727272727273,36.42676767676768,50.189393939393945,65.21464646464646,75.64393939393939
TECHNICAL_CONFIRMATION_SCORE,2022-06-29,206,50.00000000000001,23.75,34.49695121951219,50.548780487804876,67.59146341463415,78.01829268292683
TECHNICAL_CONFIRMATION_SCORE,2022-07-31,208,50.0,19.444444444444446,30.96316425120773,48.85265700483092,66.60628019323671,82.7536231884058
TECHNICAL_CONFIRMATION_SCORE,2022-08-31,213,50.0,26.45047169811321,34.257075471698116,48.938679245283026,65.38915094339623,76.43867924528301
TECHNICAL_CONFIRMATION_SCORE,2022-09-28,208,50.0,19.734299516908212,31.06884057971015,50.33212560386474,69.29347826086956,80.27173913043478
TECHNICAL_CONFIRMATION_SCORE,2022-10-31,210,50.0,18.995215311004788,31.175239234449762,50.08971291866028,67.2846889952153,80.01196172248805
TECHNICAL_CONFIRMATION_SCORE,2022-11-30,212,50.0,20.953791469194314,33.85663507109005,50.829383886255926,67.56516587677724,77.71919431279622
TECHNICAL_CONFIRMATION_SCORE,2022-12-31,211,50.0,24.94047619047619,34.55357142857143,49.464285714285715,64.67261904761904,78.39285714285714
TECHNICAL_CONFIRMATION_SCORE,2023-01-31,200,50.0,21.815326633165828,32.663316582914575,48.618090452261306,66.78706030150754,79.88065326633165
TECHNICAL_CONFIRMATION_SCORE,2023-02-28,207,50.0,22.42718446601942,33.282766990291265,49.939320388349515,66.08009708737865,80.93446601941748
TECHNICAL_CONFIRMATION_SCORE,2023-03-29,216,50.0,27.819767441860463,38.15406976744186,49.21511627906977,62.8343023255814,73.22674418604652
TECHNICAL_CONFIRMATION_SCORE,2023-04-30,207,50.0,29.101941747572816,35.57342233009709,49.75728155339806,62.151092233009706,72.90655339805825
TECHNICAL_CONFIRMATION_SCORE,2023-05-31,208,50.0,22.13768115942029,33.031400966183575,47.55434782608696,66.09299516908213,77.45169082125604
TECHNICAL_CONFIRMATION_SCORE,2023-06-28,207,50.0,22.281553398058254,30.491504854368934,49.150485436893206,70.26699029126213,79.57524271844662
TECHNICAL_CONFIRMATION_SCORE,2023-07-31,212,50.0,19.04620853080569,30.346563981042653,47.89691943127963,69.65343601895735,82.71919431279622
TECHNICAL_CONFIRMATION_SCORE,2023-08-30,213,50.0,19.563679245283016,33.0188679245283,48.938679245283026,69.33962264150944,78.36084905660378
TECHNICAL_CONFIRMATION_SCORE,2023-09-30,219,50.0,20.538990825688074,34.088302752293586,51.20412844036697,66.97247706422019,77.61467889908258
TECHNICAL_CONFIRMATION_SCORE,2023-10-31,213,50.0,18.372641509433972,29.71698113207547,50.766509433962256,67.80660377358491,82.44103773584906
TECHNICAL_CONFIRMATION_SCORE,2023-11-29,216,50.0,22.96511627906977,34.200581395348834,49.73837209302326,66.22093023255815,77.58720930232558
TECHNICAL_CONFIRMATION_SCORE,2023-12-31,215,50.0,23.16588785046729,33.44042056074766,48.83177570093458,67.81542056074767,77.48831775700934
TECHNICAL_CONFIRMATION_SCORE,2024-01-31,213,50.0,20.09433962264151,32.01650943396226,47.58254716981132,71.22641509433963,80.38915094339623
TECHNICAL_CONFIRMATION_SCORE,2024-02-28,206,50.0,18.99390243902439,32.3780487804878,49.603658536585364,67.8810975609756,80.67073170731706
TECHNICAL_CONFIRMATION_SCORE,2024-03-30,220,50.0,20.736301369863014,32.519977168949765,49.65753424657534,67.92237442922374,80.83333333333334
TECHNICAL_CONFIRMATION_SCORE,2024-04-30,214,50.0,19.991197183098592,32.83450704225352,48.8556338028169,69.29284037558685,79.41314553990611
TECHNICAL_CONFIRMATION_SCORE,2024-05-29,212,50.0,18.936611374407583,30.50947867298578,50.97748815165877,67.16528436018957,82.52369668246446
TECHNICAL_CONFIRMATION_SCORE,2024-06-30,204,50.0,18.842364532019705,29.772167487684733,50.21551724137932,69.44273399014779,82.49384236453203
TECHNICAL_CONFIRMATION_SCORE,2024-07-31,212,50.0,15.817535545023697,30.376184834123222,50.97748815165877,71.07523696682465,82.8495260663507
TECHNICAL_CONFIRMATION_SCORE,2024-08-31,218,50.0,18.461981566820278,30.4147465437788,48.329493087557594,71.22695852534561,83.63767281105991
TECHNICAL_CONFIRMATION_SCORE,2024-09-30,205,50.0,21.67892156862745,32.84313725490196,50.06127450980392,68.01470588235294,76.89950980392157
TECHNICAL_CONFIRMATION_SCORE,2024-10-30,217,50.0,18.854166666666668,31.65509259259259,49.88425925925925,68.86574074074075,81.67824074074073
TECHNICAL_CONFIRMATION_SCORE,2024-11-30,220,50.0,22.722602739726025,32.548515981735164,52.682648401826484,65.83904109589041,75.34817351598173
TECHNICAL_CONFIRMATION_SCORE,2024-12-31,213,50.0,20.483490566037737,33.431603773584904,51.82783018867924,66.15566037735849,77.94811320754717
TECHNICAL_CONFIRMATION_SCORE,2025-01-29,213,50.00000000000001,18.797169811320757,31.957547169811317,49.94103773584906,67.51179245283019,83.20754716981136
TECHNICAL_CONFIRMATION_SCORE,2025-02-26,210,50.0,17.374401913875598,32.999401913875595,48.83373205741627,68.43600478468899,81.85406698564593
TECHNICAL_CONFIRMATION_SCORE,2025-03-30,217,50.0,19.131944444444443,31.01851851851852,50.11574074074075,69.21296296296296,83.63425925925927
TECHNICAL_CONFIRMATION_SCORE,2025-04-30,219,50.0,21.353211009174313,32.5401376146789,50.63073394495413,65.36697247706422,78.44036697247707
TECHNICAL_CONFIRMATION_SCORE,2025-05-31,213,50.0,21.933962264150946,33.785377358490564,49.70518867924528,68.57311320754717,77.8301886792453
TECHNICAL_CONFIRMATION_SCORE,2025-06-30,219,50.0,21.903669724770644,34.375,48.79587155963302,66.08371559633028,78.10779816513761
TECHNICAL_CONFIRMATION_SCORE,2025-07-30,204,50.0,18.799261083743843,33.48214285714286,51.354679802955665,66.93349753694581,78.35591133004927
TECHNICAL_CONFIRMATION_SCORE,2025-08-31,221,50.0,19.715909090909093,31.704545454545457,50.79545454545455,67.61363636363637,79.54545454545455
TECHNICAL_CONFIRMATION_SCORE,2025-09-30,222,50.0,21.119909502262445,32.93269230769231,48.642533936651574,68.75,79.36651583710407
TECHNICAL_CONFIRMATION_SCORE,2025-10-29,224,50.0,23.071748878923767,33.18385650224215,50.16816143497758,65.75112107623318,77.93721973094172
TECHNICAL_CONFIRMATION_SCORE,2025-11-30,225,50.0,19.98883928571429,31.808035714285715,49.05133928571429,68.58258928571429,80.72544642857143
TECHNICAL_CONFIRMATION_SCORE,2025-12-31,223,50.0,20.63063063063063,33.75563063063063,49.94369369369369,68.28547297297297,79.00337837837839
TECHNICAL_CONFIRMATION_SCORE,2026-01-31,218,50.0,18.894009216589865,32.38767281105991,50.60483870967742,70.23329493087557,81.72523041474655
TECHNICAL_CONFIRMATION_SCORE,2026-05-31,203,50.0,30.57549504950495,37.80940594059406,52.19678217821782,61.602722772277225,67.51856435643565
TECHNICAL_CONFIRMATION_SCORE,2026-06-30,208,50.0,18.134057971014496,31.23490338164251,50.10567632850242,69.85205314009663,82.42753623188406
