score,target,spearman_median,spearman_p10,spearman_p25,spearman_p75,spearman_p90,spearman_last_date,n_dates,top10pct_overlap_mean,top20pct_overlap_mean
FUNDAMENTAL_MOMENTUM_SCORE,V1_ui_score,0.721242755275725,0.5995740829478267,0.6524594740338123,0.7658299762726369,0.8010843159949957,0.7087912087912088,45,0.3102982289028801,0.4908359048887211
FUNDAMENTAL_MOMENTUM_SCORE,growth_score,0.7922978609482505,0.6887198054198129,0.7303430597540169,0.8222377740797084,0.8442331694254573,0.7922978609482505,45,0.5340638044126416,0.63179149018559
FUNDAMENTAL_MOMENTUM_SCORE,profitability_score,0.16400767547128214,0.0548499840112608,0.10108386680484516,0.26016685162833186,0.4147962117859986,0.4649247864592164,45,0.18645695389881434,0.3107919379381938
FUNDAMENTAL_MOMENTUM_SCORE,valuation_score,0.08829474145906782,-0.11953625457980517,0.0023828382391595,0.2756122778188139,0.4293791936853984,0.4172788671798422,45,0.1892971369715556,0.2604722716478501
FUNDAMENTAL_MOMENTUM_SCORE,market_score,0.011340000203026926,-0.13854260232231363,-0.04732495334101877,0.10975813799743875,0.2056479536096157,-0.04132247084879315,45,0.0867175460198716,0.199135467749338
EARNINGS_QUALITY_RESILIENCE_SCORE,V1_ui_score,0.3333333333333333,-0.13333333333333328,0.08333333333333333,0.4666666666666667,0.65,0.3986013986013986,57,0.3333333333333333,0.3055555555555555
EARNINGS_QUALITY_RESILIENCE_SCORE,growth_score,0.18333333333333332,-0.29934338876331884,-0.047619047619047616,0.42857142857142855,0.677430302859182,-0.3397553371440979,57,0.0,0.16666666666666666
EARNINGS_QUALITY_RESILIENCE_SCORE,profitability_score,0.7,0.4523809523809524,0.6154745444535428,0.7857142857142857,0.8095238095238095,0.7622377622377622,57,0.16666666666666666,0.2222222222222222
EARNINGS_QUALITY_RESILIENCE_SCORE,valuation_score,0.07661308776828737,-0.3373096170846271,-0.17879606250706967,0.2201927530252721,0.33209921537481013,-0.095927000090661,57,0.3333333333333333,0.3055555555555555
EARNINGS_QUALITY_RESILIENCE_SCORE,market_score,0.5606743638663344,0.20857142857142857,0.4,0.696969696969697,0.7687132990062074,0.8266212326392486,57,0.0,0.6944444444444443
LIQUIDITY_CAPACITY_SCORE,V1_ui_score,-0.030772324238445285,-0.13207220270520217,-0.09500270746017797,0.024049088840855257,0.10473193446873055,-0.08232092438798773,63,0.09277170198222831,0.1897749362026703
LIQUIDITY_CAPACITY_SCORE,growth_score,-0.04336431300070063,-0.1159857145088566,-0.08373645103943952,0.0650174302407012,0.10031678617919094,-0.09789992036573937,63,0.10171948630595247,0.1987761990765761
LIQUIDITY_CAPACITY_SCORE,profitability_score,0.023537674636034997,-0.03062737014933355,-0.014813031843013287,0.06594904788453809,0.10653037236162811,-0.12182699131500556,62,0.1324118376749956,0.23926868399601395
LIQUIDITY_CAPACITY_SCORE,valuation_score,-0.01749745887902374,-0.10750341269531213,-0.06510713612009451,0.03608560376581625,0.08484111905272464,-0.14320999085341782,63,0.1069961158307023,0.21145320608484827
LIQUIDITY_CAPACITY_SCORE,market_score,0.007375906965273265,-0.15050114923024047,-0.08594900559103674,0.06081683903516044,0.1549820604604932,0.07119096719915709,63,0.09976962608541555,0.19913777379602945
TECHNICAL_CONFIRMATION_SCORE,V1_ui_score,0.178271249179306,0.0484759882504837,0.1131251866305012,0.26160353199323205,0.33625481378130745,0.4582976196786909,63,0.14967984535653708,0.2728996995098629
TECHNICAL_CONFIRMATION_SCORE,growth_score,0.10901817937986594,-0.020735151347210823,0.039815015705711776,0.22215790662296236,0.31116198604505413,0.4072271638399834,63,0.1530010090160466,0.25627047068016023
TECHNICAL_CONFIRMATION_SCORE,profitability_score,-0.004520121667618519,-0.12203221687017923,-0.05588208926276156,0.08041643890274593,0.11712828085789784,0.11765539135539682,62,0.09464308317691776,0.17132020370305262
TECHNICAL_CONFIRMATION_SCORE,valuation_score,-0.014234587144826456,-0.13160105333761113,-0.0666654285239752,0.04163687648142487,0.09052256839117657,0.18535927633664007,63,0.0829210472067615,0.1724641036688296
TECHNICAL_CONFIRMATION_SCORE,market_score,0.4273457217698843,0.19607628613447142,0.32259220495193186,0.5207853209213213,0.5599504933157117,0.6794608392920994,63,0.2843365629079915,0.41233215742614615
