score,h,as_of,ic
FUNDAMENTAL_MOMENTUM_SCORE,21,2022-07-31,0.5476190476190477
FUNDAMENTAL_MOMENTUM_SCORE,21,2022-08-31,-0.05454545454545454
FUNDAMENTAL_MOMENTUM_SCORE,21,2022-09-28,0.25
FUNDAMENTAL_MOMENTUM_SCORE,21,2022-10-31,-0.39090909090909093
FUNDAMENTAL_MOMENTUM_SCORE,21,2022-11-30,-0.21212121212121213
FUNDAMENTAL_MOMENTUM_SCORE,21,2022-12-31,0.3090909090909091
FUNDAMENTAL_MOMENTUM_SCORE,21,2023-01-31,-0.1958041958041958
FUNDAMENTAL_MOMENTUM_SCORE,21,2023-02-28,-0.22456140350877193
FUNDAMENTAL_MOMENTUM_SCORE,21,2023-03-29,-0.18596491228070175
FUNDAMENTAL_MOMENTUM_SCORE,21,2023-04-30,0.12567910885284347
FUNDAMENTAL_MOMENTUM_SCORE,21,2023-05-31,0.09996221376930246
FUNDAMENTAL_MOMENTUM_SCORE,21,2023-06-28,0.15463320463320462
FUNDAMENTAL_MOMENTUM_SCORE,21,2023-07-31,-0.24724464724464723
FUNDAMENTAL_MOMENTUM_SCORE,21,2023-08-30,0.17764538783239958
FUNDAMENTAL_MOMENTUM_SCORE,21,2023-09-30,0.015921103258338228
FUNDAMENTAL_MOMENTUM_SCORE,21,2023-10-31,0.03057156746996319
FUNDAMENTAL_MOMENTUM_SCORE,21,2023-11-29,0.09157580387526912
FUNDAMENTAL_MOMENTUM_SCORE,21,2023-12-31,0.21392088325959938
FUNDAMENTAL_MOMENTUM_SCORE,21,2024-01-31,-0.09747433975320033
FUNDAMENTAL_MOMENTUM_SCORE,21,2024-02-28,0.10915116984689273
FUNDAMENTAL_MOMENTUM_SCORE,21,2024-03-30,0.07627392017935514
FUNDAMENTAL_MOMENTUM_SCORE,21,2024-04-30,0.18004959480532762
FUNDAMENTAL_MOMENTUM_SCORE,21,2024-05-29,0.3056247806247806
FUNDAMENTAL_MOMENTUM_SCORE,21,2024-06-30,0.3407661853749418
FUNDAMENTAL_MOMENTUM_SCORE,21,2024-07-31,0.2580943121050073
FUNDAMENTAL_MOMENTUM_SCORE,21,2024-08-31,-0.14682061059873572
FUNDAMENTAL_MOMENTUM_SCORE,21,2024-09-30,0.14607457042653657
FUNDAMENTAL_MOMENTUM_SCORE,21,2024-10-30,0.08051612903225806
FUNDAMENTAL_MOMENTUM_SCORE,21,2024-11-30,0.06798954818147732
FUNDAMENTAL_MOMENTUM_SCORE,21,2024-12-31,0.21767481419979345
FUNDAMENTAL_MOMENTUM_SCORE,21,2025-01-29,0.11337416322461188
FUNDAMENTAL_MOMENTUM_SCORE,21,2025-02-26,0.06449678193238834
FUNDAMENTAL_MOMENTUM_SCORE,21,2025-03-30,0.22950434411052556
FUNDAMENTAL_MOMENTUM_SCORE,21,2025-04-30,0.1369968694096601
FUNDAMENTAL_MOMENTUM_SCORE,21,2025-05-31,0.08105886764154481
FUNDAMENTAL_MOMENTUM_SCORE,21,2025-06-30,0.17714110017889087
FUNDAMENTAL_MOMENTUM_SCORE,21,2025-07-30,0.3064310021529273
FUNDAMENTAL_MOMENTUM_SCORE,21,2025-08-31,0.27217905474607057
FUNDAMENTAL_MOMENTUM_SCORE,21,2025-09-30,0.06057375460360535
FUNDAMENTAL_MOMENTUM_SCORE,21,2025-10-29,0.13446176162126344
FUNDAMENTAL_MOMENTUM_SCORE,21,2025-11-30,0.1294654180079992
FUNDAMENTAL_MOMENTUM_SCORE,21,2025-12-31,0.15348572680834632
FUNDAMENTAL_MOMENTUM_SCORE,21,2026-01-31,0.180684811237928
FUNDAMENTAL_MOMENTUM_SCORE,21,2026-05-31,-0.35714285714285715
FUNDAMENTAL_MOMENTUM_SCORE,21,2026-06-30,0.44505494505494503
FUNDAMENTAL_MOMENTUM_SCORE,63,2022-07-31,0.2619047619047619
FUNDAMENTAL_MOMENTUM_SCORE,63,2022-08-31,-0.3090909090909091
FUNDAMENTAL_MOMENTUM_SCORE,63,2022-09-28,-0.38333333333333336
FUNDAMENTAL_MOMENTUM_SCORE,63,2022-10-31,-0.2909090909090909
FUNDAMENTAL_MOMENTUM_SCORE,63,2022-11-30,0.2727272727272727
FUNDAMENTAL_MOMENTUM_SCORE,63,2022-12-31,-0.44242424242424244
FUNDAMENTAL_MOMENTUM_SCORE,63,2023-01-31,-0.5314685314685315
FUNDAMENTAL_MOMENTUM_SCORE,63,2023-02-28,-0.22456140350877193
FUNDAMENTAL_MOMENTUM_SCORE,63,2023-03-29,-0.3192982456140351
FUNDAMENTAL_MOMENTUM_SCORE,63,2023-04-30,0.1456908344733242
FUNDAMENTAL_MOMENTUM_SCORE,63,2023-05-31,0.04859309267702849
FUNDAMENTAL_MOMENTUM_SCORE,63,2023-06-28,0.04078624078624079
FUNDAMENTAL_MOMENTUM_SCORE,63,2023-07-31,-0.07579852579852579
FUNDAMENTAL_MOMENTUM_SCORE,63,2023-08-30,0.08888976564349405
FUNDAMENTAL_MOMENTUM_SCORE,63,2023-09-30,0.11702071646989733
FUNDAMENTAL_MOMENTUM_SCORE,63,2023-10-31,0.14406556010834085
FUNDAMENTAL_MOMENTUM_SCORE,63,2023-11-29,0.07235224668379749
FUNDAMENTAL_MOMENTUM_SCORE,63,2023-12-31,-0.07224851994685996
FUNDAMENTAL_MOMENTUM_SCORE,63,2024-01-31,-0.05474954830277169
FUNDAMENTAL_MOMENTUM_SCORE,63,2024-02-28,0.19551884374893225
FUNDAMENTAL_MOMENTUM_SCORE,63,2024-03-30,0.1761573564122738
FUNDAMENTAL_MOMENTUM_SCORE,63,2024-04-30,0.23791993981425685
FUNDAMENTAL_MOMENTUM_SCORE,63,2024-05-29,0.3997191997191997
FUNDAMENTAL_MOMENTUM_SCORE,63,2024-06-30,0.36586765586532705
FUNDAMENTAL_MOMENTUM_SCORE,63,2024-07-31,0.20065282311271615
FUNDAMENTAL_MOMENTUM_SCORE,63,2024-08-31,0.13435617488541773
FUNDAMENTAL_MOMENTUM_SCORE,63,2024-09-30,0.1692333313740473
FUNDAMENTAL_MOMENTUM_SCORE,63,2024-10-30,0.24763493312352478
FUNDAMENTAL_MOMENTUM_SCORE,63,2024-11-30,0.2554836895388076
FUNDAMENTAL_MOMENTUM_SCORE,63,2024-12-31,0.19994329802960653
FUNDAMENTAL_MOMENTUM_SCORE,63,2025-01-29,0.22045292693348525
FUNDAMENTAL_MOMENTUM_SCORE,63,2025-02-26,0.1506365195857141
FUNDAMENTAL_MOMENTUM_SCORE,63,2025-03-30,0.2188292266058966
FUNDAMENTAL_MOMENTUM_SCORE,63,2025-04-30,0.15728980322003577
FUNDAMENTAL_MOMENTUM_SCORE,63,2025-05-31,0.12149981252343457
FUNDAMENTAL_MOMENTUM_SCORE,63,2025-06-30,0.13909324686940966
FUNDAMENTAL_MOMENTUM_SCORE,63,2025-07-30,0.21221612611986942
FUNDAMENTAL_MOMENTUM_SCORE,63,2025-08-31,0.13122943096314302
FUNDAMENTAL_MOMENTUM_SCORE,63,2025-09-30,0.05494740922863468
FUNDAMENTAL_MOMENTUM_SCORE,63,2025-10-29,0.10725634349579709
FUNDAMENTAL_MOMENTUM_SCORE,63,2025-11-30,0.19714661984196663
FUNDAMENTAL_MOMENTUM_SCORE,63,2025-12-31,0.14470944884765696
FUNDAMENTAL_MOMENTUM_SCORE,63,2026-01-31,0.24780539435853263
FUNDAMENTAL_MOMENTUM_SCORE,63,2026-05-31,0.13736263736263737
FUNDAMENTAL_MOMENTUM_SCORE,126,2022-07-31,0.2619047619047619
FUNDAMENTAL_MOMENTUM_SCORE,126,2022-08-31,-0.3212121212121212
FUNDAMENTAL_MOMENTUM_SCORE,126,2022-09-28,-0.43333333333333335
FUNDAMENTAL_MOMENTUM_SCORE,126,2022-10-31,-0.7181818181818181
FUNDAMENTAL_MOMENTUM_SCORE,126,2022-11-30,-0.11515151515151516
FUNDAMENTAL_MOMENTUM_SCORE,126,2022-12-31,0.1393939393939394
FUNDAMENTAL_MOMENTUM_SCORE,126,2023-01-31,0.1958041958041958
FUNDAMENTAL_MOMENTUM_SCORE,126,2023-02-28,-0.0456140350877193
FUNDAMENTAL_MOMENTUM_SCORE,126,2023-03-29,-0.3175438596491228
FUNDAMENTAL_MOMENTUM_SCORE,126,2023-04-30,-0.06236075825679109
FUNDAMENTAL_MOMENTUM_SCORE,126,2023-05-31,0.08321535632415548
FUNDAMENTAL_MOMENTUM_SCORE,126,2023-06-28,0.054817479817479815
FUNDAMENTAL_MOMENTUM_SCORE,126,2023-07-31,0.05385222885222885
FUNDAMENTAL_MOMENTUM_SCORE,126,2023-08-30,0.07762171545806044
FUNDAMENTAL_MOMENTUM_SCORE,126,2023-09-30,-0.018845304874344382
FUNDAMENTAL_MOMENTUM_SCORE,126,2023-10-31,-0.004923953052295298
FUNDAMENTAL_MOMENTUM_SCORE,126,2023-11-29,0.09693728731161887
FUNDAMENTAL_MOMENTUM_SCORE,126,2023-12-31,0.06812758767460758
FUNDAMENTAL_MOMENTUM_SCORE,126,2024-01-31,0.07463191481182485
FUNDAMENTAL_MOMENTUM_SCORE,126,2024-02-28,0.2014897324631838
FUNDAMENTAL_MOMENTUM_SCORE,126,2024-03-30,0.07536742722265932
FUNDAMENTAL_MOMENTUM_SCORE,126,2024-04-30,0.21553288851394534
FUNDAMENTAL_MOMENTUM_SCORE,126,2024-05-29,0.3027290277290277
FUNDAMENTAL_MOMENTUM_SCORE,126,2024-06-30,0.22039057821545013
FUNDAMENTAL_MOMENTUM_SCORE,126,2024-07-31,0.2282172373081464
FUNDAMENTAL_MOMENTUM_SCORE,126,2024-08-31,0.27838451396300984
FUNDAMENTAL_MOMENTUM_SCORE,126,2024-09-30,0.2182840572895237
FUNDAMENTAL_MOMENTUM_SCORE,126,2024-10-30,0.34848151062155786
FUNDAMENTAL_MOMENTUM_SCORE,126,2024-11-30,0.23345519310086238
FUNDAMENTAL_MOMENTUM_SCORE,126,2024-12-31,0.17925517911747432
FUNDAMENTAL_MOMENTUM_SCORE,126,2025-01-29,0.16803874092009685
FUNDAMENTAL_MOMENTUM_SCORE,126,2025-02-26,0.10099831035327804
FUNDAMENTAL_MOMENTUM_SCORE,126,2025-03-30,0.12443384133314343
FUNDAMENTAL_MOMENTUM_SCORE,126,2025-04-30,0.09487924865831843
FUNDAMENTAL_MOMENTUM_SCORE,126,2025-05-31,0.002420697412823397
FUNDAMENTAL_MOMENTUM_SCORE,126,2025-06-30,-0.021779964221824686
FUNDAMENTAL_MOMENTUM_SCORE,126,2025-07-30,0.15098965205917078
FUNDAMENTAL_MOMENTUM_SCORE,126,2025-08-31,0.16040366521460078
FUNDAMENTAL_MOMENTUM_SCORE,126,2025-09-30,0.1617571241094863
FUNDAMENTAL_MOMENTUM_SCORE,126,2025-10-29,0.18458881415892264
FUNDAMENTAL_MOMENTUM_SCORE,126,2025-11-30,0.2335186811042825
FUNDAMENTAL_MOMENTUM_SCORE,126,2025-12-31,0.19634443499449525
FUNDAMENTAL_MOMENTUM_SCORE,126,2026-01-31,0.14926348648912302
FUNDAMENTAL_MOMENTUM_SCORE,252,2022-07-31,-0.5
FUNDAMENTAL_MOMENTUM_SCORE,252,2022-08-31,-0.38181818181818183
FUNDAMENTAL_MOMENTUM_SCORE,252,2022-09-28,-0.16666666666666666
FUNDAMENTAL_MOMENTUM_SCORE,252,2022-10-31,-0.45454545454545453
FUNDAMENTAL_MOMENTUM_SCORE,252,2022-11-30,-0.006060606060606061
FUNDAMENTAL_MOMENTUM_SCORE,252,2022-12-31,-0.11515151515151516
FUNDAMENTAL_MOMENTUM_SCORE,252,2023-01-31,-0.2097902097902098
FUNDAMENTAL_MOMENTUM_SCORE,252,2023-02-28,-0.2789473684210526
FUNDAMENTAL_MOMENTUM_SCORE,252,2023-03-29,-0.41754385964912283
FUNDAMENTAL_MOMENTUM_SCORE,252,2023-04-30,-0.038753175688880204
FUNDAMENTAL_MOMENTUM_SCORE,252,2023-05-31,0.04463309569992695
FUNDAMENTAL_MOMENTUM_SCORE,252,2023-06-28,0.018866268866268868
FUNDAMENTAL_MOMENTUM_SCORE,252,2023-07-31,0.0009213759213759214
FUNDAMENTAL_MOMENTUM_SCORE,252,2023-08-30,0.03834135563797049
FUNDAMENTAL_MOMENTUM_SCORE,252,2023-09-30,-0.02942427249346915
FUNDAMENTAL_MOMENTUM_SCORE,252,2023-10-31,0.10130564622543232
FUNDAMENTAL_MOMENTUM_SCORE,252,2023-11-29,0.17038683241891797
FUNDAMENTAL_MOMENTUM_SCORE,252,2023-12-31,0.1674040061394797
FUNDAMENTAL_MOMENTUM_SCORE,252,2024-01-31,0.047891438895936646
FUNDAMENTAL_MOMENTUM_SCORE,252,2024-02-28,0.23842553046092868
FUNDAMENTAL_MOMENTUM_SCORE,252,2024-03-30,0.1676726986624705
FUNDAMENTAL_MOMENTUM_SCORE,252,2024-04-30,0.2463415613963969
FUNDAMENTAL_MOMENTUM_SCORE,252,2024-05-29,0.21482976482976482
FUNDAMENTAL_MOMENTUM_SCORE,252,2024-06-30,0.21072592986892008
FUNDAMENTAL_MOMENTUM_SCORE,252,2024-07-31,0.23799569414542676
FUNDAMENTAL_MOMENTUM_SCORE,252,2024-08-31,0.23680114730967117
FUNDAMENTAL_MOMENTUM_SCORE,252,2024-09-30,0.1207410019788789
FUNDAMENTAL_MOMENTUM_SCORE,252,2024-10-30,0.17481038552321007
FUNDAMENTAL_MOMENTUM_SCORE,252,2024-11-30,0.08373172103487064
FUNDAMENTAL_MOMENTUM_SCORE,252,2024-12-31,0.10333124076061644
FUNDAMENTAL_MOMENTUM_SCORE,252,2025-01-29,0.06690642358638371
FUNDAMENTAL_MOMENTUM_SCORE,252,2025-02-26,0.03356721827398073
FUNDAMENTAL_MOMENTUM_SCORE,252,2025-03-30,0.04935906566016237
FUNDAMENTAL_MOMENTUM_SCORE,252,2025-04-30,0.042754919499105544
FUNDAMENTAL_MOMENTUM_SCORE,252,2025-05-31,-0.035230596175478066
FUNDAMENTAL_MOMENTUM_SCORE,252,2025-06-30,-0.03659436493738819
FUNDAMENTAL_MOMENTUM_SCORE,252,2025-07-30,0.12724494756580318
EARNINGS_QUALITY_RESILIENCE_SCORE,21,2021-07-31,-0.17857142857142858
EARNINGS_QUALITY_RESILIENCE_SCORE,21,2021-08-31,0.2857142857142857
EARNINGS_QUALITY_RESILIENCE_SCORE,21,2021-09-29,0.08571428571428572
EARNINGS_QUALITY_RESILIENCE_SCORE,21,2021-10-31,0.023809523809523808
EARNINGS_QUALITY_RESILIENCE_SCORE,21,2021-11-30,-0.37657233394007533
EARNINGS_QUALITY_RESILIENCE_SCORE,21,2021-12-29,-0.03592878785739777
EARNINGS_QUALITY_RESILIENCE_SCORE,21,2022-01-31,0.5333333333333333
EARNINGS_QUALITY_RESILIENCE_SCORE,21,2022-02-28,-0.314964916380737
EARNINGS_QUALITY_RESILIENCE_SCORE,21,2022-03-30,-0.11666666666666667
EARNINGS_QUALITY_RESILIENCE_SCORE,21,2022-04-30,-0.3
EARNINGS_QUALITY_RESILIENCE_SCORE,21,2022-05-31,0.11666666666666667
EARNINGS_QUALITY_RESILIENCE_SCORE,21,2022-06-29,0.14285714285714285
EARNINGS_QUALITY_RESILIENCE_SCORE,21,2022-07-31,-0.38095238095238093
EARNINGS_QUALITY_RESILIENCE_SCORE,21,2022-08-31,0.03333333333333333
EARNINGS_QUALITY_RESILIENCE_SCORE,21,2022-09-28,0.4523809523809524
EARNINGS_QUALITY_RESILIENCE_SCORE,21,2022-10-31,0.18333333333333332
EARNINGS_QUALITY_RESILIENCE_SCORE,21,2022-11-30,-0.8095238095238095
EARNINGS_QUALITY_RESILIENCE_SCORE,21,2022-12-31,0.16666666666666666
EARNINGS_QUALITY_RESILIENCE_SCORE,21,2023-01-31,-0.016666666666666666
EARNINGS_QUALITY_RESILIENCE_SCORE,21,2023-02-28,-0.07142857142857142
EARNINGS_QUALITY_RESILIENCE_SCORE,21,2023-03-29,0.4
EARNINGS_QUALITY_RESILIENCE_SCORE,21,2023-04-30,-0.3333333333333333
EARNINGS_QUALITY_RESILIENCE_SCORE,21,2023-05-31,-0.47619047619047616
EARNINGS_QUALITY_RESILIENCE_SCORE,21,2023-06-28,0.11904761904761904
EARNINGS_QUALITY_RESILIENCE_SCORE,21,2023-07-31,0.047619047619047616
EARNINGS_QUALITY_RESILIENCE_SCORE,21,2023-08-30,0.16666666666666666
EARNINGS_QUALITY_RESILIENCE_SCORE,21,2023-09-30,-0.75
EARNINGS_QUALITY_RESILIENCE_SCORE,21,2023-10-31,0.55
EARNINGS_QUALITY_RESILIENCE_SCORE,21,2023-11-29,-0.06666666666666667
EARNINGS_QUALITY_RESILIENCE_SCORE,21,2023-12-31,0.18333333333333332
EARNINGS_QUALITY_RESILIENCE_SCORE,21,2024-01-31,-0.03333333333333333
EARNINGS_QUALITY_RESILIENCE_SCORE,21,2024-02-28,-0.42857142857142855
EARNINGS_QUALITY_RESILIENCE_SCORE,21,2024-03-30,0.42857142857142855
EARNINGS_QUALITY_RESILIENCE_SCORE,21,2024-04-30,0.3333333333333333
EARNINGS_QUALITY_RESILIENCE_SCORE,21,2024-05-29,0.31666666666666665
EARNINGS_QUALITY_RESILIENCE_SCORE,21,2024-06-30,0.4166666666666667
EARNINGS_QUALITY_RESILIENCE_SCORE,21,2024-07-31,0.03333333333333333
EARNINGS_QUALITY_RESILIENCE_SCORE,21,2024-08-31,-0.5833333333333334
EARNINGS_QUALITY_RESILIENCE_SCORE,21,2024-09-30,0.047619047619047616
EARNINGS_QUALITY_RESILIENCE_SCORE,21,2024-10-30,-0.23333333333333334
EARNINGS_QUALITY_RESILIENCE_SCORE,21,2024-11-30,0.05
EARNINGS_QUALITY_RESILIENCE_SCORE,21,2024-12-31,-0.10714285714285714
EARNINGS_QUALITY_RESILIENCE_SCORE,21,2025-01-29,0.6190476190476191
EARNINGS_QUALITY_RESILIENCE_SCORE,21,2025-02-26,0.4523809523809524
EARNINGS_QUALITY_RESILIENCE_SCORE,21,2025-03-30,0.2833333333333333
EARNINGS_QUALITY_RESILIENCE_SCORE,21,2025-04-30,0.47878787878787876
EARNINGS_QUALITY_RESILIENCE_SCORE,21,2025-05-31,-0.23636363636363636
EARNINGS_QUALITY_RESILIENCE_SCORE,21,2025-06-30,-0.3333333333333333
EARNINGS_QUALITY_RESILIENCE_SCORE,21,2025-07-30,-0.2857142857142857
EARNINGS_QUALITY_RESILIENCE_SCORE,21,2025-08-31,0.0
EARNINGS_QUALITY_RESILIENCE_SCORE,21,2025-09-30,-0.10303030303030303
EARNINGS_QUALITY_RESILIENCE_SCORE,21,2025-10-29,0.16363636363636364
EARNINGS_QUALITY_RESILIENCE_SCORE,21,2025-11-30,-0.42857142857142855
EARNINGS_QUALITY_RESILIENCE_SCORE,21,2025-12-31,0.38333333333333336
EARNINGS_QUALITY_RESILIENCE_SCORE,21,2026-01-31,0.6833333333333333
EARNINGS_QUALITY_RESILIENCE_SCORE,21,2026-05-31,0.054945054945054944
EARNINGS_QUALITY_RESILIENCE_SCORE,21,2026-06-30,-0.6223776223776224
EARNINGS_QUALITY_RESILIENCE_SCORE,63,2021-07-31,-0.25
EARNINGS_QUALITY_RESILIENCE_SCORE,63,2021-08-31,0.023809523809523808
EARNINGS_QUALITY_RESILIENCE_SCORE,63,2021-09-29,0.08571428571428572
EARNINGS_QUALITY_RESILIENCE_SCORE,63,2021-10-31,-0.047619047619047616
EARNINGS_QUALITY_RESILIENCE_SCORE,63,2021-11-30,-0.22594340036404523
EARNINGS_QUALITY_RESILIENCE_SCORE,63,2021-12-29,-0.01197626261913259
EARNINGS_QUALITY_RESILIENCE_SCORE,63,2022-01-31,0.13333333333333333
EARNINGS_QUALITY_RESILIENCE_SCORE,63,2022-02-28,-0.34050261230349943
EARNINGS_QUALITY_RESILIENCE_SCORE,63,2022-03-30,-0.35
EARNINGS_QUALITY_RESILIENCE_SCORE,63,2022-04-30,0.08333333333333333
EARNINGS_QUALITY_RESILIENCE_SCORE,63,2022-05-31,-0.1
EARNINGS_QUALITY_RESILIENCE_SCORE,63,2022-06-29,-0.19047619047619047
EARNINGS_QUALITY_RESILIENCE_SCORE,63,2022-07-31,0.09523809523809523
EARNINGS_QUALITY_RESILIENCE_SCORE,63,2022-08-31,-0.2833333333333333
EARNINGS_QUALITY_RESILIENCE_SCORE,63,2022-09-28,-0.047619047619047616
EARNINGS_QUALITY_RESILIENCE_SCORE,63,2022-10-31,0.0
EARNINGS_QUALITY_RESILIENCE_SCORE,63,2022-11-30,-0.6666666666666666
EARNINGS_QUALITY_RESILIENCE_SCORE,63,2022-12-31,0.21428571428571427
EARNINGS_QUALITY_RESILIENCE_SCORE,63,2023-01-31,0.18333333333333332
EARNINGS_QUALITY_RESILIENCE_SCORE,63,2023-02-28,0.3333333333333333
EARNINGS_QUALITY_RESILIENCE_SCORE,63,2023-03-29,-0.18333333333333332
EARNINGS_QUALITY_RESILIENCE_SCORE,63,2023-04-30,-0.2619047619047619
EARNINGS_QUALITY_RESILIENCE_SCORE,63,2023-05-31,-0.047619047619047616
EARNINGS_QUALITY_RESILIENCE_SCORE,63,2023-06-28,-0.047619047619047616
EARNINGS_QUALITY_RESILIENCE_SCORE,63,2023-07-31,-0.38095238095238093
EARNINGS_QUALITY_RESILIENCE_SCORE,63,2023-08-30,0.07142857142857142
EARNINGS_QUALITY_RESILIENCE_SCORE,63,2023-09-30,-0.43333333333333335
EARNINGS_QUALITY_RESILIENCE_SCORE,63,2023-10-31,0.3333333333333333
EARNINGS_QUALITY_RESILIENCE_SCORE,63,2023-11-29,-0.1
EARNINGS_QUALITY_RESILIENCE_SCORE,63,2023-12-31,0.15
EARNINGS_QUALITY_RESILIENCE_SCORE,63,2024-01-31,0.15
EARNINGS_QUALITY_RESILIENCE_SCORE,63,2024-02-28,0.047619047619047616
EARNINGS_QUALITY_RESILIENCE_SCORE,63,2024-03-30,0.6904761904761905
EARNINGS_QUALITY_RESILIENCE_SCORE,63,2024-04-30,0.4666666666666667
EARNINGS_QUALITY_RESILIENCE_SCORE,63,2024-05-29,0.4666666666666667
EARNINGS_QUALITY_RESILIENCE_SCORE,63,2024-06-30,0.5666666666666667
EARNINGS_QUALITY_RESILIENCE_SCORE,63,2024-07-31,-0.2833333333333333
EARNINGS_QUALITY_RESILIENCE_SCORE,63,2024-08-31,-0.55
EARNINGS_QUALITY_RESILIENCE_SCORE,63,2024-09-30,-0.2619047619047619
EARNINGS_QUALITY_RESILIENCE_SCORE,63,2024-10-30,-0.03333333333333333
EARNINGS_QUALITY_RESILIENCE_SCORE,63,2024-11-30,0.25
EARNINGS_QUALITY_RESILIENCE_SCORE,63,2024-12-31,0.2857142857142857
EARNINGS_QUALITY_RESILIENCE_SCORE,63,2025-01-29,0.5238095238095238
EARNINGS_QUALITY_RESILIENCE_SCORE,63,2025-02-26,0.35714285714285715
EARNINGS_QUALITY_RESILIENCE_SCORE,63,2025-03-30,0.23333333333333334
EARNINGS_QUALITY_RESILIENCE_SCORE,63,2025-04-30,-0.006060606060606061
EARNINGS_QUALITY_RESILIENCE_SCORE,63,2025-05-31,-0.09090909090909091
EARNINGS_QUALITY_RESILIENCE_SCORE,63,2025-06-30,-0.016666666666666666
EARNINGS_QUALITY_RESILIENCE_SCORE,63,2025-07-30,0.09523809523809523
EARNINGS_QUALITY_RESILIENCE_SCORE,63,2025-08-31,0.1
EARNINGS_QUALITY_RESILIENCE_SCORE,63,2025-09-30,-0.4909090909090909
EARNINGS_QUALITY_RESILIENCE_SCORE,63,2025-10-29,0.16363636363636364
EARNINGS_QUALITY_RESILIENCE_SCORE,63,2025-11-30,0.38095238095238093
EARNINGS_QUALITY_RESILIENCE_SCORE,63,2025-12-31,0.43333333333333335
EARNINGS_QUALITY_RESILIENCE_SCORE,63,2026-01-31,0.5166666666666667
EARNINGS_QUALITY_RESILIENCE_SCORE,63,2026-05-31,-0.4230769230769231
EARNINGS_QUALITY_RESILIENCE_SCORE,126,2021-07-31,-0.5357142857142857
EARNINGS_QUALITY_RESILIENCE_SCORE,126,2021-08-31,0.0
EARNINGS_QUALITY_RESILIENCE_SCORE,126,2021-09-29,0.08571428571428572
EARNINGS_QUALITY_RESILIENCE_SCORE,126,2021-10-31,-0.047619047619047616
EARNINGS_QUALITY_RESILIENCE_SCORE,126,2021-11-30,-0.32636268941473195
EARNINGS_QUALITY_RESILIENCE_SCORE,126,2021-12-29,-0.10778636357219332
EARNINGS_QUALITY_RESILIENCE_SCORE,126,2022-01-31,0.016666666666666666
EARNINGS_QUALITY_RESILIENCE_SCORE,126,2022-02-28,-0.4256282653793743
EARNINGS_QUALITY_RESILIENCE_SCORE,126,2022-03-30,-0.13333333333333333
EARNINGS_QUALITY_RESILIENCE_SCORE,126,2022-04-30,0.4
EARNINGS_QUALITY_RESILIENCE_SCORE,126,2022-05-31,0.1
EARNINGS_QUALITY_RESILIENCE_SCORE,126,2022-06-29,-0.09523809523809523
EARNINGS_QUALITY_RESILIENCE_SCORE,126,2022-07-31,0.023809523809523808
EARNINGS_QUALITY_RESILIENCE_SCORE,126,2022-08-31,-0.31666666666666665
EARNINGS_QUALITY_RESILIENCE_SCORE,126,2022-09-28,-0.09523809523809523
EARNINGS_QUALITY_RESILIENCE_SCORE,126,2022-10-31,0.05
EARNINGS_QUALITY_RESILIENCE_SCORE,126,2022-11-30,-0.6190476190476191
EARNINGS_QUALITY_RESILIENCE_SCORE,126,2022-12-31,-0.5
EARNINGS_QUALITY_RESILIENCE_SCORE,126,2023-01-31,-0.2833333333333333
EARNINGS_QUALITY_RESILIENCE_SCORE,126,2023-02-28,-0.11904761904761904
EARNINGS_QUALITY_RESILIENCE_SCORE,126,2023-03-29,-0.1
EARNINGS_QUALITY_RESILIENCE_SCORE,126,2023-04-30,-0.35714285714285715
EARNINGS_QUALITY_RESILIENCE_SCORE,126,2023-05-31,0.19047619047619047
EARNINGS_QUALITY_RESILIENCE_SCORE,126,2023-06-28,-0.023809523809523808
EARNINGS_QUALITY_RESILIENCE_SCORE,126,2023-07-31,0.14285714285714285
EARNINGS_QUALITY_RESILIENCE_SCORE,126,2023-08-30,0.09523809523809523
EARNINGS_QUALITY_RESILIENCE_SCORE,126,2023-09-30,0.1
EARNINGS_QUALITY_RESILIENCE_SCORE,126,2023-10-31,0.26666666666666666
EARNINGS_QUALITY_RESILIENCE_SCORE,126,2023-11-29,-0.2
EARNINGS_QUALITY_RESILIENCE_SCORE,126,2023-12-31,-0.05
EARNINGS_QUALITY_RESILIENCE_SCORE,126,2024-01-31,0.2833333333333333
EARNINGS_QUALITY_RESILIENCE_SCORE,126,2024-02-28,0.47619047619047616
EARNINGS_QUALITY_RESILIENCE_SCORE,126,2024-03-30,0.42857142857142855
EARNINGS_QUALITY_RESILIENCE_SCORE,126,2024-04-30,0.6666666666666666
EARNINGS_QUALITY_RESILIENCE_SCORE,126,2024-05-29,0.06666666666666667
EARNINGS_QUALITY_RESILIENCE_SCORE,126,2024-06-30,-0.26666666666666666
EARNINGS_QUALITY_RESILIENCE_SCORE,126,2024-07-31,-0.45
EARNINGS_QUALITY_RESILIENCE_SCORE,126,2024-08-31,-0.25
EARNINGS_QUALITY_RESILIENCE_SCORE,126,2024-09-30,-0.2857142857142857
EARNINGS_QUALITY_RESILIENCE_SCORE,126,2024-10-30,0.35
EARNINGS_QUALITY_RESILIENCE_SCORE,126,2024-11-30,0.26666666666666666
EARNINGS_QUALITY_RESILIENCE_SCORE,126,2024-12-31,0.5357142857142857
EARNINGS_QUALITY_RESILIENCE_SCORE,126,2025-01-29,0.19047619047619047
EARNINGS_QUALITY_RESILIENCE_SCORE,126,2025-02-26,0.3333333333333333
EARNINGS_QUALITY_RESILIENCE_SCORE,126,2025-03-30,0.2833333333333333
EARNINGS_QUALITY_RESILIENCE_SCORE,126,2025-04-30,0.030303030303030304
EARNINGS_QUALITY_RESILIENCE_SCORE,126,2025-05-31,-0.04242424242424243
EARNINGS_QUALITY_RESILIENCE_SCORE,126,2025-06-30,-0.05
EARNINGS_QUALITY_RESILIENCE_SCORE,126,2025-07-30,0.2857142857142857
EARNINGS_QUALITY_RESILIENCE_SCORE,126,2025-08-31,0.38333333333333336
EARNINGS_QUALITY_RESILIENCE_SCORE,126,2025-09-30,0.45
EARNINGS_QUALITY_RESILIENCE_SCORE,126,2025-10-29,0.45454545454545453
EARNINGS_QUALITY_RESILIENCE_SCORE,126,2025-11-30,0.3333333333333333
EARNINGS_QUALITY_RESILIENCE_SCORE,126,2025-12-31,-0.03333333333333333
EARNINGS_QUALITY_RESILIENCE_SCORE,126,2026-01-31,-0.7333333333333333
EARNINGS_QUALITY_RESILIENCE_SCORE,252,2021-07-31,-0.5357142857142857
EARNINGS_QUALITY_RESILIENCE_SCORE,252,2021-08-31,0.0
EARNINGS_QUALITY_RESILIENCE_SCORE,252,2021-09-29,0.02857142857142857
EARNINGS_QUALITY_RESILIENCE_SCORE,252,2021-10-31,-0.023809523809523808
EARNINGS_QUALITY_RESILIENCE_SCORE,252,2021-11-30,-0.01673654817511446
EARNINGS_QUALITY_RESILIENCE_SCORE,252,2021-12-29,0.10778636357219332
EARNINGS_QUALITY_RESILIENCE_SCORE,252,2022-01-31,-0.05
EARNINGS_QUALITY_RESILIENCE_SCORE,252,2022-02-28,-0.11066334899863732
EARNINGS_QUALITY_RESILIENCE_SCORE,252,2022-03-30,0.23333333333333334
EARNINGS_QUALITY_RESILIENCE_SCORE,252,2022-04-30,0.08333333333333333
EARNINGS_QUALITY_RESILIENCE_SCORE,252,2022-05-31,0.35
EARNINGS_QUALITY_RESILIENCE_SCORE,252,2022-06-29,-0.14285714285714285
EARNINGS_QUALITY_RESILIENCE_SCORE,252,2022-07-31,-0.16666666666666666
EARNINGS_QUALITY_RESILIENCE_SCORE,252,2022-08-31,-0.11666666666666667
EARNINGS_QUALITY_RESILIENCE_SCORE,252,2022-09-28,-0.42857142857142855
EARNINGS_QUALITY_RESILIENCE_SCORE,252,2022-10-31,-0.2
EARNINGS_QUALITY_RESILIENCE_SCORE,252,2022-11-30,-0.7857142857142857
EARNINGS_QUALITY_RESILIENCE_SCORE,252,2022-12-31,-0.21428571428571427
EARNINGS_QUALITY_RESILIENCE_SCORE,252,2023-01-31,0.25
EARNINGS_QUALITY_RESILIENCE_SCORE,252,2023-02-28,0.09523809523809523
EARNINGS_QUALITY_RESILIENCE_SCORE,252,2023-03-29,0.13333333333333333
EARNINGS_QUALITY_RESILIENCE_SCORE,252,2023-04-30,-0.35714285714285715
EARNINGS_QUALITY_RESILIENCE_SCORE,252,2023-05-31,0.2857142857142857
EARNINGS_QUALITY_RESILIENCE_SCORE,252,2023-06-28,0.3333333333333333
EARNINGS_QUALITY_RESILIENCE_SCORE,252,2023-07-31,0.5
EARNINGS_QUALITY_RESILIENCE_SCORE,252,2023-08-30,0.4523809523809524
EARNINGS_QUALITY_RESILIENCE_SCORE,252,2023-09-30,0.03333333333333333
EARNINGS_QUALITY_RESILIENCE_SCORE,252,2023-10-31,0.4166666666666667
EARNINGS_QUALITY_RESILIENCE_SCORE,252,2023-11-29,0.08333333333333333
EARNINGS_QUALITY_RESILIENCE_SCORE,252,2023-12-31,0.1
EARNINGS_QUALITY_RESILIENCE_SCORE,252,2024-01-31,0.25
EARNINGS_QUALITY_RESILIENCE_SCORE,252,2024-02-28,0.30952380952380953
EARNINGS_QUALITY_RESILIENCE_SCORE,252,2024-03-30,0.6666666666666666
EARNINGS_QUALITY_RESILIENCE_SCORE,252,2024-04-30,0.5333333333333333
EARNINGS_QUALITY_RESILIENCE_SCORE,252,2024-05-29,0.06666666666666667
EARNINGS_QUALITY_RESILIENCE_SCORE,252,2024-06-30,0.15
EARNINGS_QUALITY_RESILIENCE_SCORE,252,2024-07-31,-0.23333333333333334
EARNINGS_QUALITY_RESILIENCE_SCORE,252,2024-08-31,-0.05
EARNINGS_QUALITY_RESILIENCE_SCORE,252,2024-09-30,0.11904761904761904
EARNINGS_QUALITY_RESILIENCE_SCORE,252,2024-10-30,0.21666666666666667
EARNINGS_QUALITY_RESILIENCE_SCORE,252,2024-11-30,0.2
EARNINGS_QUALITY_RESILIENCE_SCORE,252,2024-12-31,0.5714285714285714
EARNINGS_QUALITY_RESILIENCE_SCORE,252,2025-01-29,0.4523809523809524
EARNINGS_QUALITY_RESILIENCE_SCORE,252,2025-02-26,0.3333333333333333
EARNINGS_QUALITY_RESILIENCE_SCORE,252,2025-03-30,0.4666666666666667
EARNINGS_QUALITY_RESILIENCE_SCORE,252,2025-04-30,0.21212121212121213
EARNINGS_QUALITY_RESILIENCE_SCORE,252,2025-05-31,0.24848484848484848
EARNINGS_QUALITY_RESILIENCE_SCORE,252,2025-06-30,0.0
EARNINGS_QUALITY_RESILIENCE_SCORE,252,2025-07-30,-0.5
LIQUIDITY_CAPACITY_SCORE,21,2021-01-31,-0.14403380016489833
LIQUIDITY_CAPACITY_SCORE,21,2021-02-28,0.1795989200648854
LIQUIDITY_CAPACITY_SCORE,21,2021-03-31,-0.40012577446259884
LIQUIDITY_CAPACITY_SCORE,21,2021-04-28,0.14533415313535014
LIQUIDITY_CAPACITY_SCORE,21,2021-05-31,0.4838200599009745
LIQUIDITY_CAPACITY_SCORE,21,2021-06-30,0.22355252528478567
LIQUIDITY_CAPACITY_SCORE,21,2021-07-31,-0.0506106542492647
LIQUIDITY_CAPACITY_SCORE,21,2021-08-31,-0.05776662341902191
LIQUIDITY_CAPACITY_SCORE,21,2021-09-29,0.04902151327391825
LIQUIDITY_CAPACITY_SCORE,21,2021-10-31,-0.0002841050671099274
LIQUIDITY_CAPACITY_SCORE,21,2021-11-30,0.1306070243815794
LIQUIDITY_CAPACITY_SCORE,21,2021-12-29,-0.036060274274285306
LIQUIDITY_CAPACITY_SCORE,21,2022-01-31,-0.03419296939824162
LIQUIDITY_CAPACITY_SCORE,21,2022-02-28,0.17863556822462498
LIQUIDITY_CAPACITY_SCORE,21,2022-03-30,-0.18547656340003885
LIQUIDITY_CAPACITY_SCORE,21,2022-04-30,-0.09849554761196333
LIQUIDITY_CAPACITY_SCORE,21,2022-05-31,0.15198713251728127
LIQUIDITY_CAPACITY_SCORE,21,2022-06-29,-0.04423485580670003
LIQUIDITY_CAPACITY_SCORE,21,2022-07-31,-0.066844071174876
LIQUIDITY_CAPACITY_SCORE,21,2022-08-31,0.00023656441413422627
LIQUIDITY_CAPACITY_SCORE,21,2022-09-28,0.09185793178902134
LIQUIDITY_CAPACITY_SCORE,21,2022-10-31,-0.017534737914299357
LIQUIDITY_CAPACITY_SCORE,21,2022-11-30,0.018524547631576942
LIQUIDITY_CAPACITY_SCORE,21,2022-12-31,-0.13271350925179506
LIQUIDITY_CAPACITY_SCORE,21,2023-01-31,0.11406713494086018
LIQUIDITY_CAPACITY_SCORE,21,2023-02-28,0.16510642213727528
LIQUIDITY_CAPACITY_SCORE,21,2023-03-29,-0.07739213194754022
LIQUIDITY_CAPACITY_SCORE,21,2023-04-30,-0.07854427772405174
LIQUIDITY_CAPACITY_SCORE,21,2023-05-31,-0.2633661194466036
LIQUIDITY_CAPACITY_SCORE,21,2023-06-28,-0.2949762370251977
LIQUIDITY_CAPACITY_SCORE,21,2023-07-31,0.1770322002181034
LIQUIDITY_CAPACITY_SCORE,21,2023-08-30,-0.16449690696065303
LIQUIDITY_CAPACITY_SCORE,21,2023-09-30,0.002095940849858089
LIQUIDITY_CAPACITY_SCORE,21,2023-10-31,0.10813228148092549
LIQUIDITY_CAPACITY_SCORE,21,2023-11-29,-0.10793819583384867
LIQUIDITY_CAPACITY_SCORE,21,2023-12-31,-0.09356320888723897
LIQUIDITY_CAPACITY_SCORE,21,2024-01-31,0.19999633665732897
LIQUIDITY_CAPACITY_SCORE,21,2024-02-28,0.08118447420003681
LIQUIDITY_CAPACITY_SCORE,21,2024-03-30,0.057824736388611915
LIQUIDITY_CAPACITY_SCORE,21,2024-04-30,-0.09103543532506338
LIQUIDITY_CAPACITY_SCORE,21,2024-05-29,0.08597920498957642
LIQUIDITY_CAPACITY_SCORE,21,2024-06-30,-0.02464275706077268
LIQUIDITY_CAPACITY_SCORE,21,2024-07-31,0.23920036273939746
LIQUIDITY_CAPACITY_SCORE,21,2024-08-31,-0.17547791801454213
LIQUIDITY_CAPACITY_SCORE,21,2024-09-30,-0.05644713918398417
LIQUIDITY_CAPACITY_SCORE,21,2024-10-30,0.05675470076521207
LIQUIDITY_CAPACITY_SCORE,21,2024-11-30,0.040351885074183906
LIQUIDITY_CAPACITY_SCORE,21,2024-12-31,0.01814846987037818
LIQUIDITY_CAPACITY_SCORE,21,2025-01-29,0.09762068858833324
LIQUIDITY_CAPACITY_SCORE,21,2025-02-26,0.18062197897273918
LIQUIDITY_CAPACITY_SCORE,21,2025-03-30,0.031032919594122865
LIQUIDITY_CAPACITY_SCORE,21,2025-04-30,-0.0970734023003568
LIQUIDITY_CAPACITY_SCORE,21,2025-05-31,0.024652486189996665
LIQUIDITY_CAPACITY_SCORE,21,2025-06-30,0.09274915911303036
LIQUIDITY_CAPACITY_SCORE,21,2025-07-30,0.13720277462052022
LIQUIDITY_CAPACITY_SCORE,21,2025-08-31,0.16967378081243187
LIQUIDITY_CAPACITY_SCORE,21,2025-09-30,-0.1048892871593673
LIQUIDITY_CAPACITY_SCORE,21,2025-10-29,-0.07579404345330348
LIQUIDITY_CAPACITY_SCORE,21,2025-11-30,-0.07822467391108193
LIQUIDITY_CAPACITY_SCORE,21,2025-12-31,-0.04521567777820457
LIQUIDITY_CAPACITY_SCORE,21,2026-01-31,0.005086158317660098
LIQUIDITY_CAPACITY_SCORE,21,2026-05-31,0.06712155543478514
LIQUIDITY_CAPACITY_SCORE,21,2026-06-30,-0.09129145308327116
LIQUIDITY_CAPACITY_SCORE,63,2021-01-31,-0.12339251186472376
LIQUIDITY_CAPACITY_SCORE,63,2021-02-28,0.21356785649056714
LIQUIDITY_CAPACITY_SCORE,63,2021-03-31,0.41245710726857343
LIQUIDITY_CAPACITY_SCORE,63,2021-04-28,0.5763339042550831
LIQUIDITY_CAPACITY_SCORE,63,2021-05-31,0.4149081198791274
LIQUIDITY_CAPACITY_SCORE,63,2021-06-30,0.14356384480774737
LIQUIDITY_CAPACITY_SCORE,63,2021-07-31,0.24004992262584637
LIQUIDITY_CAPACITY_SCORE,63,2021-08-31,-0.004288711042775848
LIQUIDITY_CAPACITY_SCORE,63,2021-09-29,0.056654313771607394
LIQUIDITY_CAPACITY_SCORE,63,2021-10-31,-0.06338603796998146
LIQUIDITY_CAPACITY_SCORE,63,2021-11-30,-0.10719581626569391
LIQUIDITY_CAPACITY_SCORE,63,2021-12-29,-0.0140654794334905
LIQUIDITY_CAPACITY_SCORE,63,2022-01-31,-0.18525114653723052
LIQUIDITY_CAPACITY_SCORE,63,2022-02-28,-0.058296208823636834
LIQUIDITY_CAPACITY_SCORE,63,2022-03-30,-0.20424278673270388
LIQUIDITY_CAPACITY_SCORE,63,2022-04-30,0.009587611489266934
LIQUIDITY_CAPACITY_SCORE,63,2022-05-31,0.056389298667266316
LIQUIDITY_CAPACITY_SCORE,63,2022-06-29,-0.14853239144453106
LIQUIDITY_CAPACITY_SCORE,63,2022-07-31,0.015098274807073167
LIQUIDITY_CAPACITY_SCORE,63,2022-08-31,-0.0050777527002354396
LIQUIDITY_CAPACITY_SCORE,63,2022-09-28,0.10190345536039161
LIQUIDITY_CAPACITY_SCORE,63,2022-10-31,-0.12259609233231002
LIQUIDITY_CAPACITY_SCORE,63,2022-11-30,-0.0662611395855281
LIQUIDITY_CAPACITY_SCORE,63,2022-12-31,-0.03675255356631527
LIQUIDITY_CAPACITY_SCORE,63,2023-01-31,0.0805296692056049
LIQUIDITY_CAPACITY_SCORE,63,2023-02-28,-0.06344975665675244
LIQUIDITY_CAPACITY_SCORE,63,2023-03-29,-0.243987202639123
LIQUIDITY_CAPACITY_SCORE,63,2023-04-30,-0.1752911721928479
LIQUIDITY_CAPACITY_SCORE,63,2023-05-31,-0.10327903174946469
LIQUIDITY_CAPACITY_SCORE,63,2023-06-28,-0.0722174173509392
LIQUIDITY_CAPACITY_SCORE,63,2023-07-31,0.08847579710603536
LIQUIDITY_CAPACITY_SCORE,63,2023-08-30,0.06545664299512702
LIQUIDITY_CAPACITY_SCORE,63,2023-09-30,0.07942983994744104
LIQUIDITY_CAPACITY_SCORE,63,2023-10-31,-0.025468302463775586
LIQUIDITY_CAPACITY_SCORE,63,2023-11-29,-0.013320135452583377
LIQUIDITY_CAPACITY_SCORE,63,2023-12-31,0.05949785235252923
LIQUIDITY_CAPACITY_SCORE,63,2024-01-31,0.13916225227954154
LIQUIDITY_CAPACITY_SCORE,63,2024-02-28,0.02638857286970107
LIQUIDITY_CAPACITY_SCORE,63,2024-03-30,0.0625499756877095
LIQUIDITY_CAPACITY_SCORE,63,2024-04-30,0.013143603728233266
LIQUIDITY_CAPACITY_SCORE,63,2024-05-29,0.12952954308417258
LIQUIDITY_CAPACITY_SCORE,63,2024-06-30,0.0389229333424405
LIQUIDITY_CAPACITY_SCORE,63,2024-07-31,-0.035207225329367674
LIQUIDITY_CAPACITY_SCORE,63,2024-08-31,0.052570386757515825
LIQUIDITY_CAPACITY_SCORE,63,2024-09-30,0.18752426778300701
LIQUIDITY_CAPACITY_SCORE,63,2024-10-30,0.11997741627315132
LIQUIDITY_CAPACITY_SCORE,63,2024-11-30,0.10790574962282046
LIQUIDITY_CAPACITY_SCORE,63,2024-12-31,0.13705761203761807
LIQUIDITY_CAPACITY_SCORE,63,2025-01-29,0.19006798920341836
LIQUIDITY_CAPACITY_SCORE,63,2025-02-26,0.13231444345294782
LIQUIDITY_CAPACITY_SCORE,63,2025-03-30,-0.09872648118752429
LIQUIDITY_CAPACITY_SCORE,63,2025-04-30,-0.0785870115992337
LIQUIDITY_CAPACITY_SCORE,63,2025-05-31,-0.04787502386862011
LIQUIDITY_CAPACITY_SCORE,63,2025-06-30,0.11494246307669893
LIQUIDITY_CAPACITY_SCORE,63,2025-07-30,0.02888970481016847
LIQUIDITY_CAPACITY_SCORE,63,2025-08-31,0.05317387544972163
LIQUIDITY_CAPACITY_SCORE,63,2025-09-30,-0.11143619588675305
LIQUIDITY_CAPACITY_SCORE,63,2025-10-29,-0.08689654473308564
LIQUIDITY_CAPACITY_SCORE,63,2025-11-30,-0.10004646072212892
LIQUIDITY_CAPACITY_SCORE,63,2025-12-31,-0.0678273041187769
LIQUIDITY_CAPACITY_SCORE,63,2026-01-31,-0.020404002789645267
LIQUIDITY_CAPACITY_SCORE,63,2026-05-31,-0.024751342540538207
LIQUIDITY_CAPACITY_SCORE,126,2021-01-31,0.3660378974857283
LIQUIDITY_CAPACITY_SCORE,126,2021-02-28,0.3784959820310482
LIQUIDITY_CAPACITY_SCORE,126,2021-03-31,0.472828687835296
LIQUIDITY_CAPACITY_SCORE,126,2021-04-28,0.5166665660080575
LIQUIDITY_CAPACITY_SCORE,126,2021-05-31,0.37799938512834513
LIQUIDITY_CAPACITY_SCORE,126,2021-06-30,0.20743288509067848
LIQUIDITY_CAPACITY_SCORE,126,2021-07-31,0.22549271473625565
LIQUIDITY_CAPACITY_SCORE,126,2021-08-31,0.08487476989359065
LIQUIDITY_CAPACITY_SCORE,126,2021-09-29,0.08942325432343282
LIQUIDITY_CAPACITY_SCORE,126,2021-10-31,-0.11677346114719918
LIQUIDITY_CAPACITY_SCORE,126,2021-11-30,-0.03872094436853435
LIQUIDITY_CAPACITY_SCORE,126,2021-12-29,-0.06471913690786747
LIQUIDITY_CAPACITY_SCORE,126,2022-01-31,-0.10758398283818851
LIQUIDITY_CAPACITY_SCORE,126,2022-02-28,-0.1301435938780092
LIQUIDITY_CAPACITY_SCORE,126,2022-03-30,-0.19920001014485716
LIQUIDITY_CAPACITY_SCORE,126,2022-04-30,0.02603150922271002
LIQUIDITY_CAPACITY_SCORE,126,2022-05-31,0.03158473794053832
LIQUIDITY_CAPACITY_SCORE,126,2022-06-29,-0.17102766917986068
LIQUIDITY_CAPACITY_SCORE,126,2022-07-31,-0.14858972085457792
LIQUIDITY_CAPACITY_SCORE,126,2022-08-31,-0.07271158079160814
LIQUIDITY_CAPACITY_SCORE,126,2022-09-28,0.019826340328865974
LIQUIDITY_CAPACITY_SCORE,126,2022-10-31,-0.08115971325645223
LIQUIDITY_CAPACITY_SCORE,126,2022-11-30,-0.24579613842050688
LIQUIDITY_CAPACITY_SCORE,126,2022-12-31,-0.22362019040876857
LIQUIDITY_CAPACITY_SCORE,126,2023-01-31,-0.17929249936444822
LIQUIDITY_CAPACITY_SCORE,126,2023-02-28,-0.0910426956962675
LIQUIDITY_CAPACITY_SCORE,126,2023-03-29,-0.2268130975806409
LIQUIDITY_CAPACITY_SCORE,126,2023-04-30,-0.04032541202508396
LIQUIDITY_CAPACITY_SCORE,126,2023-05-31,-0.07541946376090546
LIQUIDITY_CAPACITY_SCORE,126,2023-06-28,-0.01503878417993283
LIQUIDITY_CAPACITY_SCORE,126,2023-07-31,0.0664747656000704
LIQUIDITY_CAPACITY_SCORE,126,2023-08-30,0.046775412331460514
LIQUIDITY_CAPACITY_SCORE,126,2023-09-30,0.18189955993780668
LIQUIDITY_CAPACITY_SCORE,126,2023-10-31,0.03960011201264516
LIQUIDITY_CAPACITY_SCORE,126,2023-11-29,-0.04787614397561686
LIQUIDITY_CAPACITY_SCORE,126,2023-12-31,-0.030119923652348893
LIQUIDITY_CAPACITY_SCORE,126,2024-01-31,0.09079724280249234
LIQUIDITY_CAPACITY_SCORE,126,2024-02-28,0.03850936068393535
LIQUIDITY_CAPACITY_SCORE,126,2024-03-30,0.023907747774836945
LIQUIDITY_CAPACITY_SCORE,126,2024-04-30,0.06203905857022569
LIQUIDITY_CAPACITY_SCORE,126,2024-05-29,0.0556091002556806
LIQUIDITY_CAPACITY_SCORE,126,2024-06-30,0.0593102614800792
LIQUIDITY_CAPACITY_SCORE,126,2024-07-31,-0.020553285012724874
LIQUIDITY_CAPACITY_SCORE,126,2024-08-31,0.13060096203611385
LIQUIDITY_CAPACITY_SCORE,126,2024-09-30,0.18221295603282422
LIQUIDITY_CAPACITY_SCORE,126,2024-10-30,0.2175801404213025
LIQUIDITY_CAPACITY_SCORE,126,2024-11-30,0.015610723124329578
LIQUIDITY_CAPACITY_SCORE,126,2024-12-31,0.039472875400101
LIQUIDITY_CAPACITY_SCORE,126,2025-01-29,-0.05224550619551028
LIQUIDITY_CAPACITY_SCORE,126,2025-02-26,0.024410984653690702
LIQUIDITY_CAPACITY_SCORE,126,2025-03-30,-0.05525549648634717
LIQUIDITY_CAPACITY_SCORE,126,2025-04-30,-0.1092034359874384
LIQUIDITY_CAPACITY_SCORE,126,2025-05-31,-0.05313037957867783
LIQUIDITY_CAPACITY_SCORE,126,2025-06-30,-0.06854788955264891
LIQUIDITY_CAPACITY_SCORE,126,2025-07-30,0.009668538061530106
LIQUIDITY_CAPACITY_SCORE,126,2025-08-31,0.11103665320999777
LIQUIDITY_CAPACITY_SCORE,126,2025-09-30,0.04845666304194112
LIQUIDITY_CAPACITY_SCORE,126,2025-10-29,-0.09793391617894304
LIQUIDITY_CAPACITY_SCORE,126,2025-11-30,-0.04566740659964536
LIQUIDITY_CAPACITY_SCORE,126,2025-12-31,-0.07004079897076132
LIQUIDITY_CAPACITY_SCORE,126,2026-01-31,-0.004255067770422312
LIQUIDITY_CAPACITY_SCORE,252,2021-01-31,0.29061397566110697
LIQUIDITY_CAPACITY_SCORE,252,2021-02-28,0.41179447892201254
LIQUIDITY_CAPACITY_SCORE,252,2021-03-31,0.44476191815606564
LIQUIDITY_CAPACITY_SCORE,252,2021-04-28,0.4094674130212042
LIQUIDITY_CAPACITY_SCORE,252,2021-05-31,0.33420141076959314
LIQUIDITY_CAPACITY_SCORE,252,2021-06-30,0.09736001454172101
LIQUIDITY_CAPACITY_SCORE,252,2021-07-31,0.11792262883497484
LIQUIDITY_CAPACITY_SCORE,252,2021-08-31,-0.006244444661215042
LIQUIDITY_CAPACITY_SCORE,252,2021-09-29,0.02034591674437853
LIQUIDITY_CAPACITY_SCORE,252,2021-10-31,-0.0963210355977939
LIQUIDITY_CAPACITY_SCORE,252,2021-11-30,-0.10936659433166315
LIQUIDITY_CAPACITY_SCORE,252,2021-12-29,-0.13947131442336702
LIQUIDITY_CAPACITY_SCORE,252,2022-01-31,-0.10830981528455336
LIQUIDITY_CAPACITY_SCORE,252,2022-02-28,-0.06477768363226954
LIQUIDITY_CAPACITY_SCORE,252,2022-03-30,-0.1483968531228019
LIQUIDITY_CAPACITY_SCORE,252,2022-04-30,-0.12478957391442734
LIQUIDITY_CAPACITY_SCORE,252,2022-05-31,-0.13632305774808195
LIQUIDITY_CAPACITY_SCORE,252,2022-06-29,-0.31777754288842264
LIQUIDITY_CAPACITY_SCORE,252,2022-07-31,-0.2530141207998239
LIQUIDITY_CAPACITY_SCORE,252,2022-08-31,-0.17370968393154423
LIQUIDITY_CAPACITY_SCORE,252,2022-09-28,-0.1310638780253529
LIQUIDITY_CAPACITY_SCORE,252,2022-10-31,-0.19451870987326692
LIQUIDITY_CAPACITY_SCORE,252,2022-11-30,-0.19994464647154342
LIQUIDITY_CAPACITY_SCORE,252,2022-12-31,-0.18603217733489785
LIQUIDITY_CAPACITY_SCORE,252,2023-01-31,-0.15623966369769643
LIQUIDITY_CAPACITY_SCORE,252,2023-02-28,-0.10211870125889419
LIQUIDITY_CAPACITY_SCORE,252,2023-03-29,-0.16145861708300155
LIQUIDITY_CAPACITY_SCORE,252,2023-04-30,-0.011887036622515565
LIQUIDITY_CAPACITY_SCORE,252,2023-05-31,-0.087998709139939
LIQUIDITY_CAPACITY_SCORE,252,2023-06-28,-0.008742126218221041
LIQUIDITY_CAPACITY_SCORE,252,2023-07-31,0.05785055268899648
LIQUIDITY_CAPACITY_SCORE,252,2023-08-30,-0.07232511687426016
LIQUIDITY_CAPACITY_SCORE,252,2023-09-30,-0.0490646671173239
LIQUIDITY_CAPACITY_SCORE,252,2023-10-31,-0.11845511257092443
LIQUIDITY_CAPACITY_SCORE,252,2023-11-29,-0.07778809131106867
LIQUIDITY_CAPACITY_SCORE,252,2023-12-31,-0.13206544166563192
LIQUIDITY_CAPACITY_SCORE,252,2024-01-31,0.008356801070064515
LIQUIDITY_CAPACITY_SCORE,252,2024-02-28,-0.033249629271031034
LIQUIDITY_CAPACITY_SCORE,252,2024-03-30,0.038549813397703594
LIQUIDITY_CAPACITY_SCORE,252,2024-04-30,0.027972708717125472
LIQUIDITY_CAPACITY_SCORE,252,2024-05-29,-0.05098812798113319
LIQUIDITY_CAPACITY_SCORE,252,2024-06-30,-0.01868614603865457
LIQUIDITY_CAPACITY_SCORE,252,2024-07-31,-0.047204922009738845
LIQUIDITY_CAPACITY_SCORE,252,2024-08-31,0.04040120313555592
LIQUIDITY_CAPACITY_SCORE,252,2024-09-30,0.05906031013686717
LIQUIDITY_CAPACITY_SCORE,252,2024-10-30,0.07281874791153868
LIQUIDITY_CAPACITY_SCORE,252,2024-11-30,-0.02527085475340881
LIQUIDITY_CAPACITY_SCORE,252,2024-12-31,-0.06100218000462024
LIQUIDITY_CAPACITY_SCORE,252,2025-01-29,-0.09513892769910223
LIQUIDITY_CAPACITY_SCORE,252,2025-02-26,-0.021599740063825163
LIQUIDITY_CAPACITY_SCORE,252,2025-03-30,-0.11089384720977297
LIQUIDITY_CAPACITY_SCORE,252,2025-04-30,-0.06424564889252826
LIQUIDITY_CAPACITY_SCORE,252,2025-05-31,-0.13036374277133614
LIQUIDITY_CAPACITY_SCORE,252,2025-06-30,-0.1925333385172468
LIQUIDITY_CAPACITY_SCORE,252,2025-07-30,-0.11983545109815331
TECHNICAL_CONFIRMATION_SCORE,21,2021-01-31,0.07196352748067851
TECHNICAL_CONFIRMATION_SCORE,21,2021-02-28,-0.17871719542157002
TECHNICAL_CONFIRMATION_SCORE,21,2021-03-31,-0.031730190857816504
TECHNICAL_CONFIRMATION_SCORE,21,2021-04-28,0.15120199650667152
TECHNICAL_CONFIRMATION_SCORE,21,2021-05-31,-0.28094021314645373
TECHNICAL_CONFIRMATION_SCORE,21,2021-06-30,0.14839001084917672
TECHNICAL_CONFIRMATION_SCORE,21,2021-07-31,-0.17244444602913336
TECHNICAL_CONFIRMATION_SCORE,21,2021-08-31,0.2829578068384675
TECHNICAL_CONFIRMATION_SCORE,21,2021-09-29,0.4867174531211476
TECHNICAL_CONFIRMATION_SCORE,21,2021-10-31,-0.09715277717973396
TECHNICAL_CONFIRMATION_SCORE,21,2021-11-30,0.13747605920065575
TECHNICAL_CONFIRMATION_SCORE,21,2021-12-29,0.2096836895719432
TECHNICAL_CONFIRMATION_SCORE,21,2022-01-31,-0.007092861918801464
TECHNICAL_CONFIRMATION_SCORE,21,2022-02-28,-0.19910544561097412
TECHNICAL_CONFIRMATION_SCORE,21,2022-03-30,-0.25935421152193866
TECHNICAL_CONFIRMATION_SCORE,21,2022-04-30,0.0022679697331654024
TECHNICAL_CONFIRMATION_SCORE,21,2022-05-31,0.07191428029776709
TECHNICAL_CONFIRMATION_SCORE,21,2022-06-29,0.2394411246739066
TECHNICAL_CONFIRMATION_SCORE,21,2022-07-31,-0.4972289269110485
TECHNICAL_CONFIRMATION_SCORE,21,2022-08-31,0.25183181740125915
TECHNICAL_CONFIRMATION_SCORE,21,2022-09-28,0.12153344181768357
TECHNICAL_CONFIRMATION_SCORE,21,2022-10-31,-0.1423178169067684
TECHNICAL_CONFIRMATION_SCORE,21,2022-11-30,0.11457899738230466
TECHNICAL_CONFIRMATION_SCORE,21,2022-12-31,0.05638554586293191
TECHNICAL_CONFIRMATION_SCORE,21,2023-01-31,-0.19143136258850788
TECHNICAL_CONFIRMATION_SCORE,21,2023-02-28,-0.3478380870386296
TECHNICAL_CONFIRMATION_SCORE,21,2023-03-29,-0.3228807789620764
TECHNICAL_CONFIRMATION_SCORE,21,2023-04-30,-0.06981894832571026
TECHNICAL_CONFIRMATION_SCORE,21,2023-05-31,0.08090666782293769
TECHNICAL_CONFIRMATION_SCORE,21,2023-06-28,0.1135163510466764
TECHNICAL_CONFIRMATION_SCORE,21,2023-07-31,-0.1309559794054379
TECHNICAL_CONFIRMATION_SCORE,21,2023-08-30,-0.08878292144252194
TECHNICAL_CONFIRMATION_SCORE,21,2023-09-30,0.23734495110546422
TECHNICAL_CONFIRMATION_SCORE,21,2023-10-31,-0.4626898060535577
TECHNICAL_CONFIRMATION_SCORE,21,2023-11-29,-0.020725474978722264
TECHNICAL_CONFIRMATION_SCORE,21,2023-12-31,0.2284147334321625
TECHNICAL_CONFIRMATION_SCORE,21,2024-01-31,0.02980702364404186
TECHNICAL_CONFIRMATION_SCORE,21,2024-02-28,0.1754035551575749
TECHNICAL_CONFIRMATION_SCORE,21,2024-03-30,0.07714366536265901
TECHNICAL_CONFIRMATION_SCORE,21,2024-04-30,0.253569114095739
TECHNICAL_CONFIRMATION_SCORE,21,2024-05-29,0.18063497591168204
TECHNICAL_CONFIRMATION_SCORE,21,2024-06-30,0.32386506194374753
TECHNICAL_CONFIRMATION_SCORE,21,2024-07-31,0.3464854721116938
TECHNICAL_CONFIRMATION_SCORE,21,2024-08-31,-0.33765525996888207
TECHNICAL_CONFIRMATION_SCORE,21,2024-09-30,0.3202457696541787
TECHNICAL_CONFIRMATION_SCORE,21,2024-10-30,-0.15567400613520624
TECHNICAL_CONFIRMATION_SCORE,21,2024-11-30,-0.1314921828161803
TECHNICAL_CONFIRMATION_SCORE,21,2024-12-31,0.2229414348776273
TECHNICAL_CONFIRMATION_SCORE,21,2025-01-29,-0.023257784959745342
TECHNICAL_CONFIRMATION_SCORE,21,2025-02-26,0.3518773717002398
TECHNICAL_CONFIRMATION_SCORE,21,2025-03-30,-0.14957100969214718
TECHNICAL_CONFIRMATION_SCORE,21,2025-04-30,-0.03459811291397957
TECHNICAL_CONFIRMATION_SCORE,21,2025-05-31,0.05605012174380898
TECHNICAL_CONFIRMATION_SCORE,21,2025-06-30,0.19822368336673826
TECHNICAL_CONFIRMATION_SCORE,21,2025-07-30,0.20714267540598882
TECHNICAL_CONFIRMATION_SCORE,21,2025-08-31,0.05009848874608446
TECHNICAL_CONFIRMATION_SCORE,21,2025-09-30,-0.15579603146232293
TECHNICAL_CONFIRMATION_SCORE,21,2025-10-29,0.2447265830947297
TECHNICAL_CONFIRMATION_SCORE,21,2025-11-30,-0.2324079636776506
TECHNICAL_CONFIRMATION_SCORE,21,2025-12-31,0.20368744180282616
TECHNICAL_CONFIRMATION_SCORE,21,2026-01-31,-0.10949276696976804
TECHNICAL_CONFIRMATION_SCORE,21,2026-05-31,0.08492523621594689
TECHNICAL_CONFIRMATION_SCORE,21,2026-06-30,0.28139327101408274
TECHNICAL_CONFIRMATION_SCORE,63,2021-01-31,0.15536383616208158
TECHNICAL_CONFIRMATION_SCORE,63,2021-02-28,-0.1313300602719113
TECHNICAL_CONFIRMATION_SCORE,63,2021-03-31,-0.026111445298763254
TECHNICAL_CONFIRMATION_SCORE,63,2021-04-28,-0.12835493907284262
TECHNICAL_CONFIRMATION_SCORE,63,2021-05-31,-0.32749160876503064
TECHNICAL_CONFIRMATION_SCORE,63,2021-06-30,0.10099097188422405
TECHNICAL_CONFIRMATION_SCORE,63,2021-07-31,0.3912699499273118
TECHNICAL_CONFIRMATION_SCORE,63,2021-08-31,0.3586980617793748
TECHNICAL_CONFIRMATION_SCORE,63,2021-09-29,0.3830818664463744
TECHNICAL_CONFIRMATION_SCORE,63,2021-10-31,0.15473764096454706
TECHNICAL_CONFIRMATION_SCORE,63,2021-11-30,0.038908758164986415
TECHNICAL_CONFIRMATION_SCORE,63,2021-12-29,0.00918089226800508
TECHNICAL_CONFIRMATION_SCORE,63,2022-01-31,-0.22134274307419347
TECHNICAL_CONFIRMATION_SCORE,63,2022-02-28,-0.05826443544094001
TECHNICAL_CONFIRMATION_SCORE,63,2022-03-30,0.04520466015351379
TECHNICAL_CONFIRMATION_SCORE,63,2022-04-30,0.08310653038351538
TECHNICAL_CONFIRMATION_SCORE,63,2022-05-31,0.03349710712002142
TECHNICAL_CONFIRMATION_SCORE,63,2022-06-29,-0.024364312257916524
TECHNICAL_CONFIRMATION_SCORE,63,2022-07-31,-0.09388176932650175
TECHNICAL_CONFIRMATION_SCORE,63,2022-08-31,0.21311606715535042
TECHNICAL_CONFIRMATION_SCORE,63,2022-09-28,0.027442088871584946
TECHNICAL_CONFIRMATION_SCORE,63,2022-10-31,-0.09614431462829208
TECHNICAL_CONFIRMATION_SCORE,63,2022-11-30,0.06623620459540691
TECHNICAL_CONFIRMATION_SCORE,63,2022-12-31,-0.08174939672290864
TECHNICAL_CONFIRMATION_SCORE,63,2023-01-31,-0.20077139862725935
TECHNICAL_CONFIRMATION_SCORE,63,2023-02-28,-0.2231224602600551
TECHNICAL_CONFIRMATION_SCORE,63,2023-03-29,-0.13278847278887773
TECHNICAL_CONFIRMATION_SCORE,63,2023-04-30,0.04034968327471795
TECHNICAL_CONFIRMATION_SCORE,63,2023-05-31,0.07668801649372133
TECHNICAL_CONFIRMATION_SCORE,63,2023-06-28,-0.04971337807986128
TECHNICAL_CONFIRMATION_SCORE,63,2023-07-31,0.09452110348726375
TECHNICAL_CONFIRMATION_SCORE,63,2023-08-30,-0.03878532744127964
TECHNICAL_CONFIRMATION_SCORE,63,2023-09-30,0.04232760708726288
TECHNICAL_CONFIRMATION_SCORE,63,2023-10-31,-0.06130418072264089
TECHNICAL_CONFIRMATION_SCORE,63,2023-11-29,0.14879180745171172
TECHNICAL_CONFIRMATION_SCORE,63,2023-12-31,0.21683690488021773
TECHNICAL_CONFIRMATION_SCORE,63,2024-01-31,0.1809476207039159
TECHNICAL_CONFIRMATION_SCORE,63,2024-02-28,0.2626965780082595
TECHNICAL_CONFIRMATION_SCORE,63,2024-03-30,0.36423198259863104
TECHNICAL_CONFIRMATION_SCORE,63,2024-04-30,0.33544422563776366
TECHNICAL_CONFIRMATION_SCORE,63,2024-05-29,0.2763268097506093
TECHNICAL_CONFIRMATION_SCORE,63,2024-06-30,0.1610098515759115
TECHNICAL_CONFIRMATION_SCORE,63,2024-07-31,0.2992400090825166
TECHNICAL_CONFIRMATION_SCORE,63,2024-08-31,-0.06039633720870473
TECHNICAL_CONFIRMATION_SCORE,63,2024-09-30,0.1641965265750729
TECHNICAL_CONFIRMATION_SCORE,63,2024-10-30,0.12574636342040033
TECHNICAL_CONFIRMATION_SCORE,63,2024-11-30,0.13423418601133746
TECHNICAL_CONFIRMATION_SCORE,63,2024-12-31,0.29242172353600265
TECHNICAL_CONFIRMATION_SCORE,63,2025-01-29,0.14826294621703645
TECHNICAL_CONFIRMATION_SCORE,63,2025-02-26,0.1576508897865363
TECHNICAL_CONFIRMATION_SCORE,63,2025-03-30,0.027833063859704445
TECHNICAL_CONFIRMATION_SCORE,63,2025-04-30,0.0997132866713126
TECHNICAL_CONFIRMATION_SCORE,63,2025-05-31,0.20427075452516524
TECHNICAL_CONFIRMATION_SCORE,63,2025-06-30,0.14484906735654848
TECHNICAL_CONFIRMATION_SCORE,63,2025-07-30,-0.019951176899813565
TECHNICAL_CONFIRMATION_SCORE,63,2025-08-31,-0.01119161237766764
TECHNICAL_CONFIRMATION_SCORE,63,2025-09-30,0.010351157890137757
TECHNICAL_CONFIRMATION_SCORE,63,2025-10-29,0.3269962910938997
TECHNICAL_CONFIRMATION_SCORE,63,2025-11-30,0.15440626276636926
TECHNICAL_CONFIRMATION_SCORE,63,2025-12-31,0.050693126734625525
TECHNICAL_CONFIRMATION_SCORE,63,2026-01-31,-0.05911118073850792
TECHNICAL_CONFIRMATION_SCORE,63,2026-05-31,0.01716264127443098
TECHNICAL_CONFIRMATION_SCORE,126,2021-01-31,-0.06322946820549832
TECHNICAL_CONFIRMATION_SCORE,126,2021-02-28,-0.3249009208028057
TECHNICAL_CONFIRMATION_SCORE,126,2021-03-31,-0.08752118994904835
TECHNICAL_CONFIRMATION_SCORE,126,2021-04-28,-0.13092325506567049
TECHNICAL_CONFIRMATION_SCORE,126,2021-05-31,-0.1429276372193377
TECHNICAL_CONFIRMATION_SCORE,126,2021-06-30,0.24494038390499648
TECHNICAL_CONFIRMATION_SCORE,126,2021-07-31,0.3979316267072609
TECHNICAL_CONFIRMATION_SCORE,126,2021-08-31,0.35641340934534743
TECHNICAL_CONFIRMATION_SCORE,126,2021-09-29,0.3289647124594277
TECHNICAL_CONFIRMATION_SCORE,126,2021-10-31,-0.1569045094589711
TECHNICAL_CONFIRMATION_SCORE,126,2021-11-30,-0.007960247535671882
TECHNICAL_CONFIRMATION_SCORE,126,2021-12-29,-0.007462343996587878
TECHNICAL_CONFIRMATION_SCORE,126,2022-01-31,0.07659378756234943
TECHNICAL_CONFIRMATION_SCORE,126,2022-02-28,0.03662779145063817
TECHNICAL_CONFIRMATION_SCORE,126,2022-03-30,0.06504625014788322
TECHNICAL_CONFIRMATION_SCORE,126,2022-04-30,0.2132400802341369
TECHNICAL_CONFIRMATION_SCORE,126,2022-05-31,0.09300995814694162
TECHNICAL_CONFIRMATION_SCORE,126,2022-06-29,-0.06316587115732433
TECHNICAL_CONFIRMATION_SCORE,126,2022-07-31,-0.13820026937333288
TECHNICAL_CONFIRMATION_SCORE,126,2022-08-31,0.13233355623794413
TECHNICAL_CONFIRMATION_SCORE,126,2022-09-28,-0.019051505341200686
TECHNICAL_CONFIRMATION_SCORE,126,2022-10-31,-0.16591867238683708
TECHNICAL_CONFIRMATION_SCORE,126,2022-11-30,0.08262932203021166
TECHNICAL_CONFIRMATION_SCORE,126,2022-12-31,0.1028401636681726
TECHNICAL_CONFIRMATION_SCORE,126,2023-01-31,-0.010214562821148
TECHNICAL_CONFIRMATION_SCORE,126,2023-02-28,-0.07244980723883335
TECHNICAL_CONFIRMATION_SCORE,126,2023-03-29,-0.07454630595263477
TECHNICAL_CONFIRMATION_SCORE,126,2023-04-30,0.03525785860610424
TECHNICAL_CONFIRMATION_SCORE,126,2023-05-31,0.08221550122817292
TECHNICAL_CONFIRMATION_SCORE,126,2023-06-28,-0.028790722027499303
TECHNICAL_CONFIRMATION_SCORE,126,2023-07-31,0.09207271609796822
TECHNICAL_CONFIRMATION_SCORE,126,2023-08-30,0.13131105222987838
TECHNICAL_CONFIRMATION_SCORE,126,2023-09-30,0.20886625328905215
TECHNICAL_CONFIRMATION_SCORE,126,2023-10-31,0.06640986142110622
TECHNICAL_CONFIRMATION_SCORE,126,2023-11-29,0.15551310435341398
TECHNICAL_CONFIRMATION_SCORE,126,2023-12-31,0.26164129620821097
TECHNICAL_CONFIRMATION_SCORE,126,2024-01-31,0.40162117524463226
TECHNICAL_CONFIRMATION_SCORE,126,2024-02-28,0.28413346438861636
TECHNICAL_CONFIRMATION_SCORE,126,2024-03-30,0.31019125454576096
TECHNICAL_CONFIRMATION_SCORE,126,2024-04-30,0.23891460115655586
TECHNICAL_CONFIRMATION_SCORE,126,2024-05-29,0.1821865739038086
TECHNICAL_CONFIRMATION_SCORE,126,2024-06-30,0.2279579984794166
TECHNICAL_CONFIRMATION_SCORE,126,2024-07-31,0.3308920767287691
TECHNICAL_CONFIRMATION_SCORE,126,2024-08-31,0.33384491802744554
TECHNICAL_CONFIRMATION_SCORE,126,2024-09-30,0.29526276347501706
TECHNICAL_CONFIRMATION_SCORE,126,2024-10-30,0.14837691554684723
TECHNICAL_CONFIRMATION_SCORE,126,2024-11-30,0.16159448669725215
TECHNICAL_CONFIRMATION_SCORE,126,2024-12-31,0.23188864725602257
TECHNICAL_CONFIRMATION_SCORE,126,2025-01-29,0.20443666246171371
TECHNICAL_CONFIRMATION_SCORE,126,2025-02-26,0.23891695352278958
TECHNICAL_CONFIRMATION_SCORE,126,2025-03-30,0.07050514368562388
TECHNICAL_CONFIRMATION_SCORE,126,2025-04-30,-0.07874533926757084
TECHNICAL_CONFIRMATION_SCORE,126,2025-05-31,0.08683199026972038
TECHNICAL_CONFIRMATION_SCORE,126,2025-06-30,0.02611548200357296
TECHNICAL_CONFIRMATION_SCORE,126,2025-07-30,0.057996160870799576
TECHNICAL_CONFIRMATION_SCORE,126,2025-08-31,0.1900845304993518
TECHNICAL_CONFIRMATION_SCORE,126,2025-09-30,0.3077668921115041
TECHNICAL_CONFIRMATION_SCORE,126,2025-10-29,0.3503366578743296
TECHNICAL_CONFIRMATION_SCORE,126,2025-11-30,0.29096217883180664
TECHNICAL_CONFIRMATION_SCORE,126,2025-12-31,0.18283709885096766
TECHNICAL_CONFIRMATION_SCORE,126,2026-01-31,0.09228673591085544
TECHNICAL_CONFIRMATION_SCORE,252,2021-01-31,-0.16133827410275858
TECHNICAL_CONFIRMATION_SCORE,252,2021-02-28,-0.3700928682770156
TECHNICAL_CONFIRMATION_SCORE,252,2021-03-31,-0.16545906934603752
TECHNICAL_CONFIRMATION_SCORE,252,2021-04-28,-0.15563264589714232
TECHNICAL_CONFIRMATION_SCORE,252,2021-05-31,-0.22863340778410227
TECHNICAL_CONFIRMATION_SCORE,252,2021-06-30,0.13064938317687527
TECHNICAL_CONFIRMATION_SCORE,252,2021-07-31,0.23269999698350613
TECHNICAL_CONFIRMATION_SCORE,252,2021-08-31,0.15830225316070834
TECHNICAL_CONFIRMATION_SCORE,252,2021-09-29,0.23164620416677312
TECHNICAL_CONFIRMATION_SCORE,252,2021-10-31,-0.010470974086419938
TECHNICAL_CONFIRMATION_SCORE,252,2021-11-30,-0.06872019456926944
TECHNICAL_CONFIRMATION_SCORE,252,2021-12-29,-0.2054898866742068
TECHNICAL_CONFIRMATION_SCORE,252,2022-01-31,-0.0020313907064745257
TECHNICAL_CONFIRMATION_SCORE,252,2022-02-28,-0.03444374167183729
TECHNICAL_CONFIRMATION_SCORE,252,2022-03-30,-0.06007085043896512
TECHNICAL_CONFIRMATION_SCORE,252,2022-04-30,0.18081428146850076
TECHNICAL_CONFIRMATION_SCORE,252,2022-05-31,0.04901488278119102
TECHNICAL_CONFIRMATION_SCORE,252,2022-06-29,0.033882983762347496
TECHNICAL_CONFIRMATION_SCORE,252,2022-07-31,0.05725039672505659
TECHNICAL_CONFIRMATION_SCORE,252,2022-08-31,0.24490875528428377
TECHNICAL_CONFIRMATION_SCORE,252,2022-09-28,0.19630124888853853
TECHNICAL_CONFIRMATION_SCORE,252,2022-10-31,0.0069421903112783425
TECHNICAL_CONFIRMATION_SCORE,252,2022-11-30,0.06187532804976989
TECHNICAL_CONFIRMATION_SCORE,252,2022-12-31,0.06561898399014983
TECHNICAL_CONFIRMATION_SCORE,252,2023-01-31,0.012225374402284486
TECHNICAL_CONFIRMATION_SCORE,252,2023-02-28,0.03324807492116098
TECHNICAL_CONFIRMATION_SCORE,252,2023-03-29,0.08466911391556542
TECHNICAL_CONFIRMATION_SCORE,252,2023-04-30,0.13388786215119247
TECHNICAL_CONFIRMATION_SCORE,252,2023-05-31,0.20752604718997789
TECHNICAL_CONFIRMATION_SCORE,252,2023-06-28,0.09977311071042932
TECHNICAL_CONFIRMATION_SCORE,252,2023-07-31,0.2555913661600632
TECHNICAL_CONFIRMATION_SCORE,252,2023-08-30,0.3271333063267166
TECHNICAL_CONFIRMATION_SCORE,252,2023-09-30,0.3503217442202581
TECHNICAL_CONFIRMATION_SCORE,252,2023-10-31,0.19749540377069874
TECHNICAL_CONFIRMATION_SCORE,252,2023-11-29,0.23717957305368514
TECHNICAL_CONFIRMATION_SCORE,252,2023-12-31,0.30276290325467614
TECHNICAL_CONFIRMATION_SCORE,252,2024-01-31,0.4554769769535208
TECHNICAL_CONFIRMATION_SCORE,252,2024-02-28,0.3408287849541854
TECHNICAL_CONFIRMATION_SCORE,252,2024-03-30,0.38633919457513
TECHNICAL_CONFIRMATION_SCORE,252,2024-04-30,0.19401495144813025
TECHNICAL_CONFIRMATION_SCORE,252,2024-05-29,0.2553032717003632
TECHNICAL_CONFIRMATION_SCORE,252,2024-06-30,0.35795719983959734
TECHNICAL_CONFIRMATION_SCORE,252,2024-07-31,0.36720046852237576
TECHNICAL_CONFIRMATION_SCORE,252,2024-08-31,0.34218876780464824
TECHNICAL_CONFIRMATION_SCORE,252,2024-09-30,0.3329974035683231
TECHNICAL_CONFIRMATION_SCORE,252,2024-10-30,0.19530565778726336
TECHNICAL_CONFIRMATION_SCORE,252,2024-11-30,0.08972199604178249
TECHNICAL_CONFIRMATION_SCORE,252,2024-12-31,0.22917840561607147
TECHNICAL_CONFIRMATION_SCORE,252,2025-01-29,0.2348441455850414
TECHNICAL_CONFIRMATION_SCORE,252,2025-02-26,0.18508598532840112
TECHNICAL_CONFIRMATION_SCORE,252,2025-03-30,0.060222764334415355
TECHNICAL_CONFIRMATION_SCORE,252,2025-04-30,-0.037447537288039345
TECHNICAL_CONFIRMATION_SCORE,252,2025-05-31,0.20382432553795107
TECHNICAL_CONFIRMATION_SCORE,252,2025-06-30,0.20291254232826875
TECHNICAL_CONFIRMATION_SCORE,252,2025-07-30,0.1101961687870003
