as_of,FUNDAMENTAL_MOMENTUM_SCORE::sg12,FUNDAMENTAL_MOMENTUM_SCORE::sg3,FUNDAMENTAL_MOMENTUM_SCORE::rev,FUNDAMENTAL_MOMENTUM_SCORE::opg,FUNDAMENTAL_MOMENTUM_SCORE::npg,FUNDAMENTAL_MOMENTUM_SCORE::mt,FUNDAMENTAL_MOMENTUM_SCORE::sg_accel,FUNDAMENTAL_MOMENTUM_SCORE::pg_accel,FUNDAMENTAL_MOMENTUM_SCORE::pg_cons,EARNINGS_QUALITY_RESILIENCE_SCORE::cash_conv,EARNINGS_QUALITY_RESILIENCE_SCORE::earnq,EARNINGS_QUALITY_RESILIENCE_SCORE::icov,EARNINGS_QUALITY_RESILIENCE_SCORE::stab,EARNINGS_QUALITY_RESILIENCE_SCORE::lev,EARNINGS_QUALITY_RESILIENCE_SCORE::cr,EARNINGS_QUALITY_RESILIENCE_SCORE::nm_stab,EARNINGS_QUALITY_RESILIENCE_SCORE::om_delta,LIQUIDITY_CAPACITY_SCORE::td60,LIQUIDITY_CAPACITY_SCORE::tv30,LIQUIDITY_CAPACITY_SCORE::tval_cv60,TECHNICAL_CONFIRMATION_SCORE::mom20,TECHNICAL_CONFIRMATION_SCORE::mom60,TECHNICAL_CONFIRMATION_SCORE::mom120,TECHNICAL_CONFIRMATION_SCORE::ma60_slope,TECHNICAL_CONFIRMATION_SCORE::pvs_ma60,TECHNICAL_CONFIRMATION_SCORE::dist_high60,TECHNICAL_CONFIRMATION_SCORE::vam60,TECHNICAL_CONFIRMATION_SCORE::vol60
2021-01-31,0.0,0.0,0.0,0.06329113924050633,0.06329113924050633,0.0,0.0,0.0,0.0,0.0,0.0,0.0,0.0,0.0,0.0,0.0,0.0,0.9493670886075949,0.9493670886075949,0.9493670886075949,0.9493670886075949,0.9493670886075949,0.9493670886075949,0.9493670886075949,0.9493670886075949,0.9493670886075949,0.9493670886075949,0.9493670886075949
2021-02-28,0.0,0.0,0.0,0.06097560975609756,0.06097560975609756,0.0,0.0,0.0,0.0,0.0,0.0,0.0,0.0,0.0,0.0,0.0,0.0,0.9390243902439024,0.9390243902439024,0.9390243902439024,0.9390243902439024,0.9390243902439024,0.9390243902439024,0.9390243902439024,0.9390243902439024,0.9390243902439024,0.9390243902439024,0.9390243902439024
2021-03-31,0.0,0.0,0.0,0.06172839506172839,0.06172839506172839,0.0,0.0,0.0,0.0,0.0,0.0,0.0,0.0,0.0,0.0,0.0,0.0,0.9382716049382716,0.9382716049382716,0.9382716049382716,0.9382716049382716,0.9382716049382716,0.9382716049382716,0.9382716049382716,0.9382716049382716,0.9382716049382716,0.9382716049382716,0.9382716049382716
2021-04-28,0.0,0.0,0.011764705882352941,0.10588235294117647,0.10588235294117647,0.011764705882352941,0.0,0.058823529411764705,0.0,0.0,0.011764705882352941,0.011764705882352941,0.0,0.0,0.0,0.0,0.0,0.9294117647058824,0.9294117647058824,0.9294117647058824,0.9294117647058824,0.9294117647058824,0.9294117647058824,0.9294117647058824,0.9294117647058824,0.9294117647058824,0.9294117647058824,0.9294117647058824
2021-05-31,0.0,0.0,0.010869565217391304,0.14130434782608695,0.14130434782608695,0.010869565217391304,0.0,0.05434782608695652,0.0,0.0,0.010869565217391304,0.010869565217391304,0.0,0.0,0.0,0.0,0.0,0.9239130434782609,0.9239130434782609,0.9239130434782609,0.9239130434782609,0.9239130434782609,0.9239130434782609,0.9239130434782609,0.9239130434782609,0.9239130434782609,0.9239130434782609,0.9239130434782609
2021-06-30,0.0,0.0,0.011363636363636364,0.14772727272727273,0.14772727272727273,0.011363636363636364,0.0,0.056818181818181816,0.0,0.0,0.011363636363636364,0.011363636363636364,0.0,0.0,0.0,0.0,0.0,0.9318181818181818,0.9318181818181818,0.9318181818181818,0.9318181818181818,0.9318181818181818,0.9318181818181818,0.9318181818181818,0.9318181818181818,0.9318181818181818,0.9318181818181818,0.9318181818181818
2021-07-31,0.0,0.0,0.057692307692307696,0.07051282051282051,0.07051282051282051,0.05128205128205128,0.0,0.05128205128205128,0.0,0.04487179487179487,0.05128205128205128,0.05128205128205128,0.0,0.04487179487179487,0.04487179487179487,0.0,0.00641025641025641,0.9615384615384616,0.9615384615384616,0.9615384615384616,0.9615384615384616,0.9615384615384616,0.9615384615384616,0.9615384615384616,0.9615384615384616,0.9615384615384616,0.9615384615384616,0.9615384615384616
2021-08-31,0.0,0.4494949494949495,0.05555555555555555,0.06565656565656566,0.06565656565656566,0.045454545454545456,0.0,0.050505050505050504,0.0,0.04040404040404041,0.045454545454545456,0.045454545454545456,0.0,0.04040404040404041,0.04040404040404041,0.0,0.005050505050505051,0.9696969696969697,0.9696969696969697,0.9696969696969697,0.9696969696969697,0.9696969696969697,0.9696969696969697,0.9696969696969697,0.9696969696969697,0.9696969696969697,0.9696969696969697,0.9696969696969697
2021-09-29,0.0,0.5346534653465347,0.04455445544554455,0.054455445544554455,0.0594059405940594,0.034653465346534656,0.0,0.039603960396039604,0.0,0.0297029702970297,0.034653465346534656,0.034653465346534656,0.0,0.0297029702970297,0.0297029702970297,0.0,0.0049504950495049506,0.9603960396039604,0.9603960396039604,0.9603960396039604,0.9603960396039604,0.9603960396039604,0.9603960396039604,0.9603960396039604,0.9603960396039604,0.9603960396039604,0.9603960396039604,0.9603960396039604
2021-10-31,0.0,0.553921568627451,0.05392156862745098,0.024509803921568627,0.029411764705882353,0.0392156862745098,0.0,0.0196078431372549,0.0,0.0392156862745098,0.0392156862745098,0.0392156862745098,0.0,0.0392156862745098,0.0392156862745098,0.0,0.03431372549019608,0.9656862745098039,0.9656862745098039,0.9656862745098039,0.9656862745098039,0.9656862745098039,0.9656862745098039,0.9656862745098039,0.9656862745098039,0.9656862745098039,0.9656862745098039,0.9656862745098039
2021-11-30,0.0,0.5576923076923077,0.057692307692307696,0.038461538461538464,0.04326923076923077,0.04326923076923077,0.0,0.02403846153846154,0.0,0.04326923076923077,0.04326923076923077,0.04326923076923077,0.0,0.04326923076923077,0.04326923076923077,0.0,0.038461538461538464,0.9711538461538461,0.9711538461538461,0.9663461538461539,0.9711538461538461,0.9711538461538461,0.9711538461538461,0.9711538461538461,0.9711538461538461,0.9711538461538461,0.9663461538461539,0.9711538461538461
2021-12-29,0.0,0.5741626794258373,0.05263157894736842,0.03827751196172249,0.0430622009569378,0.03827751196172249,0.0,0.023923444976076555,0.0,0.03827751196172249,0.03827751196172249,0.03827751196172249,0.004784688995215311,0.03827751196172249,0.03827751196172249,0.0,0.023923444976076555,0.9712918660287081,0.9712918660287081,0.9712918660287081,0.9712918660287081,0.9712918660287081,0.9712918660287081,0.9712918660287081,0.9712918660287081,0.9712918660287081,0.9712918660287081,0.9712918660287081
2022-01-31,0.0,0.5911330049261084,0.059113300492610835,0.034482758620689655,0.034482758620689655,0.04433497536945813,0.0,0.019704433497536946,0.009852216748768473,0.04433497536945813,0.04433497536945813,0.04433497536945813,0.0049261083743842365,0.04433497536945813,0.04433497536945813,0.0,0.03940886699507389,0.9753694581280788,0.9753694581280788,0.9753694581280788,0.9753694581280788,0.9753694581280788,0.9753694581280788,0.9753694581280788,0.9753694581280788,0.9753694581280788,0.9753694581280788,0.9753694581280788
2022-02-28,0.0,0.583732057416268,0.05741626794258373,0.03349282296650718,0.03827751196172249,0.0430622009569378,0.0,0.03349282296650718,0.009569377990430622,0.0430622009569378,0.0430622009569378,0.0430622009569378,0.39712918660287083,0.0430622009569378,0.0430622009569378,0.0,0.0430622009569378,0.9856459330143541,0.9856459330143541,0.9856459330143541,0.9856459330143541,0.9856459330143541,0.9856459330143541,0.9856459330143541,0.9856459330143541,0.9856459330143541,0.9856459330143541,0.9856459330143541
2022-03-30,0.0,0.5943396226415094,0.05660377358490566,0.03773584905660377,0.04245283018867924,0.04245283018867924,0.0,0.0330188679245283,0.009433962264150943,0.04245283018867924,0.04245283018867924,0.04245283018867924,0.49056603773584906,0.04245283018867924,0.04245283018867924,0.0,0.03773584905660377,0.9811320754716981,0.9811320754716981,0.9811320754716981,0.9811320754716981,0.9811320754716981,0.9811320754716981,0.9811320754716981,0.9811320754716981,0.9811320754716981,0.9811320754716981,0.9811320754716981
2022-04-30,0.0,0.5970873786407767,0.05825242718446602,0.1262135922330097,0.1262135922330097,0.04854368932038835,0.0,0.03398058252427184,0.014563106796116505,0.043689320388349516,0.04854368932038835,0.04854368932038835,0.5388349514563107,0.043689320388349516,0.043689320388349516,0.03398058252427184,0.043689320388349516,0.9854368932038835,0.9854368932038835,0.9854368932038835,0.9854368932038835,0.9854368932038835,0.9854368932038835,0.9854368932038835,0.9854368932038835,0.9854368932038835,0.9854368932038835,0.9854368932038835
2022-05-31,0.0,0.6119402985074627,0.05970149253731343,0.13432835820895522,0.14427860696517414,0.04975124378109453,0.0,0.03980099502487562,0.01990049751243781,0.04477611940298507,0.04975124378109453,0.04975124378109453,0.5671641791044776,0.04477611940298507,0.04477611940298507,0.03980099502487562,0.04477611940298507,0.9900497512437811,0.9900497512437811,0.9900497512437811,0.9900497512437811,0.9900497512437811,0.9900497512437811,0.9900497512437811,0.9900497512437811,0.9900497512437811,0.9900497512437811,0.9900497512437811
2022-06-29,0.0,0.5885167464114832,0.05263157894736842,0.12440191387559808,0.14832535885167464,0.0430622009569378,0.0,0.0430622009569378,0.019138755980861243,0.03827751196172249,0.0430622009569378,0.0430622009569378,0.5502392344497608,0.03827751196172249,0.03827751196172249,0.023923444976076555,0.03827751196172249,0.9856459330143541,0.9856459330143541,0.9856459330143541,0.9856459330143541,0.9856459330143541,0.9856459330143541,0.9856459330143541,0.9856459330143541,0.9856459330143541,0.9856459330143541,0.9856459330143541
2022-07-31,0.0,0.6018957345971564,0.052132701421800945,0.15639810426540285,0.8720379146919431,0.04265402843601896,0.0,0.12322274881516587,0.018957345971563982,0.037914691943127965,0.04265402843601896,0.04265402843601896,0.5639810426540285,0.037914691943127965,0.037914691943127965,0.03317535545023697,0.04265402843601896,0.985781990521327,0.985781990521327,0.985781990521327,0.985781990521327,0.985781990521327,0.985781990521327,0.985781990521327,0.985781990521327,0.985781990521327,0.985781990521327,0.985781990521327
2022-08-31,0.0,0.6157407407407407,0.05555555555555555,0.16203703703703703,0.9166666666666666,0.046296296296296294,0.0,0.13425925925925927,0.032407407407407406,0.041666666666666664,0.046296296296296294,0.046296296296296294,0.5833333333333334,0.041666666666666664,0.041666666666666664,0.041666666666666664,0.046296296296296294,0.9861111111111112,0.9861111111111112,0.9861111111111112,0.9861111111111112,0.9861111111111112,0.9861111111111112,0.9861111111111112,0.9861111111111112,0.9861111111111112,0.9861111111111112,0.9861111111111112
2022-09-28,0.0,0.6113744075829384,0.052132701421800945,0.14691943127962084,0.943127962085308,0.04265402843601896,0.0,0.13270142180094788,0.02843601895734597,0.037914691943127965,0.04265402843601896,0.04265402843601896,0.5734597156398105,0.037914691943127965,0.037914691943127965,0.03317535545023697,0.037914691943127965,0.985781990521327,0.985781990521327,0.985781990521327,0.985781990521327,0.985781990521327,0.985781990521327,0.985781990521327,0.985781990521327,0.985781990521327,0.985781990521327,0.985781990521327
2022-10-31,0.0,0.6179245283018868,0.05660377358490566,0.07547169811320754,0.9433962264150944,0.04245283018867924,0.0,0.8254716981132075,0.0330188679245283,0.04245283018867924,0.04245283018867924,0.04245283018867924,0.5801886792452831,0.04245283018867924,0.04245283018867924,0.03773584905660377,0.03773584905660377,0.9905660377358491,0.9905660377358491,0.9905660377358491,0.9905660377358491,0.9905660377358491,0.9905660377358491,0.9905660377358491,0.9905660377358491,0.9905660377358491,0.9905660377358491,0.9905660377358491
2022-11-30,0.0,0.6401869158878505,0.0514018691588785,0.07009345794392523,0.9299065420560748,0.037383177570093455,0.0,0.883177570093458,0.037383177570093455,0.037383177570093455,0.037383177570093455,0.037383177570093455,0.5981308411214953,0.037383177570093455,0.037383177570093455,0.037383177570093455,0.037383177570093455,0.9906542056074766,0.9906542056074766,0.9906542056074766,0.9906542056074766,0.9906542056074766,0.9906542056074766,0.9906542056074766,0.9906542056074766,0.9906542056074766,0.9906542056074766,0.9906542056074766
2022-12-31,0.004694835680751174,0.6384976525821596,0.051643192488262914,0.07042253521126761,0.9107981220657277,0.03755868544600939,0.0,0.8685446009389671,0.03755868544600939,0.03755868544600939,0.03755868544600939,0.03755868544600939,0.5915492957746479,0.03755868544600939,0.03755868544600939,0.028169014084507043,0.03286384976525822,0.9906103286384976,0.9906103286384976,0.9906103286384976,0.9906103286384976,0.9906103286384976,0.9906103286384976,0.9906103286384976,0.9906103286384976,0.9906103286384976,0.9906103286384976,0.9906103286384976
2023-01-31,0.004975124378109453,0.6318407960199005,0.05970149253731343,0.07960199004975124,0.9502487562189055,0.04477611940298507,0.0,0.8905472636815921,0.09950248756218906,0.04477611940298507,0.04477611940298507,0.04477611940298507,0.582089552238806,0.04477611940298507,0.04477611940298507,0.03980099502487562,0.04477611940298507,0.9950248756218906,0.9950248756218906,0.9950248756218906,0.9950248756218906,0.9950248756218906,0.9950248756218906,0.9950248756218906,0.9950248756218906,0.9950248756218906,0.9950248756218906,0.9950248756218906
2023-02-28,0.3875598086124402,0.6507177033492823,0.05263157894736842,0.07177033492822966,0.9617224880382775,0.03827751196172249,0.0,0.8899521531100478,0.13875598086124402,0.03827751196172249,0.03827751196172249,0.03827751196172249,0.6124401913875598,0.03827751196172249,0.03827751196172249,0.03827751196172249,0.03827751196172249,0.9904306220095693,0.9904306220095693,0.9904306220095693,0.9904306220095693,0.9904306220095693,0.9904306220095693,0.9904306220095693,0.9904306220095693,0.9904306220095693,0.9904306220095693,0.9904306220095693
2023-03-29,0.4541284403669725,0.6467889908256881,0.05504587155963303,0.07339449541284404,0.963302752293578,0.04128440366972477,0.0045871559633027525,0.8715596330275229,0.11467889908256881,0.04128440366972477,0.04128440366972477,0.04128440366972477,0.6238532110091743,0.04128440366972477,0.04128440366972477,0.027522935779816515,0.03669724770642202,0.9908256880733946,0.9908256880733946,0.9908256880733946,0.9908256880733946,0.9908256880733946,0.9908256880733946,0.9908256880733946,0.9908256880733946,0.9908256880733946,0.9908256880733946,0.9908256880733946
2023-04-30,0.5240384615384616,0.6442307692307693,0.052884615384615384,0.15384615384615385,0.9567307692307693,0.04326923076923077,0.004807692307692308,0.8653846153846154,0.7019230769230769,0.038461538461538464,0.04326923076923077,0.038461538461538464,0.6298076923076923,0.038461538461538464,0.038461538461538464,0.03365384615384615,0.038461538461538464,0.9951923076923077,0.9951923076923077,0.9951923076923077,0.9951923076923077,0.9951923076923077,0.9951923076923077,0.9951923076923077,0.9951923076923077,0.9951923076923077,0.9951923076923077,0.9951923076923077
2023-05-31,0.5428571428571428,0.6476190476190476,0.05238095238095238,0.15714285714285714,0.9380952380952381,0.04285714285714286,0.3619047619047619,0.8857142857142857,0.780952380952381,0.0380952380952381,0.04285714285714286,0.0380952380952381,0.6333333333333333,0.0380952380952381,0.0380952380952381,0.03333333333333333,0.03333333333333333,0.9904761904761905,0.9904761904761905,0.9904761904761905,0.9904761904761905,0.9904761904761905,0.9904761904761905,0.9904761904761905,0.9904761904761905,0.9904761904761905,0.9904761904761905,0.9904761904761905
2023-06-28,0.5480769230769231,0.6394230769230769,0.052884615384615384,0.16346153846153846,0.9375,0.04326923076923077,0.4519230769230769,0.9230769230769231,0.7932692307692307,0.038461538461538464,0.04326923076923077,0.038461538461538464,0.6298076923076923,0.038461538461538464,0.038461538461538464,0.03365384615384615,0.038461538461538464,0.9951923076923077,0.9951923076923077,0.9951923076923077,0.9951923076923077,0.9951923076923077,0.9951923076923077,0.9951923076923077,0.9951923076923077,0.9951923076923077,0.9951923076923077,0.9951923076923077
2023-07-31,0.5601851851851852,0.6527777777777778,0.05092592592592592,0.14351851851851852,0.9490740740740741,0.041666666666666664,0.5046296296296297,0.875,0.7407407407407407,0.037037037037037035,0.041666666666666664,0.037037037037037035,0.6481481481481481,0.037037037037037035,0.037037037037037035,0.032407407407407406,0.037037037037037035,0.9814814814814815,0.9814814814814815,0.9814814814814815,0.9814814814814815,0.9814814814814815,0.9814814814814815,0.9814814814814815,0.9814814814814815,0.9814814814814815,0.9814814814814815,0.9814814814814815
2023-08-30,0.5694444444444444,0.6435185185185185,0.05092592592592592,0.14351851851851852,0.9629629629629629,0.041666666666666664,0.5185185185185185,0.8796296296296297,0.7731481481481481,0.037037037037037035,0.041666666666666664,0.037037037037037035,0.6388888888888888,0.037037037037037035,0.037037037037037035,0.027777777777777776,0.037037037037037035,0.9861111111111112,0.9861111111111112,0.9861111111111112,0.9861111111111112,0.9861111111111112,0.9861111111111112,0.9861111111111112,0.9861111111111112,0.9861111111111112,0.9861111111111112,0.9861111111111112
2023-09-30,0.5585585585585585,0.6486486486486487,0.05405405405405406,0.15315315315315314,0.954954954954955,0.04504504504504504,0.5045045045045045,0.8648648648648649,0.7702702702702703,0.04054054054054054,0.04504504504504504,0.04054054054054054,0.6396396396396397,0.04054054054054054,0.04054054054054054,0.036036036036036036,0.04054054054054054,0.9864864864864865,0.9864864864864865,0.9864864864864865,0.9864864864864865,0.9864864864864865,0.9864864864864865,0.9864864864864865,0.9864864864864865,0.9864864864864865,0.9864864864864865,0.9864864864864865
2023-10-31,0.5833333333333334,0.6527777777777778,0.05555555555555555,0.07407407407407407,0.9583333333333334,0.041666666666666664,0.5462962962962963,0.9120370370370371,0.7592592592592593,0.041666666666666664,0.041666666666666664,0.041666666666666664,0.6435185185185185,0.041666666666666664,0.041666666666666664,0.032407407407407406,0.037037037037037035,0.9861111111111112,0.9861111111111112,0.9861111111111112,0.9861111111111112,0.9861111111111112,0.9861111111111112,0.9861111111111112,0.9861111111111112,0.9861111111111112,0.9861111111111112,0.9861111111111112
2023-11-29,0.5753424657534246,0.6529680365296804,0.0547945205479452,0.0639269406392694,0.954337899543379,0.0410958904109589,0.54337899543379,0.9223744292237442,0.7945205479452054,0.0410958904109589,0.0410958904109589,0.0410958904109589,0.639269406392694,0.0410958904109589,0.0410958904109589,0.0273972602739726,0.0365296803652968,0.9863013698630136,0.9863013698630136,0.9863013698630136,0.9863013698630136,0.9863013698630136,0.9863013698630136,0.9863013698630136,0.9863013698630136,0.9863013698630136,0.9863013698630136,0.9863013698630136
2023-12-31,0.5871559633027523,0.6697247706422018,0.05504587155963303,0.06422018348623854,0.9541284403669725,0.04128440366972477,0.5596330275229358,0.9403669724770642,0.8348623853211009,0.04128440366972477,0.04128440366972477,0.04128440366972477,0.6513761467889908,0.04128440366972477,0.04128440366972477,0.03669724770642202,0.04128440366972477,0.9862385321100917,0.9862385321100917,0.9862385321100917,0.9862385321100917,0.9862385321100917,0.9862385321100917,0.9862385321100917,0.9862385321100917,0.9862385321100917,0.9862385321100917,0.9862385321100917
2024-01-31,0.586046511627907,0.6558139534883721,0.05581395348837209,0.06976744186046512,0.9162790697674419,0.04186046511627907,0.5627906976744186,0.8837209302325582,0.7906976744186046,0.04186046511627907,0.04186046511627907,0.04186046511627907,0.6372093023255814,0.04186046511627907,0.04186046511627907,0.03255813953488372,0.04186046511627907,0.9906976744186047,0.9906976744186047,0.9906976744186047,0.9906976744186047,0.9906976744186047,0.9906976744186047,0.9906976744186047,0.9906976744186047,0.9906976744186047,0.9906976744186047,0.9906976744186047
2024-02-28,0.5933014354066986,0.6650717703349283,0.04784688995215311,0.06698564593301436,0.9138755980861244,0.03827751196172249,0.5550239234449761,0.8851674641148325,0.7894736842105263,0.03827751196172249,0.03827751196172249,0.03827751196172249,0.6411483253588517,0.03827751196172249,0.03827751196172249,0.028708133971291867,0.03827751196172249,0.9856459330143541,0.9856459330143541,0.9856459330143541,0.9856459330143541,0.9856459330143541,0.9856459330143541,0.9856459330143541,0.9856459330143541,0.9856459330143541,0.9856459330143541,0.9856459330143541
2024-03-30,0.6143497757847534,0.6681614349775785,0.04932735426008968,0.06278026905829596,0.9147982062780269,0.03587443946188341,0.5695067264573991,0.8834080717488789,0.7982062780269058,0.03587443946188341,0.03587443946188341,0.03587443946188341,0.6457399103139013,0.03587443946188341,0.03587443946188341,0.03139013452914798,0.03587443946188341,0.9865470852017937,0.9865470852017937,0.9865470852017937,0.9865470852017937,0.9865470852017937,0.9865470852017937,0.9865470852017937,0.9865470852017937,0.9865470852017937,0.9865470852017937,0.9865470852017937
2024-04-30,0.6203703703703703,0.6620370370370371,0.05555555555555555,0.1574074074074074,0.9166666666666666,0.041666666666666664,0.5648148148148148,0.8611111111111112,0.7916666666666666,0.041666666666666664,0.041666666666666664,0.041666666666666664,0.6527777777777778,0.041666666666666664,0.041666666666666664,0.037037037037037035,0.041666666666666664,0.9907407407407407,0.9907407407407407,0.9907407407407407,0.9907407407407407,0.9907407407407407,0.9907407407407407,0.9907407407407407,0.9907407407407407,0.9907407407407407,0.9907407407407407,0.9907407407407407
2024-05-29,0.6291079812206573,0.6666666666666666,0.056338028169014086,0.1596244131455399,0.8967136150234741,0.04225352112676056,0.5586854460093896,0.8169014084507042,0.7605633802816901,0.04225352112676056,0.04225352112676056,0.04225352112676056,0.6572769953051644,0.04225352112676056,0.04225352112676056,0.03286384976525822,0.03755868544600939,0.9953051643192489,0.9953051643192489,0.9953051643192489,0.9953051643192489,0.9953051643192489,0.9953051643192489,0.9953051643192489,0.9953051643192489,0.9953051643192489,0.9953051643192489,0.9953051643192489
2024-06-30,0.6213592233009708,0.6553398058252428,0.05825242718446602,0.17475728155339806,0.8786407766990292,0.043689320388349516,0.6019417475728155,0.8543689320388349,0.8106796116504854,0.043689320388349516,0.043689320388349516,0.043689320388349516,0.6456310679611651,0.043689320388349516,0.043689320388349516,0.038834951456310676,0.038834951456310676,0.9902912621359223,0.9902912621359223,0.9902912621359223,0.9902912621359223,0.9902912621359223,0.9902912621359223,0.9902912621359223,0.9902912621359223,0.9902912621359223,0.9902912621359223,0.9902912621359223
2024-07-31,0.6619718309859155,0.6948356807511737,0.056338028169014086,0.15492957746478872,0.9295774647887324,0.046948356807511735,0.6197183098591549,0.8450704225352113,0.7605633802816901,0.04225352112676056,0.046948356807511735,0.04225352112676056,0.6807511737089202,0.04225352112676056,0.04225352112676056,0.04225352112676056,0.04225352112676056,0.9953051643192489,0.9953051643192489,0.9953051643192489,0.9953051643192489,0.9953051643192489,0.9953051643192489,0.9953051643192489,0.9953051643192489,0.9953051643192489,0.9953051643192489,0.9953051643192489
2024-08-31,0.6438356164383562,0.6757990867579908,0.0547945205479452,0.1598173515981735,0.9315068493150684,0.045662100456621,0.5981735159817352,0.8310502283105022,0.726027397260274,0.0410958904109589,0.045662100456621,0.0410958904109589,0.6666666666666666,0.0410958904109589,0.0410958904109589,0.0365296803652968,0.0410958904109589,0.9954337899543378,0.9954337899543378,0.9954337899543378,0.9954337899543378,0.9954337899543378,0.9954337899543378,0.9954337899543378,0.9954337899543378,0.9954337899543378,0.9954337899543378,0.9954337899543378
2024-09-30,0.6439024390243903,0.6682926829268293,0.05365853658536585,0.16097560975609757,0.9317073170731708,0.04390243902439024,0.5707317073170731,0.8048780487804879,0.7560975609756098,0.03902439024390244,0.04390243902439024,0.04390243902439024,0.6634146341463415,0.03902439024390244,0.03902439024390244,0.03414634146341464,0.03902439024390244,1.0,1.0,1.0,1.0,1.0,1.0,1.0,1.0,1.0,1.0,1.0
2024-10-30,0.6284403669724771,0.6651376146788991,0.05504587155963303,0.05045871559633028,0.926605504587156,0.04128440366972477,0.6146788990825688,0.8669724770642202,0.7431192660550459,0.04128440366972477,0.04128440366972477,0.03669724770642202,0.6513761467889908,0.04128440366972477,0.04128440366972477,0.04128440366972477,0.04128440366972477,0.9954128440366973,0.9954128440366973,0.9954128440366973,0.9954128440366973,0.9954128440366973,0.9954128440366973,0.9954128440366973,0.9954128440366973,0.9954128440366973,0.9954128440366973,0.9954128440366973
2024-11-30,0.6334841628959276,0.6606334841628959,0.05429864253393665,0.05429864253393665,0.9276018099547512,0.04072398190045249,0.6199095022624435,0.8914027149321267,0.7239819004524887,0.04072398190045249,0.04072398190045249,0.03619909502262444,0.6561085972850679,0.04072398190045249,0.04072398190045249,0.03619909502262444,0.04072398190045249,0.995475113122172,0.995475113122172,0.995475113122172,0.995475113122172,0.995475113122172,0.995475113122172,0.995475113122172,0.995475113122172,0.995475113122172,0.995475113122172,0.995475113122172
2024-12-31,0.6186046511627907,0.6558139534883721,0.046511627906976744,0.046511627906976744,0.9209302325581395,0.03255813953488372,0.5720930232558139,0.827906976744186,0.7069767441860465,0.03255813953488372,0.03255813953488372,0.03255813953488372,0.6511627906976745,0.03255813953488372,0.03255813953488372,0.027906976744186046,0.03255813953488372,0.9906976744186047,0.9906976744186047,0.9906976744186047,0.9906976744186047,0.9906976744186047,0.9906976744186047,0.9906976744186047,0.9906976744186047,0.9906976744186047,0.9906976744186047,0.9906976744186047
2025-01-29,0.6296296296296297,0.6712962962962963,0.05555555555555555,0.05555555555555555,0.9212962962962963,0.037037037037037035,0.5925925925925926,0.8611111111111112,0.7453703703703703,0.037037037037037035,0.041666666666666664,0.041666666666666664,0.6666666666666666,0.037037037037037035,0.037037037037037035,0.032407407407407406,0.032407407407407406,0.9861111111111112,0.9861111111111112,0.9861111111111112,0.9861111111111112,0.9861111111111112,0.9861111111111112,0.9861111111111112,0.9861111111111112,0.9861111111111112,0.9861111111111112,0.9861111111111112
2025-02-26,0.6415094339622641,0.6792452830188679,0.05660377358490566,0.05188679245283019,0.9245283018867925,0.03773584905660377,0.6179245283018868,0.8867924528301887,0.7688679245283019,0.03773584905660377,0.04245283018867924,0.04245283018867924,0.6745283018867925,0.03773584905660377,0.03773584905660377,0.0330188679245283,0.0330188679245283,0.9905660377358491,0.9905660377358491,0.9905660377358491,0.9905660377358491,0.9905660377358491,0.9905660377358491,0.9905660377358491,0.9905660377358491,0.9905660377358491,0.9905660377358491,0.9905660377358491
2025-03-30,0.6272727272727273,0.6545454545454545,0.05909090909090909,0.05454545454545454,0.9227272727272727,0.04090909090909091,0.5636363636363636,0.8545454545454545,0.6818181818181818,0.04090909090909091,0.045454545454545456,0.04090909090909091,0.65,0.04090909090909091,0.04090909090909091,0.02727272727272727,0.02727272727272727,0.9863636363636363,0.9863636363636363,0.9863636363636363,0.9863636363636363,0.9863636363636363,0.9863636363636363,0.9863636363636363,0.9863636363636363,0.9863636363636363,0.9863636363636363,0.9863636363636363
2025-04-30,0.6486486486486487,0.6621621621621622,0.06306306306306306,0.16216216216216217,0.9279279279279279,0.04954954954954955,0.5855855855855856,0.8468468468468469,0.7432432432432432,0.04504504504504504,0.05855855855855856,0.05405405405405406,0.6531531531531531,0.04504504504504504,0.04504504504504504,0.03153153153153153,0.036036036036036036,0.9864864864864865,0.9864864864864865,0.9864864864864865,0.9864864864864865,0.9864864864864865,0.9864864864864865,0.9864864864864865,0.9864864864864865,0.9864864864864865,0.9864864864864865,0.9864864864864865
2025-05-31,0.6558139534883721,0.6697674418604651,0.06511627906976744,0.17209302325581396,0.9348837209302325,0.05116279069767442,0.5906976744186047,0.8372093023255814,0.7767441860465116,0.046511627906976744,0.06046511627906977,0.05581395348837209,0.6790697674418604,0.046511627906976744,0.046511627906976744,0.03255813953488372,0.037209302325581395,0.9906976744186047,0.9906976744186047,0.9906976744186047,0.9906976744186047,0.9906976744186047,0.9906976744186047,0.9906976744186047,0.9906976744186047,0.9906976744186047,0.9906976744186047,0.9906976744186047
2025-06-30,0.665158371040724,0.6787330316742082,0.058823529411764705,0.16289592760180996,0.9276018099547512,0.04524886877828054,0.6063348416289592,0.8597285067873304,0.7375565610859729,0.04072398190045249,0.05429864253393665,0.049773755656108594,0.6877828054298643,0.04072398190045249,0.04072398190045249,0.02262443438914027,0.03619909502262444,0.9909502262443439,0.9909502262443439,0.9909502262443439,0.9909502262443439,0.9909502262443439,0.9909502262443439,0.9909502262443439,0.9909502262443439,0.9909502262443439,0.9909502262443439,0.9909502262443439
2025-07-30,0.6650485436893204,0.6844660194174758,0.05339805825242718,0.1650485436893204,0.941747572815534,0.043689320388349516,0.6262135922330098,0.8689320388349514,0.7524271844660194,0.038834951456310676,0.04854368932038835,0.043689320388349516,0.6844660194174758,0.038834951456310676,0.038834951456310676,0.02912621359223301,0.043689320388349516,0.9902912621359223,0.9902912621359223,0.9902912621359223,0.9902912621359223,0.9902912621359223,0.9902912621359223,0.9902912621359223,0.9902912621359223,0.9902912621359223,0.9902912621359223,0.9902912621359223
2025-08-31,0.672645739910314,0.6995515695067265,0.053811659192825115,0.16591928251121077,0.9372197309417041,0.04484304932735426,0.6188340807174888,0.8609865470852018,0.7443946188340808,0.04035874439461883,0.04932735426008968,0.04484304932735426,0.695067264573991,0.04035874439461883,0.04035874439461883,0.03139013452914798,0.04484304932735426,0.9910313901345291,0.9910313901345291,0.9910313901345291,0.9910313901345291,0.9910313901345291,0.9910313901345291,0.9910313901345291,0.9910313901345291,0.9910313901345291,0.9910313901345291,0.9910313901345291
2025-09-30,0.6577777777777778,0.6844444444444444,0.057777777777777775,0.16,0.9333333333333333,0.04888888888888889,0.6311111111111111,0.8666666666666667,0.7466666666666667,0.044444444444444446,0.05333333333333334,0.04888888888888889,0.68,0.044444444444444446,0.044444444444444446,0.022222222222222223,0.044444444444444446,0.9866666666666667,0.9866666666666667,0.9866666666666667,0.9866666666666667,0.9866666666666667,0.9866666666666667,0.9866666666666667,0.9866666666666667,0.9866666666666667,0.9866666666666667,0.9866666666666667
2025-10-29,0.6607929515418502,0.6872246696035242,0.05726872246696035,0.05726872246696035,0.9383259911894273,0.04405286343612335,0.6035242290748899,0.8458149779735683,0.7136563876651982,0.04405286343612335,0.04405286343612335,0.039647577092511016,0.6828193832599119,0.04405286343612335,0.04405286343612335,0.030837004405286344,0.03524229074889868,0.986784140969163,0.986784140969163,0.986784140969163,0.986784140969163,0.986784140969163,0.986784140969163,0.986784140969163,0.986784140969163,0.986784140969163,0.986784140969163,0.986784140969163
2025-11-30,0.6548672566371682,0.6858407079646017,0.048672566371681415,0.04424778761061947,0.9247787610619469,0.035398230088495575,0.6504424778761062,0.8893805309734514,0.7300884955752213,0.035398230088495575,0.035398230088495575,0.030973451327433628,0.6769911504424779,0.035398230088495575,0.035398230088495575,0.030973451327433628,0.035398230088495575,0.995575221238938,0.995575221238938,0.995575221238938,0.995575221238938,0.995575221238938,0.995575221238938,0.995575221238938,0.995575221238938,0.995575221238938,0.995575221238938,0.995575221238938
2025-12-31,0.6696428571428571,0.6919642857142857,0.05357142857142857,0.049107142857142856,0.9241071428571429,0.04017857142857143,0.6383928571428571,0.8883928571428571,0.7678571428571429,0.04017857142857143,0.04017857142857143,0.03571428571428571,0.6830357142857143,0.04017857142857143,0.04017857142857143,0.03125,0.04017857142857143,0.9955357142857143,0.9955357142857143,0.9955357142857143,0.9955357142857143,0.9955357142857143,0.9955357142857143,0.9955357142857143,0.9955357142857143,0.9955357142857143,0.9955357142857143,0.9955357142857143
2026-01-31,0.6712328767123288,0.6986301369863014,0.0684931506849315,0.0502283105022831,0.9360730593607306,0.0410958904109589,0.6484018264840182,0.9041095890410958,0.7671232876712328,0.0410958904109589,0.0410958904109589,0.0410958904109589,0.6940639269406392,0.045662100456621,0.045662100456621,0.0365296803652968,0.0410958904109589,0.9954337899543378,0.9954337899543378,0.9954337899543378,0.9954337899543378,0.9954337899543378,0.9954337899543378,0.9954337899543378,0.9954337899543378,0.9954337899543378,0.9954337899543378,0.9954337899543378
2026-05-31,0.6715686274509803,0.6862745098039216,0.10294117647058823,0.21568627450980393,0.9656862745098039,0.0784313725490196,0.0,0.0,0.0,0.06372549019607843,0.08333333333333333,0.08333333333333333,0.6862745098039216,0.06862745098039216,0.06862745098039216,0.0,0.0,0.9950980392156863,0.9950980392156863,0.9950980392156863,0.9950980392156863,0.9950980392156863,0.9950980392156863,0.9950980392156863,0.9950980392156863,0.9950980392156863,0.9950980392156863,0.9950980392156863
2026-06-30,0.6746411483253588,0.6889952153110048,0.09569377990430622,0.215311004784689,0.9569377990430622,0.07655502392344497,0.0,0.0,0.0,0.06220095693779904,0.08133971291866028,0.07655502392344497,0.6889952153110048,0.06220095693779904,0.06220095693779904,0.0,0.0,0.9952153110047847,0.9952153110047847,0.9952153110047847,0.9952153110047847,0.9952153110047847,0.9952153110047847,0.9952153110047847,0.9952153110047847,0.9952153110047847,0.9952153110047847,0.9952153110047847
