column,provenance
in_ui_reconstruction,NEVER_USED
ui_score,USED_UI_SCORE|USED_SIGNAL_V1
ui_rank,USED_UI_SCORE|USED_SIGNAL_V1
ui_quintile,USED_UI_SCORE|USED_SIGNAL_V1
growth_score,USED_UI_SCORE
profitability_score,USED_UI_SCORE
valuation_score,USED_UI_SCORE
market_risk_score,USED_UI_SCORE
data_quality_score,USED_UI_SCORE
sales_growth_12m,USED_UI_SCORE
sales_growth_3m,USED_UI_SCORE
revenue_growth,USED_UI_SCORE
operating_profit_growth,USED_UI_SCORE
net_profit_growth,USED_UI_SCORE
eps_growth,USED_UI_SCORE
operating_margin,USED_UI_SCORE
net_margin,USED_UI_SCORE
roe,USED_UI_SCORE
margin_trend,USED_UI_SCORE
interest_coverage,USED_UI_SCORE
cash_conversion,USED_UI_SCORE
earnings_quality,USED_UI_SCORE
pe,USED_UI_SCORE
ps,USED_UI_SCORE
pb,USED_UI_SCORE
current_ratio,USED_UI_SCORE
debt_ratio,USED_UI_SCORE
sales_stability,USED_UI_SCORE
latest_price,USED_UI_SCORE
market_cap,USED_UI_SCORE
shares_outstanding,USED_UI_SCORE
net_profit_ttm,USED_UI_SCORE
revenue_ttm,USED_UI_SCORE
ocf_ttm,NEVER_USED
SalesGrowthRank,USED_UI_SCORE|USED_MODEL_V2
SalesGrowth3MRank,USED_UI_SCORE|USED_MODEL_V2
RevenueGrowthRank,USED_UI_SCORE|USED_MODEL_V2
OperatingProfitGrowthRank,USED_UI_SCORE|USED_MODEL_V2
NetProfitGrowthRank,USED_UI_SCORE|USED_MODEL_V2
OperatingMarginRank,USED_UI_SCORE|USED_MODEL_V2
NetMarginRank,USED_UI_SCORE|USED_MODEL_V2
ROERank,USED_UI_SCORE|USED_MODEL_V2
MarginTrendRank,USED_UI_SCORE|USED_MODEL_V2
InterestCoverageRank,USED_UI_SCORE|USED_MODEL_V2
CashConversionRank,USED_UI_SCORE|USED_MODEL_V2
EarningsQualityRank,USED_UI_SCORE|USED_MODEL_V2
PERank,USED_UI_SCORE|USED_MODEL_V2
PSRank,USED_UI_SCORE|USED_MODEL_V2
PBRank,USED_UI_SCORE|USED_MODEL_V2
LiquidityRank,USED_UI_SCORE|USED_MODEL_V2
LeverageRank,USED_UI_SCORE|USED_MODEL_V2
CurrentRatioRank,USED_UI_SCORE|USED_MODEL_V2
StabilityRank,USED_UI_SCORE|USED_MODEL_V2
LowVolatilityRank,USED_UI_SCORE|USED_MODEL_V2
MomentumRank,USED_UI_SCORE|USED_MODEL_V2
return_5d,NEVER_USED
return_5d_adjusted,NEVER_USED
return_10d,NEVER_USED
return_10d_adjusted,NEVER_USED
return_20d,NEVER_USED
return_20d_adjusted,NEVER_USED
return_30d,NEVER_USED
return_30d_adjusted,NEVER_USED
return_60d,NEVER_USED
return_60d_adjusted,NEVER_USED
return_90d,NEVER_USED
return_90d_adjusted,NEVER_USED
return_120d,NEVER_USED
return_120d_adjusted,NEVER_USED
momentum_20,NEVER_USED
momentum_30,USED_UI_SCORE
momentum_60,USED_SIGNAL_V1
momentum_90,NEVER_USED
volatility_10,NEVER_USED
volatility_20,NEVER_USED
volatility_30,USED_UI_SCORE|USED_SIGNAL_V1
volatility_60,NEVER_USED
downside_volatility_30,NEVER_USED
drawdown_20,NEVER_USED
drawdown_60,USED_SIGNAL_V1
drawdown_120,NEVER_USED
distance_from_20d_high,NEVER_USED
distance_from_20d_low,NEVER_USED
distance_from_60d_high,USED_SIGNAL_V1
distance_from_60d_low,NEVER_USED
distance_from_120d_high,NEVER_USED
distance_from_120d_low,NEVER_USED
liquidity_20,NEVER_USED
liquidity_30,USED_UI_SCORE
liquidity_60,NEVER_USED
trade_value,NEVER_USED
volume,NEVER_USED
trade_count,NEVER_USED
has_price_series,NEVER_USED
