symbol,company_name,legacy_company_ids,instrument_code,canonical_company_candidate,canonical_security_candidate,include,exclusion_reason
آردینه,آردینه,04596c0c8cd003eca6202bb9351d3d5d,9956888831468521,ins:9956888831468521,ins:9956888831468521,yes,
آریا,آریا,a0a860bea50008bf8d2189168b782225,55127657985997520,ins:55127657985997520,ins:55127657985997520,yes,
ارفع,ارفع,9f4709224be63e56349d1cc368e5f005,59266699437480384,ins:59266699437480384,ins:59266699437480384,yes,
اروند,اروند,cb507b89faf6ddf31e16ba5ea8f669d0,58356374066358100,ins:58356374066358100,ins:58356374066358100,yes,
اسیاتک,اسیاتک,f8449f411289fa0775dc1618a83c922b,14079693677610396,ins:14079693677610396,ins:14079693677610396,yes,
افق,افق,3eed9ad615c315d96a80b4ed8599772d,49502666250908008,ins:49502666250908008,ins:49502666250908008,yes,
انرژی,انرژی,9a98774de11b0af3874a6f2b69db1b58,49641108336531623,ins:49641108336531623,ins:49641108336531623,yes,
بپیوند,بپیوند,ff4c38ddc4d5a2b3d58437c8708fa6cb,64619251116188373,ins:64619251116188373,ins:64619251116188373,yes,
بترانس,بترانس,5846976e3619ada1281f076ebdce9055,46752599569017089,ins:46752599569017089,ins:46752599569017089,yes,
بجهرم,بجهرم,16c5adc0ecd89c732f53b66f1b794505,33629260529503413,ins:33629260529503413,ins:33629260529503413,yes,
برکت,برکت,fa35570c95ed00ea371c6fca0da91641,34557241988629814,ins:34557241988629814,ins:34557241988629814,yes,
بزاگرس,بزاگرس,1b8e0f2acf626d841e62b7b091e025b7,29882244560576007,ins:29882244560576007,ins:29882244560576007,yes,
بشهاب,بشهاب,d9386a2d4a04ecbff28884606d66eda3,69454539056549106,ins:69454539056549106,ins:69454539056549106,yes,
بفجر,بفجر,42c343943444522671018f6ce8d2c2a1,46178280540110577,ins:46178280540110577,ins:46178280540110577,yes,
بگیلان,بگیلان,20579374fedaf42bb5e2e72dd734e793,71068313834275501,ins:71068313834275501,ins:71068313834275501,yes,
بمپنا,بمپنا,1818f78f177b8c9343ce20a08ca3cf40,39807886630843041,ins:39807886630843041,ins:39807886630843041,yes,
بموتو,بموتو,3f3bb26af4a9adedd8678ad845720830,22086876724551482,ins:22086876724551482,ins:22086876724551482,yes,
بمولد,بمولد,0e1074b193f3c2c8dec3a7743d83b13b,48261930411425125,ins:48261930411425125,ins:48261930411425125,yes,
بنو,بنو,18aeb706c9868c500cbb5e6128c038ae,54493234408301135,ins:54493234408301135,ins:54493234408301135,yes,
بهپاک,بهپاک,72d8be1259190fb1b5c8726381e27f71,12746730665870442,ins:12746730665870442,ins:12746730665870442,yes,
بوعلی,بوعلی,62a63aab5e5f97d82fe87b1c3a34f7f2,50247622569476338,ins:50247622569476338,ins:50247622569476338,yes,
بکهنوج,بکهنوج,081486afb8ec3b6088ff61e17ed1e666,46483466867025192,ins:46483466867025192,ins:46483466867025192,yes,
بیوتیک,بیوتیک,8cf8f7ebb7a81d1f00229c19692d4f69,47973532381204870,ins:47973532381204870,ins:47973532381204870,yes,
پارس,پارس,4e74a398d885cd61dfd07383641eb05f,6110133418282108,ins:6110133418282108,ins:6110133418282108,yes,
پارسان,پارسان,8fb84e957a6f7f5f8c85bfea0a6625fc,23441366113375722,ins:23441366113375722,ins:23441366113375722,yes,
پاسا,پاسا,c5978431f5fc7f58270049f2352c5a00,63580313877463104,ins:63580313877463104,ins:63580313877463104,yes,
پاکشو,پاکشو,6b88726e82dff2001540bb7b87e2d9be,62786156501584862,ins:62786156501584862,ins:62786156501584862,yes,
پتایر,پتایر,94e5dd63557afa43251119cb808facf2,41935584690956944,ins:41935584690956944,ins:41935584690956944,yes,
پخش,پخش,7083cfdfe2c268113f647360403b3778,12638840758449459,ins:12638840758449459,ins:12638840758449459,yes,
پرداخت,پرداخت,1025955b553ca1fa9153eea469591cb1,59607545337891226,ins:59607545337891226,ins:59607545337891226,yes,
پسهند,پسهند,eccaf93842ab5f9e3d79fae98027bde1,10120557300120078,ins:10120557300120078,ins:10120557300120078,yes,
پکرمان,پکرمان,7f03a704085688ac90d02018a42c8162,23214828924506640,ins:23214828924506640,ins:23214828924506640,yes,
پکویر,پکویر,99739597e0be8c49abb1092f02513a19,7235435095059069,ins:7235435095059069,ins:7235435095059069,yes,
پیزد,پیزد,6f7820e83627a1b5cd580bbcbb338ef3,32784604551756178,ins:32784604551756178,ins:32784604551756178,yes,
تاتمس,تاتمس,47cec2efd2813e405cd4d975fb2df1a2,35543935713999309,ins:35543935713999309,ins:35543935713999309,yes,
تاصیکو,تاصیکو,6dd3fb203bb12fdd017e1f59fc61b9c6,23293437377896568,ins:23293437377896568,ins:23293437377896568,yes,
تایرا,تایرا,2fe468d2d5a13b43ee3bc672d1fc2c6c,19298748452450329,ins:19298748452450329,ins:19298748452450329,yes,
تپسی,تپسی,0e16759f2d662dc8bc10d9604b5c3a7e,3839324986781871,ins:3839324986781871,ins:3839324986781871,yes,
تپمپی,تپمپی,0b933179128a75d133acc7cac85b4662,43062880954780884,ins:43062880954780884,ins:43062880954780884,yes,
تلیسه,تلیسه,1712cd6b0f7a77388a2c072ad6694a89,41781090739318251,ins:41781090739318251,ins:41781090739318251,yes,
توریل,توریل,4c198075a5599a736ed1cb88eb36b7cd,37389789764168256,ins:37389789764168256,ins:37389789764168256,yes,
تکمبا,تکمبا,fe84a7e68ba30f83fd0f09d141ee51dd,30719054967088301,ins:30719054967088301,ins:30719054967088301,yes,
ثالوند,ثالوند,357e4606a3bb0ad48f3dc109ffc246d0,16693610252404739,ins:16693610252404739,ins:16693610252404739,yes,
ثبهساز,ثبهساز,f8dfbe7ae5669ddbcb0fa22d6d3e7a5c,14744445176220774,ins:14744445176220774,ins:14744445176220774,yes,
ثتران,ثتران,257905140790bc29dc5bf9fb900ab7ff,20926459161497908,ins:20926459161497908,ins:20926459161497908,yes,
جم پیلن,جم پیلن,fa2e3267b28da291dc990ba6910786d0,27096851668435724,ins:27096851668435724,ins:27096851668435724,yes,
جم پیلن2,جم پیلن,fa2e3267b28da291dc990ba6910786d0,50809037704937608,ins:50809037704937608,ins:50809037704937608,yes,
جم پیلن3,جم پیلن,fa2e3267b28da291dc990ba6910786d0,67611694215241852,ins:67611694215241852,ins:67611694215241852,yes,
چخزر,چخزر,83063f85d3b40da6b49c458abcb31423,41122066907413786,ins:41122066907413786,ins:41122066907413786,yes,
چدن,چدن,6a68f93c59cc3f3e981255fe2b2eedc1,12329519546621752,ins:12329519546621752,ins:12329519546621752,yes,
چکاپا,چکاپا,799566aa607bcd4a8ce4fed470c7d2b0,28957320033282870,ins:28957320033282870,ins:28957320033282870,yes,
چکارن,چکارن,b4d2079975271890006b2f38412d761d,53113471126689455,ins:53113471126689455,ins:53113471126689455,yes,
حپارسا,حپارسا,9b49ee65d0f95a940c84528303ae18e9,917857106093847,ins:917857106093847,ins:917857106093847,yes,
حتاید,حتاید,c830a9da03fc01d31766b115fa297d6c,3722699128879020,ins:3722699128879020,ins:3722699128879020,yes,
حتوکا,حتوکا,4b42ff856fa2a4996c5843f6bf85ef50,22260326095996531,ins:22260326095996531,ins:22260326095996531,yes,
حریل,حریل,9f5edea13cb3cb346e5895e3fb55faf7,5564768007356822,ins:5564768007356822,ins:5564768007356822,yes,
حسیر,حسیر,58a5a4af2867c8c00cd83c908b224228,13281937213456378,ins:13281937213456378,ins:13281937213456378,yes,
حسینا,حسینا,f165f6d8af88d6563894b42f26df2b45,1625149423498289,ins:1625149423498289,ins:1625149423498289,yes,
حفارس,حفارس,9ae2b0971dcfcf7effbe2ee13d292a7b,35424116338766901,ins:35424116338766901,ins:35424116338766901,yes,
حفاری,حفاری,4548be3fe5c878a9dbda1bd95501aa64,28809886765682162,ins:28809886765682162,ins:28809886765682162,yes,
حکشتی,حکشتی,a36b1b9ab2e49cbbd170e60080fa4676,60610861509165508,ins:60610861509165508,ins:60610861509165508,yes,
خاهن,,,,,,yes,no_price_rows
خبهمن,خبهمن,9699d9e476a96e2efa79e1d55f75a297,26824673819862694,ins:26824673819862694,ins:26824673819862694,yes,
خبهن,,,,,,yes,no_price_rows
خچرخش,خچرخش,611f456315ab832044ca3f40c5f81b25,33783140337377394,ins:33783140337377394,ins:33783140337377394,yes,
خدیزل,خدیزل,fb2ff05e8a5b71f6d43905f74f59cec6,38084304113529336,ins:38084304113529336,ins:38084304113529336,yes,
خراسان,خراسان,003aeed095825b208ba109440c6a6431,43552974795606067,ins:43552974795606067,ins:43552974795606067,yes,
خزامیا,خزامیا,9bd78c98b11a21d9cff6e5172cad1d14,2589887561569709,ins:2589887561569709,ins:2589887561569709,yes,
خصدرا,خصدرا,e863456493cc72d8dc255c72551f3c26,2318736941376687,ins:2318736941376687,ins:2318736941376687,yes,
خمحرکه,خمحرکه,219f43aab6fb90530570bd54a78db3f4,39436183727126211,ins:39436183727126211,ins:39436183727126211,yes,
خمهر,خمهر,057f29e2cbb5f0df740b951b2669799f,17330546482145553,ins:17330546482145553,ins:17330546482145553,yes,
خموتور,خموتور,4a1adc39de6b1615bf5bf9b656a3030f,57273529732791251,ins:57273529732791251,ins:57273529732791251,yes,
خنصیر,خنصیر,bbb81179fce8ad6deb0c746c9ed1d951,17834623106317041,ins:17834623106317041,ins:17834623106317041,yes,
خودرو,خودرو,8f0d3b9ed3bb17e93db23268de21bd69,65883838195688438,ins:65883838195688438,ins:65883838195688438,yes,
خودکفا,خودکفا,2f418d231f33b1c2a4dd596f18096bc7,22956708386610464,ins:22956708386610464,ins:22956708386610464,yes,
دابور,دابور,b3cd7f653dc0d5fd0e3a6dca3ddedf1b,61332057061846617,ins:61332057061846617,ins:61332057061846617,yes,
دارو,دارو,d01ad6f1e6afd1225f55ef45468e0c84,67988012428906654,ins:67988012428906654,ins:67988012428906654,yes,
داسوه,داسوه,358139e1070f075fd27c39f77c4047e4,12387472624849835,ins:12387472624849835,ins:12387472624849835,yes,
دالبر,دالبر,db1cb723021652b16b2b07e88b595bb0,60451823714332895,ins:60451823714332895,ins:60451823714332895,yes,
دامین,دامین,2ebfd20c4a8b98cdd3e425bf2d0a48cf,50100062518826135,ins:50100062518826135,ins:50100062518826135,yes,
دانا,دانا,5a47be702a11b42d75ea4fc8a0003e05,48511238766369097,ins:48511238766369097,ins:48511238766369097,yes,
دبالک,دبالک,d108002c1966bd34137074461c1193bc,71510396252618330,ins:71510396252618330,ins:71510396252618330,yes,
دپارس,دپارس,5ba7eb50b25bd20543e42f9cc50394ed,70474983732269112,ins:70474983732269112,ins:70474983732269112,yes,
دتماد,دتماد,a7e6b6cc7c33c4988937ed9c579b01fa,34641719089573667,ins:34641719089573667,ins:34641719089573667,yes,
دتوزیع,دتوزیع,1b3136d2227d59961e470887dc900c4d,66726992874614788,ins:66726992874614788,ins:66726992874614788,yes,
دجابر,دجابر,4abec9db6376c2f7c79a759d64220c72,33406621820337161,ins:33406621820337161,ins:33406621820337161,yes,
ددانا,ددانا,0e3a6731bfe6da581d9c4190b9b9707b,69540585676934415,ins:69540585676934415,ins:69540585676934415,yes,
درازک,درازک,32b0b479f11a3f7399ab159f7f643370,22255783119783047,ins:22255783119783047,ins:22255783119783047,yes,
درهآور,درهآور,8b5fc1bfef84c4c6f8b652747c0c50f7,13243992182070788,ins:13243992182070788,ins:13243992182070788,yes,
دروز,دروز,de970c1c2991b9b3e1e5b18f4f361700,40262275031537922,ins:40262275031537922,ins:40262275031537922,yes,
دزاگرس,دزاگرس,ba1603db6572b46274d398e9882a95ea,43450146028916610,ins:43450146028916610,ins:43450146028916610,yes,
دزهراوی,دزهراوی,70b8796676033dbf81f6977819d3871d,8915450910866216,ins:8915450910866216,ins:8915450910866216,yes,
دسبحا,دسبحا,bd0ee973f3ff87b60181493e77d55264,43622578471330344,ins:43622578471330344,ins:43622578471330344,yes,
دسبحان,دسبحان,bb3afe19f992a47dab8ed0efba9f15db,5866848234665627,ins:5866848234665627,ins:5866848234665627,yes,
دسینا,دسینا,b694bdef08321e4aa9a9324af55183a3,11432067920374603,ins:11432067920374603,ins:11432067920374603,yes,
دعبید,دعبید,8bfd141901eaba0211578f174767f175,49054891736433700,ins:49054891736433700,ins:49054891736433700,yes,
دفارا,دفارا,c5e041913a67a3bdb2f7bfe5bba20bd8,56550776668133562,ins:56550776668133562,ins:56550776668133562,yes,
دفرا,دفرا,68e6f82aede2360869ceea7a3ea76d08,18303237082155264,ins:18303237082155264,ins:18303237082155264,yes,
دقاضی,دقاضی,fd32ba6ce155b8809f2066377e9eeccc,46801030346547943,ins:46801030346547943,ins:46801030346547943,yes,
دلقما,دلقما,7a54ec15d779b9ac2ed7963ef98f7d2e,29247915161590165,ins:29247915161590165,ins:29247915161590165,yes,
دکپسول,دکپسول,d4ba95c595b08e7a8441a997f29f4427,52382684379473036,ins:52382684379473036,ins:52382684379473036,yes,
دیران,دیران,77ec0ce2270f5a3e04f8fa6313cf5201,69090868458637360,ins:69090868458637360,ins:69090868458637360,yes,
ذوب,ذوب,c72d6744160ed4ab4dd2ea41ac2b3c63,71483646978964608,ins:71483646978964608,ins:71483646978964608,yes,
رانفور,رانفور,efb86e9938a9c7351b51280587d898dc,40505767672724777,ins:40505767672724777,ins:40505767672724777,yes,
رانیز,رانیز,cca4110448d6de510f0d72a5270ddc77,13386281759834677,ins:13386281759834677,ins:13386281759834677,yes,
رمپنا,رمپنا,25aafd0fbcf94aed7458b9d9f32852d8,67126881188552864,ins:67126881188552864,ins:67126881188552864,yes,
زاگرس,زاگرس,d481c7823a747032cbe08b189a6f03c0,13235547361447092,ins:13235547361447092,ins:13235547361447092,yes,
زبینا,زبینا,876ac8a92de3ccb30dc55ce3d7ac189a,54482686501491508,ins:54482686501491508,ins:54482686501491508,yes,
زپارس,زپارس,9bef79cc77bbecdafa3e66106bb8253b,33420285433308219,ins:33420285433308219,ins:33420285433308219,yes,
زدشت,زدشت,02d0fb54342c0cc17bc1062d7d88f448,25180702353416009,ins:25180702353416009,ins:25180702353416009,yes,
زشگزا,زشگزا,2dcd8b1b42da502813fb5b275d5e288e,26259366519412975,ins:26259366519412975,ins:26259366519412975,yes,
زفجر,زفجر,bcd063af0a3b800fe8afeecd6fe37b47,36844527173896115,ins:36844527173896115,ins:36844527173896115,yes,
زفکا,زفکا,04234a593ca4912aa015a1dea99da781,5427792638736934,ins:5427792638736934,ins:5427792638736934,yes,
زقیام,زقیام,c948737bdfc349d67b85aee1855d53b9,71290297158948749,ins:71290297158948749,ins:71290297158948749,yes,
زگلدشت,زگلدشت,959eac0c9aaf26d5f523b9008fb87bdf,10024128313803797,ins:10024128313803797,ins:10024128313803797,yes,
زمگسا,زمگسا,6def03d39ddc41e22cacb552bcb94ee0,5054819322815158,ins:5054819322815158,ins:5054819322815158,yes,
زهلال,زهلال,f08b706dfe1ab6bc864806ce40729675,48636523343139021,ins:48636523343139021,ins:48636523343139021,yes,
زکشت,زکشت,9014071d39f25d22b48f82c550918f60,7300125658580126,ins:7300125658580126,ins:7300125658580126,yes,
سآبیک,سآبیک,549b1892b8d2c12be65851e10d9d9253,70883594945615893,ins:70883594945615893,ins:70883594945615893,yes,
ساربیل,ساربیل,a6ad819831020eba3d6400887affac3f,34890845654517313,ins:34890845654517313,ins:34890845654517313,yes,
ساروم,ساروم,1b64f3e77238bc8dc5e3277587374ecf,15949743338644220,ins:15949743338644220,ins:15949743338644220,yes,
ساوه,ساوه,486253dea70fdfaa0ad435e871f1ac01,32347247706508046,ins:32347247706508046,ins:32347247706508046,yes,
سباقر,سباقر,b992f8cd4c1b548e42482525505c9ea7,61310599391543522,ins:61310599391543522,ins:61310599391543522,yes,
سبجنو,سبجنو,25594bcbd879ef25ca250052162de693,66295665969375744,ins:66295665969375744,ins:66295665969375744,yes,
سبزوا,سبزوا,14e17dd0b0b3c62c333dd4aa6c71f8ff,611986653700161,ins:611986653700161,ins:611986653700161,yes,
سپید,سپید,a2affb7dd71d9fab5ed7047d8e8f9a93,45519261544951819,ins:45519261544951819,ins:45519261544951819,yes,
سپیدار,سپیدار,36f23676eaffd388df63219008589dec,29590002988360984,ins:29590002988360984,ins:29590002988360984,yes,
ستران,ستران,a207ae2effa153c9cd7977e7399b33d9,30829203706095076,ins:30829203706095076,ins:30829203706095076,yes,
سخوز,سخوز,3d93905f5d86c52a214cb21d71fbe704,41974758296041288,ins:41974758296041288,ins:41974758296041288,yes,
سدور,سدور,79f7b5d9782896e63356e2feba1a41c2,27218386411183410,ins:27218386411183410,ins:27218386411183410,yes,
سرچشمه,سرچشمه,4e35602375bf56d08f1acbbff336611c,35948133957468680,ins:35948133957468680,ins:35948133957468680,yes,
سرود,سرود,caeb12747085d21bf8331e09cbac141e,11964419322927535,ins:11964419322927535,ins:11964419322927535,yes,
سشرق,سشرق,e60b29bf5ce7f167ddc4039487210d2f,26997316501080743,ins:26997316501080743,ins:26997316501080743,yes,
سشمال,سشمال,251c0169be640916c76cf3d978482145,6757220448540984,ins:6757220448540984,ins:6757220448540984,yes,
سصوفی,سصوفی,32cddf0dc9b06053a765b4c371dfe764,13227300125161435,ins:13227300125161435,ins:13227300125161435,yes,
سغرب,سغرب,5d5c836b94dd5814744b8f6f549c51e8,52220424531578944,ins:52220424531578944,ins:52220424531578944,yes,
سفانو,سفانو,1e14ece10fa50f96266e53a6d2ce83a1,4528607775462304,ins:4528607775462304,ins:4528607775462304,yes,
سقاین,سقاین,8bbc5bbccde546656d599555b9be64d9,60654872678917533,ins:60654872678917533,ins:60654872678917533,yes,
سمازن,سمازن,1d619a84cd8a88c3ecda4e61e9339167,33808206014018431,ins:33808206014018431,ins:33808206014018431,yes,
سنیر,سنیر,94bbf9d3a165ab493a448d205002268e,14231831499205396,ins:14231831499205396,ins:14231831499205396,yes,
سهرمز,سهرمز,0875c9b59ace28c22babd5e711c141da,29747059672582491,ins:29747059672582491,ins:29747059672582491,yes,
سهگمت,سهگمت,03892a92148b9665bbb3713469826e29,41284516796232939,ins:41284516796232939,ins:41284516796232939,yes,
سکرد,سکرد,701858157df331969ad61c12b4abe861,65321970913593427,ins:65321970913593427,ins:65321970913593427,yes,
سکرما,سکرما,60de37b0434d9b34ee753646b12c46f3,15472396110662150,ins:15472396110662150,ins:15472396110662150,yes,
سیستم,سیستم,1ddbed63fff24fa4ad4fc82f1d695219,47749661205825616,ins:47749661205825616,ins:47749661205825616,yes,
سیمرغ,سیمرغ,5d9142cab82acfbf6d12ef1824abd59b,28450080638096732,ins:28450080638096732,ins:28450080638096732,yes,
سیمرغ3,سیمرغ,5d9142cab82acfbf6d12ef1824abd59b,37520527106122835,ins:37520527106122835,ins:37520527106122835,yes,
شاراک,شاراک,36d852f81798b4c4f57827151acb1e86,7711282667602555,ins:7711282667602555,ins:7711282667602555,yes,
شاملا,شاملا,7bb1956b5377b9485a7db8de8b55a434,16959429956899455,ins:16959429956899455,ins:16959429956899455,yes,
شاوان,شاوان,bf951d5a241fb38b5504e5206704d0d8,60247433951600827,ins:60247433951600827,ins:60247433951600827,yes,
شبریز,شبریز,32f230090775786229c664bc8cb52dba,48753732042176709,ins:48753732042176709,ins:48753732042176709,yes,
شبصیر,شبصیر,8ecb7116a860463b6dee7ca13dcf73ea,68517032834363488,ins:68517032834363488,ins:68517032834363488,yes,
شبندر,شبندر,57ec56ad0fe574fcb2cee0f550320934,35366681030756042,ins:35366681030756042,ins:35366681030756042,yes,
شبهرن,شبهرن,067ba4a186448d230d296b1ce604d32f,22667016906590506,ins:22667016906590506,ins:22667016906590506,yes,
شپارس,شپارس,508279539a385693bd947ea986985bb4,61102694810476197,ins:61102694810476197,ins:61102694810476197,yes,
شپاکسا,شپاکسا,30098073127320ec11c2c84dc7dd7dd5,11622051128546106,ins:11622051128546106,ins:11622051128546106,yes,
شپدیس,شپدیس,f014eb1a1c5399dfedbc5d53791ad9ac,20562694899904339,ins:20562694899904339,ins:20562694899904339,yes,
شپلی,شپلی,0839a7cf2afa34a4cc6cb908eaf9cb4f,28845264556937486,ins:28845264556937486,ins:28845264556937486,yes,
شپنا,شپنا,85287a8fa516fef95aa0d2185f916071,7745894403636165,ins:7745894403636165,ins:7745894403636165,yes,
شتران,شتران,4f8054584021b10a15fe091d8973bf6f,51617145873056483,ins:51617145873056483,ins:51617145873056483,yes,
شخارک,,,,,,yes,no_price_rows
شدوص,شدوص,d5d20f20215dafb1d4d773897c34e2b5,40611478183231802,ins:40611478183231802,ins:40611478183231802,yes,
شرانل,شرانل,39c493c82f878ca7ed0a347493f150b6,44013656953678055,ins:44013656953678055,ins:44013656953678055,yes,
شسپا,شسپا,b1cd84e33ebd60a436db5a07c0afd700,49188729526980541,ins:49188729526980541,ins:49188729526980541,yes,
شستا,شستا,7545952cb53929c1c7836fa12c77de87,2400322364771558,ins:2400322364771558,ins:2400322364771558,yes,
شغدیر,شغدیر,f204dcb930e5f3c8891436b434ca7ef8,21772258644715569,ins:21772258644715569,ins:21772258644715569,yes,
شگل,شگل,88f79bf4cbb7f64d7bb74b1c01d3388a,44153164692325703,ins:44153164692325703,ins:44153164692325703,yes,
شگویا,شگویا,bda1926ec65a0bac619855e021b6b61c,5987841496184505,ins:5987841496184505,ins:5987841496184505,yes,
شلیا,شلیا,6e0ae81a60f8c7f6c7f0ba5597f87225,26025177574491991,ins:26025177574491991,ins:26025177574491991,yes,
شمس,شمس,c219bd90953f64ecb6ff2dbf5f96ee33,59522975635235187,ins:59522975635235187,ins:59522975635235187,yes,
شمواد,شمواد,9b6c775a14118735ecb3d0efbf6b7a8e,28251956446987982,ins:28251956446987982,ins:28251956446987982,yes,
شوینده,شوینده,15658d3f9297a112771a62658b4269d3,3493306453706327,ins:3493306453706327,ins:3493306453706327,yes,
شکام,شکام,a09b97e4613ee9786a2d838cfdde6353,69446612239102459,ins:69446612239102459,ins:69446612239102459,yes,
شکربن,شکربن,2dc3ef3ab0a0505e8859b5400fc35e95,27308217070238237,ins:27308217070238237,ins:27308217070238237,yes,
شکیمیا,,,,,,yes,no_price_rows
شیراز,شیراز,1843493e1f47856f9ed240017217d5bf,38568786927478796,ins:38568786927478796,ins:38568786927478796,yes,
شیران,شیران,85b841e113a9981a56d7137b3e926c4a,35796086458096255,ins:35796086458096255,ins:35796086458096255,yes,
عالیس,عالیس,a80a3880494d31e82b13fd0d040e0f72,34213522001938649,ins:34213522001938649,ins:34213522001938649,yes,
غاذر,غاذر,d94c1c91ade00de4b90a351ebd762517,35158826900216508,ins:35158826900216508,ins:35158826900216508,yes,
غانیزان,غانیزان,22299b7657a300fc6056ba1b0e6532dd,53350307353645375,ins:53350307353645375,ins:53350307353645375,yes,
غبشهر,غبشهر,dd5d864e79f2bd6bd432e4b67295eda0,42387718866026650,ins:42387718866026650,ins:42387718866026650,yes,
غبهنوش,غبهنوش,5273ccc375234a373922892e70dffc5d,17059960254855208,ins:17059960254855208,ins:17059960254855208,yes,
غپاک,غپاک,76022dd3c77edb744eeef72f3d54483a,34032872653290886,ins:34032872653290886,ins:34032872653290886,yes,
غپینو,غپینو,980b075e10e0e4da4ae747bc7b6c3825,18401147983387689,ins:18401147983387689,ins:18401147983387689,yes,
غدام,غدام,e62877018de8682af3ad516f752ad9bb,2254054929817435,ins:2254054929817435,ins:2254054929817435,yes,
غدیس,غدیس,72b4d79585406feb5160a555339cce54,3492952121304423,ins:3492952121304423,ins:3492952121304423,yes,
غشاذر,غشاذر,968fb3437a7e5a62ca7b18a26e303df1,59921975187856916,ins:59921975187856916,ins:59921975187856916,yes,
غشان,غشان,5275e513e2842a3b390ae43faa530d06,31791737198597563,ins:31791737198597563,ins:31791737198597563,yes,
غشصفا,غشصفا,2c7e998dc9b612c1fd643b991c0dc3cc,61506294208022391,ins:61506294208022391,ins:61506294208022391,yes,
غشهداب,غشهداب,4c72588412aab6f0a0e6d2469d9b1491,33611155027418901,ins:33611155027418901,ins:33611155027418901,yes,
غشوکو,غشوکو,d36c687f0cd3a20f5e0c5c1ae507ae3f,51294484197536070,ins:51294484197536070,ins:51294484197536070,yes,
غفارس,غفارس,162bcc9b9c97c9f3510c1bd06b5ae8c0,16410724132711490,ins:16410724132711490,ins:16410724132711490,yes,
غگل,غگل,ca5267d5258e0569e8890f5e68c841e1,22299894048845903,ins:22299894048845903,ins:22299894048845903,yes,
غگلستا,غگلستا,26ee5c2c59a374815a759f4990eb7c29,64843936383937546,ins:64843936383937546,ins:64843936383937546,yes,
غگیلا,غگیلا,801acf9315859c07fc1aca9cb877c22b,57300230097485720,ins:57300230097485720,ins:57300230097485720,yes,
غمایه,غمایه,6bd4aac18107335caeba964fd9804250,59461185672081215,ins:59461185672081215,ins:59461185672081215,yes,
غمهرا,غمهرا,d591b0ffa863888077d0146ba8cd4e66,6131290133202745,ins:6131290133202745,ins:6131290133202745,yes,
غمینو,غمینو,c629b0270c5a5e7f60f68d0cb34f55df,5516102131364383,ins:5516102131364383,ins:5516102131364383,yes,
غنوش,غنوش,74a98ddff0b1430c48e8cfc83fa56408,48619517949257749,ins:48619517949257749,ins:48619517949257749,yes,
غویتا,غویتا,19b9ef8150577a94e1ec98c012006fa9,37842793167868642,ins:37842793167868642,ins:37842793167868642,yes,
غکورش,غکورش,bbcfae1712205951bfbb99d634742ad8,62404730109947970,ins:62404730109947970,ins:62404730109947970,yes,
فاذر,فاذر,add4a2f41440b06319f3e7d8d553f2e4,38547060135156069,ins:38547060135156069,ins:38547060135156069,yes,
فاراک,فاراک,a274374c43fbb39b5ca1f9afddfea99a,20865316761157979,ins:20865316761157979,ins:20865316761157979,yes,
فاسمین,فاسمین,8234d415920c271fcb0300725ce4c7fd,27181945356214752,ins:27181945356214752,ins:27181945356214752,yes,
فایرا,فایرا,f785e696c04d1a51b6e88f62deefacb3,65004959184388996,ins:65004959184388996,ins:65004959184388996,yes,
فباهنر,فباهنر,a7c92003e95722cea2d38ba5306603b9,66772024744156373,ins:66772024744156373,ins:66772024744156373,yes,
فبستم,فبستم,981b4b3afa1c7f609640ac1af6445bfc,4159532151694984,ins:4159532151694984,ins:4159532151694984,yes,
فبیرا,فبیرا,5d15c985370d5c69364f396ffec4e0d7,49399017998386087,ins:49399017998386087,ins:49399017998386087,yes,
فپنتا,فپنتا,a4c5e155e0d31a9e8e3eaf65bf32f899,68488673556087148,ins:68488673556087148,ins:68488673556087148,yes,
فجر,فجر,8fd34057fd7ca66b3cbf6590fabf6582,41302553376174581,ins:41302553376174581,ins:41302553376174581,yes,
فخاس,فخاس,731166bbfc773bf6a75a4bb795177b44,4733285133017464,ins:4733285133017464,ins:4733285133017464,yes,
فخوز,فخوز,05a68769d3006e107f5b7e02c9eca4fd,28864540805361867,ins:28864540805361867,ins:28864540805361867,yes,
فرآور,فرآور,a9e76ebf3cf2f1c17cdfa0b9442e427c,408934423224097,ins:408934423224097,ins:408934423224097,yes,
فزر,فزر,8a93d99f4ddd3225214f5c0e83dd513f,8175784894140974,ins:8175784894140974,ins:8175784894140974,yes,
فسبزوار,فسبزوار,eb385d3905217941c6bb9e2caf44b537,37284308569715577,ins:37284308569715577,ins:37284308569715577,yes,
فسپا,فسپا,dfe07aa2c9a5a27265431f60ae868b8c,8977441217024425,ins:8977441217024425,ins:8977441217024425,yes,
فسرب,فسرب,adf177e179510f1d911eeb2ff2905d2c,54277068923045214,ins:54277068923045214,ins:54277068923045214,yes,
فگستر,فگستر,835a058978f7d07fa0f0286893ac885a,8725363201030474,ins:8725363201030474,ins:8725363201030474,yes,
فملی,فملی,bde997b478a960687f241894a21e4fdb,35425587644337450,ins:35425587644337450,ins:35425587644337450,yes,
فنوال,فنوال,7d537ec96a4dfdbd270698d08661b4b4,57875847776839336,ins:57875847776839336,ins:57875847776839336,yes,
فنورد,فنورد,ad2a49a7dc0223ba81462651415c6507,56324206651661881,ins:56324206651661881,ins:56324206651661881,yes,
فولاد,فولاد,d07ff5df6784e3a6d9d9eabdb65794ba,46348559193224090,ins:46348559193224090,ins:46348559193224090,yes,
فولاژ,فولاژ,9a36b759bdba7d3f32786da29cb90020,40808043719554948,ins:40808043719554948,ins:40808043719554948,yes,
فولای,فولای,64e35e12a7959fcfbd10cb6036ed7693,14800142337291217,ins:14800142337291217,ins:14800142337291217,yes,
قاسم,قاسم,b88121029d7e973410b008320f8fe378,34540569618314880,ins:34540569618314880,ins:34540569618314880,yes,
قثابت,قثابت,c2ef7e2898d4f65377c112a6be867fd4,44967158778304588,ins:44967158778304588,ins:44967158778304588,yes,
قرن,قرن,8c179073bc41ee6b95d603feda98dafa,39610074039667804,ins:39610074039667804,ins:39610074039667804,yes,
قزوین,قزوین,7f547bf2c0a3ff2919c50d8c899abc3d,15259343650667588,ins:15259343650667588,ins:15259343650667588,yes,
قشکر,قشکر,79c05aa1cc2e5430ef253e0d28ef62af,35964395659427029,ins:35964395659427029,ins:35964395659427029,yes,
قصفها,قصفها,881f485833e35685213e8f387e534bf7,40411537531154482,ins:40411537531154482,ins:40411537531154482,yes,
قلرست,قلرست,e4f51cddab83abe24e70280c9f7240b3,56820995669577571,ins:56820995669577571,ins:56820995669577571,yes,
قنیشا,قنیشا,07589f30e28ffd0a131f9c4157417d59,63380098535169030,ins:63380098535169030,ins:63380098535169030,yes,
گشان,گشان,8f5d6dbbead24fee9802a92474c4ead8,70391097626818082,ins:70391097626818082,ins:70391097626818082,yes,
مادیرا,مادیرا,ae5db37d89e694987912ff20ca952bcd,15917865009187760,ins:15917865009187760,ins:15917865009187760,yes,
مبین,مبین,4178bc367d0410e207d6a86524bf3878,27922860956133067,ins:27922860956133067,ins:27922860956133067,yes,
مثقال,صندوق س.کالای آگاه,99bbab977f4ac9e3c941b8b862922e33,32469128621155736,ins:32469128621155736,ins:32469128621155736,yes,
نان,نان,002c39c907ffac34a1ee6c5b55cefd23,8000351713789858,ins:8000351713789858,ins:8000351713789858,yes,
نوری,نوری,7951d684c53fd22e89f5777201bf7453,19040514831923530,ins:19040514831923530,ins:19040514831923530,yes,
های وب,های وب,62475be81f64f0f74b0f1f4a798dd2c5,43362635835198978,ins:43362635835198978,ins:43362635835198978,yes,
های وب3,های وب,62475be81f64f0f74b0f1f4a798dd2c5,30256187931361746,ins:30256187931361746,ins:30256187931361746,yes,
هجرت,هجرت,34f99deab827071c31069cb575b6aeeb,5317427172344706,ins:5317427172344706,ins:5317427172344706,yes,
وبصادر,وبصادر,e2d1f5c5d5e4d6849d80511b5f035099,28320293733348826,ins:28320293733348826,ins:28320293733348826,yes,
وبملت,وبملت,f29a3223edeee237a7b7664f7bb172ff,778253364357513,ins:778253364357513,ins:778253364357513,yes,
وپست,وپست,046559f7fcc4efeb9b20ea57995da789,22087269603540841,ins:22087269603540841,ins:22087269603540841,yes,
وتوشه,وتوشه,ebcee98ad7dedd38d7be45b541349ffa,54676885047867737,ins:54676885047867737,ins:54676885047867737,yes,
وخارزم,وخارزم,32bc989812a6997ee475737a30528c3b,7395271748414592,ins:7395271748414592,ins:7395271748414592,yes,
وخاور,وخاور,3dee3148d7752fbf747804eae2347c51,47333458678352378,ins:47333458678352378,ins:47333458678352378,yes,
وسپه,وسپه,8ae97b44c2d9568e972acecf665519f7,2328862017676109,ins:2328862017676109,ins:2328862017676109,yes,
ولشرق,,,,,,yes,no_price_rows
کاذر,کاذر,99775fd5c264517e465c66d684aefc15,49353447565507376,ins:49353447565507376,ins:49353447565507376,yes,
کاسپین,کاسپین,7386c9d3264a07cdaacbdba2e1941d42,28431095903407567,ins:28431095903407567,ins:28431095903407567,yes,
کالا,کالا,4d8273e8e35e83a73ef9b5bca072c95c,44549439964296944,ins:44549439964296944,ins:44549439964296944,yes,
کاما,کاما,54e663798b0e261d5e3fef1f8da6430e,4942127026063388,ins:4942127026063388,ins:4942127026063388,yes,
کاوه,کاوه,8a664764ba757925c6545b1f6148a41d,60350996279289099,ins:60350996279289099,ins:60350996279289099,yes,
کبافق,کبافق,b752d7f753da4d90eb35269ac20f29b9,43256212620530446,ins:43256212620530446,ins:43256212620530446,yes,
کپارس,کپارس,8fd65ccbe666396e87271af7cc74b33f,9698674686691945,ins:9698674686691945,ins:9698674686691945,yes,
کپرور,کپرور,63a5bb96ab3f48206ee3e201f4ac9d85,22941065011246116,ins:22941065011246116,ins:22941065011246116,yes,
کپشیر,کپشیر,dec2e66cbc6ff178a8ee0240a9fc017e,57639364758870873,ins:57639364758870873,ins:57639364758870873,yes,
کچاد,کچاد,29d7795e06a8fe30d0a386ed95c8f445,18027801615184692,ins:18027801615184692,ins:18027801615184692,yes,
کحافظ,کحافظ,e6f5fb278dab95af4b0dede9cbdd4f34,32257753560585502,ins:32257753560585502,ins:32257753560585502,yes,
کخاک,کخاک,ff114137fa42e84bc683b7b9b4aecee9,16405556680571453,ins:16405556680571453,ins:16405556680571453,yes,
کرازی,کرازی,39232c8d2f1231a8f681e77185a0a39e,57086055330734195,ins:57086055330734195,ins:57086055330734195,yes,
کربن,کربن,0859d2221e900c47ebd6555e399b010c,11326461864120062,ins:11326461864120062,ins:11326461864120062,yes,
کرماشا,کرماشا,c373c2297b48b0838e26f18bf2419ddb,38437201078089290,ins:38437201078089290,ins:38437201078089290,yes,
کروی,کروی,9690eb40ea60e7030a8c95d739fc573c,69562625496483761,ins:69562625496483761,ins:69562625496483761,yes,
کزغال,کزغال,905b8289d77d9927c13119c6a7cff9e1,28291104595448527,ins:28291104595448527,ins:28291104595448527,yes,
کساپا,کساپا,916d608d7850e7faf40d8efeb0d236a0,28325731560106431,ins:28325731560106431,ins:28325731560106431,yes,
کسرا,کاتالیست‌های ‌صنعتی‌ آریا | کسرا,4ccc9664a47539eaff4b6b34fbfc0931 | 7e41b7fd7ba1c353199eba22667db254,4614779520007780,ins:4614779520007780,ins:4614779520007780,yes,
کصدف,کصدف,213d9e3501b775d1751c699f0b6915ed,42696242981550091,ins:42696242981550091,ins:42696242981550091,yes,
کطبس,کطبس,c45bd2f33db1b2f949e77b9db3b4ec72,8977369674477111,ins:8977369674477111,ins:8977369674477111,yes,
کفرا,کفرا,0d19caedc1f47bfbce6949cc9fd54846,23837844039713715,ins:23837844039713715,ins:23837844039713715,yes,
کگاز,کگاز,56187148c4031e89830f329dd299e701,62346804681275278,ins:62346804681275278,ins:62346804681275278,yes,
کگل,کگل,efbd08e291c09108c086ad170e7026ef,35700344742885862,ins:35700344742885862,ins:35700344742885862,yes,
کلر,کلر,3dc6ca7296ff7c957aa13a1bf9e28347,1822787329898392,ins:1822787329898392,ins:1822787329898392,yes,
کلوند,کلوند,100d9b545dbca1cb4b62ecc648741665,32678431934327184,ins:32678431934327184,ins:32678431934327184,yes,
کماسه,کماسه,86753ad1b296713ec2fe34094b7b1d88,67690708346979840,ins:67690708346979840,ins:67690708346979840,yes,
کمنگنز,کمنگنز,f26e919a7e723cb5fb35be3a34b11035,50341528161302545,ins:50341528161302545,ins:50341528161302545,yes,
کنور,کنور,0ab048f709cfd236a0ad7aaf542a990c,20411759370751096,ins:20411759370751096,ins:20411759370751096,yes,
کهمدا,کهمدا,713aa98887c6fda78002e405bfbec00e,67206358287598044,ins:67206358287598044,ins:67206358287598044,yes,
کیمیا,کیمیا,be2e68f612059a7c256315b91e2aba36,14427168056799610,ins:14427168056799610,ins:14427168056799610,yes,
کیمیاتک,کیمیاتک,13a0bcb602f4d54dab681986defb249d,39884565732277052,ins:39884565732277052,ins:39884565732277052,yes,
یاقوت,صندوق س یاقوت آگاه-ثابت,af2a3b7ebae57928431cbe19b30f7929,1438514795814416,ins:1438514795814416,ins:1438514795814416,yes,
