current_company_id,company_name,symbol,instrument_code,brs_name,codal_ticker,has_monthly,has_financial,has_price,confidence,issues
002c39c907ffac34a1ee6c5b55cefd23,نان,نان,8000351713789858,صنایع غذایی رضوی,,1,1,1,HIGH,
03892a92148b9665bbb3713469826e29,سهگمت,سهگمت,41284516796232939,سیمان‌هگمتان,,1,1,1,HIGH,
05a68769d3006e107f5b7e02c9eca4fd,فخوز,فخوز,28864540805361867,فولاد  خوزستان,,1,1,1,HIGH,
0839a7cf2afa34a4cc6cb908eaf9cb4f,شپلی,شپلی,28845264556937486,پلی اکریل ایران,,0,1,1,HIGH,no_monthly
0875c9b59ace28c22babd5e711c141da,سهرمز,سهرمز,29747059672582491,سیمان‌هرمزگان,,1,1,1,HIGH,
09029850a7825c34a7c8958a08fcdf26,خبهن,,,,,1,0,0,LOW,no_symbol; no_financial; no_price
0e1074b193f3c2c8dec3a7743d83b13b,بمولد,بمولد,48261930411425125,مولد نیروگاهی تجارت فارس,بمولد,1,0,1,HIGH,no_financial
1025955b553ca1fa9153eea469591cb1,پرداخت,پرداخت,59607545337891226,به پرداخت ملت,,1,1,1,HIGH,
14e17dd0b0b3c62c333dd4aa6c71f8ff,سبزوا,سبزوا,611986653700161,سیمان لار سبزوار,,0,1,1,HIGH,no_monthly
162bcc9b9c97c9f3510c1bd06b5ae8c0,غفارس,غفارس,16410724132711490,شیر پاستوریزه پگاه فارس,,1,1,1,HIGH,
1843493e1f47856f9ed240017217d5bf,شیراز,شیراز,38568786927478796,پتروشیمی‌شیراز,,1,1,1,HIGH,
1d619a84cd8a88c3ecda4e61e9339167,سمازن,سمازن,33808206014018431,سیمان‌مازندران,,1,1,1,HIGH,
22299b7657a300fc6056ba1b0e6532dd,غانیزان,غانیزان,53350307353645375,فرآورده های دامی ولبنی دالاهو,,0,1,1,HIGH,no_monthly
2dcd8b1b42da502813fb5b275d5e288e,زشگزا,زشگزا,26259366519412975,شیر و گوشت زاگرس شهرکرد,,1,1,1,HIGH,
32f230090775786229c664bc8cb52dba,شبریز,شبریز,48753732042176709,پالایش نفت تبریز,,1,1,1,HIGH,
358139e1070f075fd27c39f77c4047e4,داسوه,داسوه,12387472624849835,داروسازی‌ اسوه,,1,1,1,HIGH,
39c493c82f878ca7ed0a347493f150b6,شرانل,شرانل,44013656953678055,نفت ایرانول,,1,1,1,HIGH,
3dee3148d7752fbf747804eae2347c51,وخاور,وخاور,47333458678352378,بانک خاورمیانه,,0,1,1,HIGH,no_monthly
47cec2efd2813e405cd4d975fb2df1a2,تاتمس,تاتمس,35543935713999309,کارخانجات صنعتی وتولیدی اتمسفر,تاتمس,1,0,1,HIGH,no_financial
4abec9db6376c2f7c79a759d64220c72,دجابر,دجابر,33406621820337161,داروسازی‌ جابرابن‌حیان,دجابر,1,1,1,HIGH,
4c72588412aab6f0a0e6d2469d9b1491,غشهداب,غشهداب,33611155027418901,کشت و صنعت شهداب ناب خراسان,,1,1,1,HIGH,
508279539a385693bd947ea986985bb4,شپارس,شپارس,61102694810476197,بین‌ المللی‌ محصولات‌  پارس,,1,1,1,HIGH,
5d9142cab82acfbf6d12ef1824abd59b,سیمرغ,سیمرغ3,37520527106122835,سیمرغ,,1,1,1,MEDIUM,multi_symbol(2); multi_instrument(2)
6081d3f368b7889ba242435db91b5b2f,شکیمیا,,,,,0,1,0,LOW,no_symbol; no_monthly; no_price
6a68f93c59cc3f3e981255fe2b2eedc1,چدن,چدن,12329519546621752,تولیدی چدن سازان,,1,1,1,HIGH,
6e0ae81a60f8c7f6c7f0ba5597f87225,شلیا,شلیا,26025177574491991,شرکت مواد ویژه لیا,,0,1,1,HIGH,no_monthly
7951d684c53fd22e89f5777201bf7453,نوری,نوری,19040514831923530,پتروشیمی نوری,,1,1,1,HIGH,
799566aa607bcd4a8ce4fed470c7d2b0,چکاپا,چکاپا,28957320033282870,گروه صنایع کاغذ پارس,چکاپا,1,1,1,HIGH,
7bb1956b5377b9485a7db8de8b55a434,شاملا,شاملا,16959429956899455,معدنی‌ املاح‌  ایران,,1,1,1,HIGH,
7d537ec96a4dfdbd270698d08661b4b4,فنوال,فنوال,57875847776839336,نورد آلومینیوم,,1,1,1,HIGH,
876ac8a92de3ccb30dc55ce3d7ac189a,زبینا,زبینا,54482686501491508,کشاورزی و دامپروری بینالود,,1,1,1,HIGH,
8ae97b44c2d9568e972acecf665519f7,وسپه,وسپه,2328862017676109,سرمایه‌گذاری‌ سپه,,0,1,1,HIGH,no_monthly
8bbc5bbccde546656d599555b9be64d9,سقاین,سقاین,60654872678917533,سیمان‌ قائن,,1,1,1,HIGH,
8cf8f7ebb7a81d1f00229c19692d4f69,بیوتیک,بیوتیک,47973532381204870,آنتی بیوتیک سازی ایران,,1,1,1,HIGH,
8fb84e957a6f7f5f8c85bfea0a6625fc,پارسان,پارسان,23441366113375722,گسترش نفت و گاز پارسیان,,0,1,1,HIGH,no_monthly
9014071d39f25d22b48f82c550918f60,زکشت,زکشت,7300125658580126,کشاورزی مکانیزه اصفهان کشت,,1,1,1,HIGH,
916d608d7850e7faf40d8efeb0d236a0,کساپا,کساپا,28325731560106431,سایپاشیشه,,0,1,1,HIGH,no_monthly
94bbf9d3a165ab493a448d205002268e,سنیر,سنیر,14231831499205396,سیمان‌ سفید نی‌ریز,,0,1,1,HIGH,no_monthly
968fb3437a7e5a62ca7b18a26e303df1,غشاذر,غشاذر,59921975187856916,پگاه‌آذربایجان‌غربی,,1,1,1,HIGH,
9bd78c98b11a21d9cff6e5172cad1d14,خزامیا,خزامیا,2589887561569709,زامیاد,,1,1,1,HIGH,
a207ae2effa153c9cd7977e7399b33d9,ستران,ستران,30829203706095076,سیمان‌ تهران,,0,1,1,HIGH,no_monthly
a274374c43fbb39b5ca1f9afddfea99a,فاراک,فاراک,20865316761157979,ماشین‌ سازی‌ اراک,,1,1,1,HIGH,
a6ad819831020eba3d6400887affac3f,ساربیل,ساربیل,34890845654517313,سیمان آرتا اردبیل,,1,1,1,HIGH,
a7e6b6cc7c33c4988937ed9c579b01fa,دتماد,دتماد,34641719089573667,تولیدمواداولیه‌داروپخش,,0,1,1,HIGH,no_monthly
ad2a49a7dc0223ba81462651415c6507,فنورد,فنورد,56324206651661881,نوردوقطعات‌ فولادی,,0,1,1,HIGH,no_monthly
add4a2f41440b06319f3e7d8d553f2e4,فاذر,فاذر,38547060135156069,صنایع‌ آذرآب,,0,1,1,HIGH,no_monthly
af2a3b7ebae57928431cbe19b30f7929,,یاقوت,1438514795814416,صندوق س یاقوت آگاه-ثابت,,0,0,1,MEDIUM,no_monthly; no_financial
c219bd90953f64ecb6ff2dbf5f96ee33,شمس,شمس,59522975635235187,تولید انرژی برق شمس پاسارگاد,,1,1,1,HIGH,
c45bd2f33db1b2f949e77b9db3b4ec72,کطبس,کطبس,8977369674477111,ذغال‌سنگ‌ نگین‌ ط‌بس,,1,1,1,HIGH,
c5978431f5fc7f58270049f2352c5a00,پاسا,پاسا,63580313877463104,ایران‌یاساتایرورابر,,1,1,1,HIGH,
c5e041913a67a3bdb2f7bfe5bba20bd8,دفارا,دفارا,56550776668133562,داروسازی‌ فارابی,,0,1,1,HIGH,no_monthly
c830a9da03fc01d31766b115fa297d6c,حتاید,حتاید,3722699128879020,تایدواترخاورمیانه,,1,1,1,HIGH,
ca5267d5258e0569e8890f5e68c841e1,غگل,غگل,22299894048845903,گلوکوزان,,1,1,1,HIGH,
cca4110448d6de510f0d72a5270ddc77,رانیز,رانیز,13386281759834677,کارخانجات رینگ اسپرت نورنی ریز,,0,1,1,HIGH,no_monthly
d01ad6f1e6afd1225f55ef45468e0c84,دارو,دارو,67988012428906654,کارخانجات‌داروپخش,,1,1,1,HIGH,
d481c7823a747032cbe08b189a6f03c0,زاگرس,زاگرس,13235547361447092,پتروشیمی زاگرس,زاگرس,1,1,1,HIGH,
d5d20f20215dafb1d4d773897c34e2b5,شدوص,شدوص,40611478183231802,دوده‌ صنعتی‌ پارس,,1,1,1,HIGH,
db1cb723021652b16b2b07e88b595bb0,دالبر,دالبر,60451823714332895,البرزدارو,,0,1,1,HIGH,no_monthly
de970c1c2991b9b3e1e5b18f4f361700,دروز,دروز,40262275031537922,داروسازی‌ روزدارو,,0,1,1,HIGH,no_monthly
e62877018de8682af3ad516f752ad9bb,غدام,غدام,2254054929817435,خوراک‌  دام‌ پارس,,1,0,1,HIGH,no_financial
f014eb1a1c5399dfedbc5d53791ad9ac,شپدیس,شپدیس,20562694899904339,پتروشیمی پردیس,شپدیس,1,1,1,HIGH,
fa35570c95ed00ea371c6fca0da91641,برکت,برکت,34557241988629814,گروه دارویی برکت,برکت,0,1,1,HIGH,no_monthly
fb2ff05e8a5b71f6d43905f74f59cec6,خدیزل,خدیزل,38084304113529336,بهمن  دیزل,,0,1,1,HIGH,no_monthly
02d0fb54342c0cc17bc1062d7d88f448,زدشت,زدشت,25180702353416009,کشت و صنعت دشت خرم دره,,1,1,1,HIGH,
057f29e2cbb5f0df740b951b2669799f,خمهر,خمهر,17330546482145553,مهرکام‌پارس,,0,1,1,HIGH,no_monthly
100d9b545dbca1cb4b62ecc648741665,کلوند,کلوند,32678431934327184,کاشی‌ الوند,,1,1,1,HIGH,
13a0bcb602f4d54dab681986defb249d,کیمیاتک,کیمیاتک,39884565732277052,آریان کیمیا تک,,1,1,1,HIGH,
16c5adc0ecd89c732f53b66f1b794505,بجهرم,بجهرم,33629260529503413,توسعه مولد نیروگاهی جهرم,,1,1,1,HIGH,
1712cd6b0f7a77388a2c072ad6694a89,تلیسه,تلیسه,41781090739318251,دامداری تلیسه نمونه,,1,1,1,HIGH,
1b3136d2227d59961e470887dc900c4d,دتوزیع,دتوزیع,66726992874614788,توزیع دارو پخش,,0,1,1,HIGH,no_monthly
251c0169be640916c76cf3d978482145,سشمال,سشمال,6757220448540984,سیمان‌ شمال,,0,1,1,HIGH,no_monthly
25594bcbd879ef25ca250052162de693,سبجنو,سبجنو,66295665969375744,سیمان‌ بجنورد,,1,1,1,HIGH,
2f418d231f33b1c2a4dd596f18096bc7,خودکفا,خودکفا,22956708386610464,اقتصادی و خودکفایی آزادگان,,0,1,1,HIGH,no_monthly
326f53e9133b7e24c3b9ffec1e73fa18,خاهن,,,,,0,1,0,LOW,no_symbol; no_monthly; no_price
32b0b479f11a3f7399ab159f7f643370,درازک,درازک,22255783119783047,دارویی‌ رازک,,1,1,1,HIGH,
34f99deab827071c31069cb575b6aeeb,هجرت,هجرت,5317427172344706,پخش هجرت,,1,1,1,HIGH,
357e4606a3bb0ad48f3dc109ffc246d0,ثالوند,ثالوند,16693610252404739,سرمایه گذاری مسکن الوند,ثالوند,1,0,1,HIGH,no_financial
3eed9ad615c315d96a80b4ed8599772d,افق,افق,49502666250908008,فروشگاههای زنجیره ای افق کوروش,,1,1,1,HIGH,
3f3bb26af4a9adedd8678ad845720830,بموتو,بموتو,22086876724551482,موتوژن,,1,1,1,HIGH,
486253dea70fdfaa0ad435e871f1ac01,ساوه,ساوه,32347247706508046,سیمان ساوه,,0,1,1,HIGH,no_monthly
4d8273e8e35e83a73ef9b5bca072c95c,کالا,کالا,44549439964296944,بورس کالای ایران,,1,1,1,HIGH,
4f8054584021b10a15fe091d8973bf6f,شتران,شتران,51617145873056483,پالایش نفت تهران,,1,1,1,HIGH,
5275e513e2842a3b390ae43faa530d06,غشان,غشان,31791737198597563,شیرپاستوریزه‌پگاه‌خراسان,,1,1,1,HIGH,
549b1892b8d2c12be65851e10d9d9253,سآبیک,سآبیک,70883594945615893,سیمان آبیک,,1,1,1,HIGH,
56187148c4031e89830f329dd299e701,کگاز,کگاز,62346804681275278,شیشه‌ و گاز,,0,1,1,HIGH,no_monthly
58a5a4af2867c8c00cd83c908b224228,حسیر,حسیر,13281937213456378,ریل سیر کوثر,,0,1,1,HIGH,no_monthly
5a47be702a11b42d75ea4fc8a0003e05,دانا,دانا,48511238766369097,بیمه دانا,,0,1,1,HIGH,no_monthly
6dd3fb203bb12fdd017e1f59fc61b9c6,تاصیکو,تاصیکو,23293437377896568,سرمایه گذاری صدرتامین,تاصیکو,0,1,1,HIGH,no_monthly
6def03d39ddc41e22cacb552bcb94ee0,زمگسا,زمگسا,5054819322815158,کشاورزی‌ ودامپروی‌ مگسال,,1,1,1,HIGH,
701858157df331969ad61c12b4abe861,سکرد,سکرد,65321970913593427,سیمان کردستان,,1,1,1,HIGH,
713aa98887c6fda78002e405bfbec00e,کهمدا,کهمدا,67206358287598044,شیشه‌ همدان,,1,1,1,HIGH,
74a98ddff0b1430c48e8cfc83fa56408,غنوش,غنوش,48619517949257749,نوش‌ مازندران,غنوش,1,1,1,HIGH,
7545952cb53929c1c7836fa12c77de87,شستا,شستا,2400322364771558,سرمایه گذاری تامین اجتماعی,شستا,0,1,1,HIGH,no_monthly
79f7b5d9782896e63356e2feba1a41c2,سدور,سدور,27218386411183410,سیمان‌ دورود,,0,1,1,HIGH,no_monthly
7f03a704085688ac90d02018a42c8162,پکرمان,پکرمان,23214828924506640,گروه‌ صنعتی‌ بارز,,1,1,1,HIGH,
8234d415920c271fcb0300725ce4c7fd,فاسمین,فاسمین,27181945356214752,کالسیمین,,0,1,1,HIGH,no_monthly
857898d4f504279f0355b95477392169,ولشرق,,,,,1,0,0,LOW,no_symbol; no_financial; no_price
881f485833e35685213e8f387e534bf7,قصفها,قصفها,40411537531154482,قنداصفهان,,1,1,1,HIGH,
8a93d99f4ddd3225214f5c0e83dd513f,فزر,فزر,8175784894140974,پویا زرکان آق دره,,0,1,1,HIGH,no_monthly
8c179073bc41ee6b95d603feda98dafa,قرن,قرن,39610074039667804,پدیده شیمی قرن,,1,1,1,HIGH,
8fd65ccbe666396e87271af7cc74b33f,کپارس,کپارس,9698674686691945,کاشی‌ پارس,,1,1,1,HIGH,
94e5dd63557afa43251119cb808facf2,پتایر,پتایر,41935584690956944,ایران‌ تایر,,1,1,1,HIGH,
9699d9e476a96e2efa79e1d55f75a297,خبهمن,خبهمن,26824673819862694,گروه‌بهمن,,0,1,1,HIGH,no_monthly
99775fd5c264517e465c66d684aefc15,کاذر,کاذر,49353447565507376,فرآورده‌های‌نسوزآذر,,1,1,1,HIGH,
99bbab977f4ac9e3c941b8b862922e33,,مثقال,32469128621155736,صندوق س.کالای آگاه,,0,0,1,MEDIUM,no_monthly; no_financial
9a36b759bdba7d3f32786da29cb90020,فولاژ,فولاژ,40808043719554948,فولاد آلیاژی ایران,,0,1,1,HIGH,no_monthly
9a98774de11b0af3874a6f2b69db1b58,انرژی,انرژی,49641108336531623,بورس انرژی ایران,,1,1,1,HIGH,
9b49ee65d0f95a940c84528303ae18e9,حپارسا,حپارسا,917857106093847,توسعه حمل و نقل ریلی پارسیان,,1,1,1,HIGH,
9b6c775a14118735ecb3d0efbf6b7a8e,شمواد,شمواد,28251956446987982,تولید مواداولیه الیاف مصنوعی,,1,1,1,HIGH,
9bef79cc77bbecdafa3e66106bb8253b,زپارس,زپارس,33420285433308219,ملی کشت و صنعت و دامپروری پارس,,1,1,1,HIGH,
9ec90a47014c21843c4239f7a99a76f1,شخارک,,,,,1,1,0,LOW,no_symbol; no_price
9f4709224be63e56349d1cc368e5f005,ارفع,ارفع,59266699437480384,شرکت آهن و فولاد ارفع,,1,1,1,HIGH,
a4c5e155e0d31a9e8e3eaf65bf32f899,فپنتا,فپنتا,68488673556087148,سپنتا,,0,1,1,HIGH,no_monthly
adf177e179510f1d911eeb2ff2905d2c,فسرب,فسرب,54277068923045214,ملی‌ سرب‌وروی‌ ایران,,1,1,1,HIGH,
b752d7f753da4d90eb35269ac20f29b9,کبافق,کبافق,43256212620530446,معادن‌ بافق,,0,1,1,HIGH,no_monthly
b992f8cd4c1b548e42482525505c9ea7,سباقر,سباقر,61310599391543522,سیمان باقران,,1,1,1,HIGH,
ba1603db6572b46274d398e9882a95ea,دزاگرس,دزاگرس,43450146028916610,دارویی و نهاده های زاگرس دارو,,1,1,1,HIGH,
bb3afe19f992a47dab8ed0efba9f15db,دسبحان,دسبحان,5866848234665627,سبحان دارو,,0,1,1,HIGH,no_monthly
bbb81179fce8ad6deb0c746c9ed1d951,خنصیر,خنصیر,17834623106317041,مهندسی‌نصیرماشین,,1,1,1,HIGH,
bbcfae1712205951bfbb99d634742ad8,غکورش,غکورش,62404730109947970,صنعت غذایی کورش,,1,1,1,HIGH,
bd0ee973f3ff87b60181493e77d55264,دسبحا,دسبحا,43622578471330344,گروه دارویی سبحان,,0,1,1,HIGH,no_monthly
bf951d5a241fb38b5504e5206704d0d8,شاوان,شاوان,60247433951600827,پالایش نفت لاوان,,1,1,1,HIGH,
c2ef7e2898d4f65377c112a6be867fd4,قثابت,قثابت,44967158778304588,قند ثابت‌ خراسان,,1,1,1,HIGH,
c373c2297b48b0838e26f18bf2419ddb,کرماشا,کرماشا,38437201078089290,صنایع پتروشیمی کرمانشاه,,1,1,1,HIGH,
d36c687f0cd3a20f5e0c5c1ae507ae3f,غشوکو,غشوکو,51294484197536070,شوکو پارس,,1,1,1,HIGH,
dd5d864e79f2bd6bd432e4b67295eda0,غبشهر,غبشهر,42387718866026650,صنعتی‌ بهشهر,,1,1,1,HIGH,
e4f51cddab83abe24e70280c9f7240b3,قلرست,قلرست,56820995669577571,قند لرستان,,1,1,1,HIGH,
e60b29bf5ce7f167ddc4039487210d2f,سشرق,سشرق,26997316501080743,سیمان‌ شرق,,1,1,1,HIGH,
e6f5fb278dab95af4b0dede9cbdd4f34,کحافظ,کحافظ,32257753560585502,کاشی‌ وسرامیک‌ حافظ,,1,1,1,HIGH,
efb86e9938a9c7351b51280587d898dc,رانفور,رانفور,40505767672724777,خدمات‌انفورماتیک,,1,1,1,HIGH,
efbd08e291c09108c086ad170e7026ef,کگل,کگل,35700344742885862,معدنی و صنعتی گل گهر,,1,1,1,HIGH,
f165f6d8af88d6563894b42f26df2b45,حسینا,حسینا,1625149423498289,توسعه خدمات دریایی وبندری سینا,,1,1,1,HIGH,
f785e696c04d1a51b6e88f62deefacb3,فایرا,فایرا,65004959184388996,آلومینیوم‌ایران,,1,1,1,HIGH,
fa2e3267b28da291dc990ba6910786d0,جم پیلن,جم پیلن3,67611694215241852,پتروشیمی جم پیلن,,1,1,1,MEDIUM,multi_symbol(3); multi_instrument(3)
fe84a7e68ba30f83fd0f09d141ee51dd,تکمبا,تکمبا,30719054967088301,کمباین‌ سازی‌ ایران,,0,1,1,HIGH,no_monthly
ff4c38ddc4d5a2b3d58437c8708fa6cb,بپیوند,بپیوند,64619251116188373,برق و انرژی پیوندگستر پارس,,1,1,1,HIGH,
04234a593ca4912aa015a1dea99da781,زفکا,زفکا,5427792638736934,کشت و دامداری فکا,,1,1,1,HIGH,
046559f7fcc4efeb9b20ea57995da789,وپست,وپست,22087269603540841,پست بانک ایران,,0,1,1,HIGH,no_monthly
067ba4a186448d230d296b1ce604d32f,شبهرن,شبهرن,22667016906590506,نفت‌ بهران,,1,1,1,HIGH,
0ab048f709cfd236a0ad7aaf542a990c,کنور,کنور,20411759370751096,توسعه معدنی و صنعتی صبانور,,1,1,1,HIGH,
0e16759f2d662dc8bc10d9604b5c3a7e,تپسی,تپسی,3839324986781871,پیشگامان فن آوری و دانش آرامیس,,1,1,1,HIGH,
15658d3f9297a112771a62658b4269d3,شوینده,شوینده,3493306453706327,مدیریت صنعت شوینده ت.ص.بهشهر,,0,1,1,HIGH,no_monthly
1818f78f177b8c9343ce20a08ca3cf40,بمپنا,بمپنا,39807886630843041,تولید برق عسلویه  مپنا,,1,1,1,HIGH,
18aeb706c9868c500cbb5e6128c038ae,بنو,بنو,54493234408301135,بیمه تجارت نو,,0,1,1,HIGH,no_monthly
19b9ef8150577a94e1ec98c012006fa9,غویتا,غویتا,37842793167868642,ویتانا,,1,1,1,HIGH,
1b64f3e77238bc8dc5e3277587374ecf,ساروم,ساروم,15949743338644220,سیمان‌ارومیه,,1,1,1,HIGH,
1e14ece10fa50f96266e53a6d2ce83a1,سفانو,سفانو,4528607775462304,سیمان فارس نو,,1,1,1,HIGH,
20579374fedaf42bb5e2e72dd734e793,بگیلان,بگیلان,71068313834275501,توسعه مسیر برق گیلان,,1,1,1,HIGH,
257905140790bc29dc5bf9fb900ab7ff,ثتران,ثتران,20926459161497908,سرمایه گذاری مسکن تهران,,0,1,1,HIGH,no_monthly
29d7795e06a8fe30d0a386ed95c8f445,کچاد,کچاد,18027801615184692,معدنی‌وصنعتی‌چادرملو,کچاد,1,1,1,HIGH,
2fe468d2d5a13b43ee3bc672d1fc2c6c,تایرا,تایرا,19298748452450329,تراکتورسازی‌ایران,,1,1,1,HIGH,
32bc989812a6997ee475737a30528c3b,وخارزم,وخارزم,7395271748414592,سرمایه گذاری خوارزمی,,0,1,1,HIGH,no_monthly
32cddf0dc9b06053a765b4c371dfe764,سصوفی,سصوفی,13227300125161435,سیمان‌ صوفیان,,1,1,1,HIGH,
36d852f81798b4c4f57827151acb1e86,شاراک,شاراک,7711282667602555,پتروشیمی شازند,,1,1,1,HIGH,
3d93905f5d86c52a214cb21d71fbe704,سخوز,سخوز,41974758296041288,سیمان خوزستان,,0,1,1,HIGH,no_monthly
4178bc367d0410e207d6a86524bf3878,مبین,مبین,27922860956133067,مبین انرژی خلیج فارس,,1,1,1,HIGH,
42c343943444522671018f6ce8d2c2a1,بفجر,بفجر,46178280540110577,فجر انرژی خلیج فارس,,0,1,1,HIGH,no_monthly
4a1adc39de6b1615bf5bf9b656a3030f,خموتور,خموتور,57273529732791251,موتورسازان‌تراکتورسازی‌ایران,,1,1,1,HIGH,
4c198075a5599a736ed1cb88eb36b7cd,توریل,توریل,37389789764168256,توکاریل,,0,1,1,HIGH,no_monthly
4ccc9664a47539eaff4b6b34fbfc0931,,کسرا,4614779520007780,کاتالیست‌های ‌صنعتی‌ آریا,,0,0,1,MEDIUM,no_monthly; no_financial
4e35602375bf56d08f1acbbff336611c,سرچشمه,سرچشمه,35948133957468680,سرمایه گذاری مس سرچشمه,سرچشمه,0,1,1,HIGH,no_monthly
5273ccc375234a373922892e70dffc5d,غبهنوش,غبهنوش,17059960254855208,بهنوش‌ ایران,,0,1,1,HIGH,no_monthly
54e663798b0e261d5e3fef1f8da6430e,کاما,کاما,4942127026063388,باما,,1,1,1,HIGH,
57ec56ad0fe574fcb2cee0f550320934,شبندر,شبندر,35366681030756042,پالایش نفت بندرعباس,,1,1,1,HIGH,
5846976e3619ada1281f076ebdce9055,بترانس,بترانس,46752599569017089,ایران‌ ترانسفو,بترانس,1,1,1,HIGH,
5ba7eb50b25bd20543e42f9cc50394ed,دپارس,دپارس,70474983732269112,پارس‌ دارو,,1,1,1,HIGH,
5d15c985370d5c69364f396ffec4e0d7,فبیرا,فبیرا,49399017998386087,بسته‌ بندی‌ ایران,,0,1,1,HIGH,no_monthly
5d5c836b94dd5814744b8f6f549c51e8,سغرب,سغرب,52220424531578944,سیمان‌غرب,,1,1,1,HIGH,
62a63aab5e5f97d82fe87b1c3a34f7f2,بوعلی,بوعلی,50247622569476338,پتروشیمی بوعلی سینا,,1,1,1,HIGH,
6b88726e82dff2001540bb7b87e2d9be,پاکشو,پاکشو,62786156501584862,گروه صنعتی پاکشو,,1,1,1,HIGH,
6bd4aac18107335caeba964fd9804250,غمایه,غمایه,59461185672081215,شرکت خمیرمایه رضوی,,1,1,1,HIGH,
6f7820e83627a1b5cd580bbcbb338ef3,پیزد,پیزد,32784604551756178,مجتمع صنایع لاستیک یزد,,1,1,1,HIGH,
70b8796676033dbf81f6977819d3871d,دزهراوی,دزهراوی,8915450910866216,داروسازی‌زهراوی,,1,0,1,HIGH,no_financial
77ec0ce2270f5a3e04f8fa6313cf5201,دیران,دیران,69090868458637360,ایران‌دارو,,1,1,1,HIGH,
79c05aa1cc2e5430ef253e0d28ef62af,قشکر,قشکر,35964395659427029,شکر,,0,1,1,HIGH,no_monthly
801acf9315859c07fc1aca9cb877c22b,غگیلا,غگیلا,57300230097485720,شیرپاستوریزه پگاه گیلان,,0,1,1,HIGH,no_monthly
86753ad1b296713ec2fe34094b7b1d88,کماسه,کماسه,67690708346979840,تامین‌ ماسه‌ ریخته‌گری,,1,1,1,HIGH,
8b5fc1bfef84c4c6f8b652747c0c50f7,درهآور,درهآور,13243992182070788,دارویی ره آورد تامین,,0,1,1,HIGH,no_monthly
8ecb7116a860463b6dee7ca13dcf73ea,شبصیر,شبصیر,68517032834363488,تولیدات پتروشیمی قائد بصیر,,1,1,1,HIGH,
8f5d6dbbead24fee9802a92474c4ead8,گشان,گشان,70391097626818082,توسعه بین المللی پدیده شاندیز,,0,1,1,HIGH,no_monthly
981b4b3afa1c7f609640ac1af6445bfc,فبستم,فبستم,4159532151694984,صنایع ‌بسته‌بندی‌ مشهد,فبستم,1,0,1,HIGH,no_financial
9ae2b0971dcfcf7effbe2ee13d292a7b,حفارس,حفارس,35424116338766901,حمل و نقل بین المللی خلیج فارس,,1,1,1,HIGH,
9f5edea13cb3cb346e5895e3fb55faf7,حریل,حریل,5564768007356822,ریل پردازسیر,,0,1,1,HIGH,no_monthly
a0a860bea50008bf8d2189168b782225,آریا,آریا,55127657985997520,پلیمر آریا ساسول,,1,1,1,HIGH,
a36b1b9ab2e49cbbd170e60080fa4676,حکشتی,حکشتی,60610861509165508,کشتیرانی جمهوری اسلامی ایران,,0,1,1,HIGH,no_monthly
a7c92003e95722cea2d38ba5306603b9,فباهنر,فباهنر,66772024744156373,مس‌ شهیدباهنر,,1,1,1,HIGH,
a9e76ebf3cf2f1c17cdfa0b9442e427c,فرآور,فرآور,408934423224097,فرآوری‌موادمعدنی‌ایران,,0,1,1,HIGH,no_monthly
ae5db37d89e694987912ff20ca952bcd,مادیرا,مادیرا,15917865009187760,صنایع مادیران,,0,1,1,HIGH,no_monthly
b1cd84e33ebd60a436db5a07c0afd700,شسپا,شسپا,49188729526980541,نفت سپاهان,,1,1,1,HIGH,
b3cd7f653dc0d5fd0e3a6dca3ddedf1b,دابور,دابور,61332057061846617,داروسازی‌ ابوریحان,,1,1,1,HIGH,
b694bdef08321e4aa9a9324af55183a3,دسینا,دسینا,11432067920374603,داروسازی‌ سینا,,1,1,1,HIGH,
b88121029d7e973410b008320f8fe378,قاسم,قاسم,34540569618314880,قاسم ایران,قاسم,1,1,1,HIGH,
c629b0270c5a5e7f60f68d0cb34f55df,غمینو,غمینو,5516102131364383,شرکت صنایع غذایی مینو شرق,,1,1,1,HIGH,
c72d6744160ed4ab4dd2ea41ac2b3c63,ذوب,ذوب,71483646978964608,ذوب آهن اصفهان,,1,1,1,HIGH,
caeb12747085d21bf8331e09cbac141e,سرود,سرود,11964419322927535,سیمان‌شاهرود,,1,1,1,HIGH,
cb507b89faf6ddf31e16ba5ea8f669d0,اروند,اروند,58356374066358100,پتروشیمی اروند,,1,1,1,HIGH,
d07ff5df6784e3a6d9d9eabdb65794ba,فولاد,فولاد,46348559193224090,فولاد مبارکه اصفهان,,1,1,1,HIGH,
d591b0ffa863888077d0146ba8cd4e66,غمهرا,غمهرا,6131290133202745,تولیدی‌مهرام,,1,1,1,HIGH,
dfe07aa2c9a5a27265431f60ae868b8c,فسپا,فسپا,8977441217024425,گروه‌صنعتی‌سپاهان,,1,1,1,HIGH,
eb385d3905217941c6bb9e2caf44b537,فسبزوار,فسبزوار,37284308569715577,پارس فولاد سبزوار,,0,1,1,HIGH,no_monthly
eccaf93842ab5f9e3d79fae98027bde1,پسهند,پسهند,10120557300120078,صنایع‌ لاستیکی‌  سهند,,1,1,1,HIGH,
f08b706dfe1ab6bc864806ce40729675,زهلال,زهلال,48636523343139021,کشت و صنعت هلال,,0,1,1,HIGH,no_monthly
f204dcb930e5f3c8891436b434ca7ef8,شغدیر,شغدیر,21772258644715569,پتروشیمی غدیر,,1,1,1,HIGH,
f8dfbe7ae5669ddbcb0fa22d6d3e7a5c,ثبهساز,ثبهساز,14744445176220774,بهساز کاشانه تهران,,0,1,1,HIGH,no_monthly
fd32ba6ce155b8809f2066377e9eeccc,دقاضی,دقاضی,46801030346547943,داروسازی شهید قاضی,,1,1,1,HIGH,
ff114137fa42e84bc683b7b9b4aecee9,کخاک,کخاک,16405556680571453,صنایع‌خاک‌چینی‌ایران,,1,1,1,HIGH,
003aeed095825b208ba109440c6a6431,خراسان,خراسان,43552974795606067,پتروشیمی خراسان,,1,1,1,HIGH,
04596c0c8cd003eca6202bb9351d3d5d,آردینه,آردینه,9956888831468521,نشاسته و گلوکز آردینه,,1,1,1,HIGH,
07589f30e28ffd0a131f9c4157417d59,قنیشا,قنیشا,63380098535169030,قند  نیشابور,,1,1,1,HIGH,
081486afb8ec3b6088ff61e17ed1e666,بکهنوج,بکهنوج,46483466867025192,تولید برق ماهتاب کهنوج,,0,1,1,HIGH,no_monthly
0859d2221e900c47ebd6555e399b010c,کربن,کربن,11326461864120062,کانی کربن طبس,,0,1,1,HIGH,no_monthly
0b933179128a75d133acc7cac85b4662,تپمپی,تپمپی,43062880954780884,پمپ‌ سازی‌ ایران,,0,1,1,HIGH,no_monthly
0d19caedc1f47bfbce6949cc9fd54846,کفرا,کفرا,23837844039713715,فراورده‌ های‌ نسوزایران,,1,1,1,HIGH,
0e3a6731bfe6da581d9c4190b9b9707b,ددانا,ددانا,69540585676934415,داروسازی دانا,,1,1,1,HIGH,
1b8e0f2acf626d841e62b7b091e025b7,بزاگرس,بزاگرس,29882244560576007,نیروگاه زاگرس کوثر,,1,1,1,HIGH,
1ddbed63fff24fa4ad4fc82f1d695219,سیستم,سیستم,47749661205825616,همکاران سیستم,,1,1,1,HIGH,
213d9e3501b775d1751c699f0b6915ed,کصدف,کصدف,42696242981550091,کاشی صدف سرام استقلال آباده,,0,1,1,HIGH,no_monthly
219f43aab6fb90530570bd54a78db3f4,خمحرکه,خمحرکه,39436183727126211,نیرو محرکه,,1,1,1,HIGH,
25aafd0fbcf94aed7458b9d9f32852d8,رمپنا,رمپنا,67126881188552864,گروه مپنا (سهامی عام),,1,0,1,HIGH,no_financial
26ee5c2c59a374815a759f4990eb7c29,غگلستا,غگلستا,64843936383937546,شیر پاستوریزه پگاه گلستان,,0,1,1,HIGH,no_monthly
2c7e998dc9b612c1fd643b991c0dc3cc,غشصفا,غشصفا,61506294208022391,شیرپاستوریزه‌پگاه‌اصفهان,,1,1,1,HIGH,
2dc3ef3ab0a0505e8859b5400fc35e95,شکربن,شکربن,27308217070238237,کربن‌ ایران,,1,1,1,HIGH,
2ebfd20c4a8b98cdd3e425bf2d0a48cf,دامین,دامین,50100062518826135,داروسازی‌ امین,,0,1,1,HIGH,no_monthly
30098073127320ec11c2c84dc7dd7dd5,شپاکسا,شپاکسا,11622051128546106,پاکسان,,1,1,1,HIGH,
36f23676eaffd388df63219008589dec,سپیدار,سپیدار,29590002988360984,سپیدار سیستم آسیا,,1,1,1,HIGH,
39232c8d2f1231a8f681e77185a0a39e,کرازی,کرازی,57086055330734195,کارخانجات‌تولیدی‌شیشه‌رازی,,1,1,1,HIGH,
3dc6ca7296ff7c957aa13a1bf9e28347,کلر,کلر,1822787329898392,کلر پارس,,1,1,1,HIGH,
4548be3fe5c878a9dbda1bd95501aa64,حفاری,حفاری,28809886765682162,حفاری شمال,,0,1,1,HIGH,no_monthly
4b42ff856fa2a4996c5843f6bf85ef50,حتوکا,حتوکا,22260326095996531,حمل‌ونقل‌توکا,,1,1,1,HIGH,
4e74a398d885cd61dfd07383641eb05f,پارس,پارس,6110133418282108,پتروشیمی پارس,,1,1,1,HIGH,
60de37b0434d9b34ee753646b12c46f3,سکرما,سکرما,15472396110662150,سیمان‌ کرمان,,0,1,1,HIGH,no_monthly
611f456315ab832044ca3f40c5f81b25,خچرخش,خچرخش,33783140337377394,چرخشگر,,0,1,1,HIGH,no_monthly
62475be81f64f0f74b0f1f4a798dd2c5,های وب,های وب3,43362635835198978,داده گسترعصرنوین-های وب,,1,1,1,MEDIUM,multi_symbol(2); multi_instrument(2)
63a5bb96ab3f48206ee3e201f4ac9d85,کپرور,کپرور,22941065011246116,فرآوری زغال سنگ پروده طبس,,1,1,1,HIGH,
64e35e12a7959fcfbd10cb6036ed7693,فولای,فولای,14800142337291217,صنایع فولاد آلیاژی یزد,,0,1,1,HIGH,no_monthly
68e6f82aede2360869ceea7a3ea76d08,دفرا,دفرا,18303237082155264,فرآورده‌های‌ تزریقی‌ ایران,,1,1,1,HIGH,
7083cfdfe2c268113f647360403b3778,پخش,پخش,12638840758449459,پخش البرز,,1,1,1,HIGH,
72b4d79585406feb5160a555339cce54,غدیس,غدیس,3492952121304423,پاکدیس,,1,1,1,HIGH,
72d8be1259190fb1b5c8726381e27f71,بهپاک,بهپاک,12746730665870442,صنعتی بهپاک,,1,1,1,HIGH,
731166bbfc773bf6a75a4bb795177b44,فخاس,فخاس,4733285133017464,فولاد خراسان,,0,1,1,HIGH,no_monthly
7386c9d3264a07cdaacbdba2e1941d42,کاسپین,کاسپین,28431095903407567,داروسازی کاسپین تامین,,1,1,1,HIGH,
76022dd3c77edb744eeef72f3d54483a,غپاک,غپاک,34032872653290886,لبنیات‌ پاک,غپاک,1,1,1,HIGH,
7a54ec15d779b9ac2ed7963ef98f7d2e,دلقما,دلقما,29247915161590165,دارویی‌ لقمان,,1,1,1,HIGH,
7e41b7fd7ba1c353199eba22667db254,کسرا,کسرا,4614779520007780,کاتالیست‌های ‌صنعتی‌ آریا,,1,1,1,HIGH,
7f547bf2c0a3ff2919c50d8c899abc3d,قزوین,قزوین,15259343650667588,کارخانجات‌ قند قزوین,,1,1,1,HIGH,
83063f85d3b40da6b49c458abcb31423,چخزر,چخزر,41122066907413786,صنایع چوب خزر کاسپین,چخزر,1,1,1,HIGH,
835a058978f7d07fa0f0286893ac885a,فگستر,فگستر,8725363201030474,گسترش صنایع روی ایرانیان,,1,1,1,HIGH,
85287a8fa516fef95aa0d2185f916071,شپنا,شپنا,7745894403636165,پالایش نفت اصفهان,شپنا,1,1,1,HIGH,
85b841e113a9981a56d7137b3e926c4a,شیران,شیران,35796086458096255,س. صنایع‌شیمیایی‌ایران,,1,1,1,HIGH,
88f79bf4cbb7f64d7bb74b1c01d3388a,شگل,شگل,44153164692325703,گلتاش,,1,1,1,HIGH,
8a664764ba757925c6545b1f6148a41d,کاوه,کاوه,60350996279289099,فولاد کاوه جنوب کیش,,0,1,1,HIGH,no_monthly
8bfd141901eaba0211578f174767f175,دعبید,دعبید,49054891736433700,لابراتوارداروسازی‌  دکترعبیدی,,1,1,1,HIGH,
8f0d3b9ed3bb17e93db23268de21bd69,خودرو,خودرو,65883838195688438,ایران‌ خودرو,,1,1,1,HIGH,
8fd34057fd7ca66b3cbf6590fabf6582,فجر,فجر,41302553376174581,فولاد امیرکبیرکاشان,فجر,1,1,1,HIGH,
905b8289d77d9927c13119c6a7cff9e1,کزغال,کزغال,28291104595448527,زغال سنگ پروده طبس,,0,1,1,HIGH,no_monthly
959eac0c9aaf26d5f523b9008fb87bdf,زگلدشت,زگلدشت,10024128313803797,کشت و دام گلدشت نمونه اصفهان,,1,1,1,HIGH,
9690eb40ea60e7030a8c95d739fc573c,کروی,کروی,69562625496483761,توسعه معادن روی ایران,کروی,0,1,1,HIGH,no_monthly
980b075e10e0e4da4ae747bc7b6c3825,غپینو,غپینو,18401147983387689,پارس‌ مینو,,1,1,1,HIGH,
99739597e0be8c49abb1092f02513a19,پکویر,پکویر,7235435095059069,کویر تایر,,1,1,1,HIGH,
a09b97e4613ee9786a2d838cfdde6353,شکام,شکام,69446612239102459,صنایع شیمیایی کیمیاگران امروز,,1,1,1,HIGH,
a2affb7dd71d9fab5ed7047d8e8f9a93,سپید,سپید,45519261544951819,سپید ماکیان,,0,1,1,HIGH,no_monthly
a80a3880494d31e82b13fd0d040e0f72,عالیس,عالیس,34213522001938649,بهار رز عالیس چناران,,1,1,1,HIGH,
b4d2079975271890006b2f38412d761d,چکارن,چکارن,53113471126689455,کارتن‌ ایران,,1,1,1,HIGH,
bcd063af0a3b800fe8afeecd6fe37b47,زفجر,زفجر,36844527173896115,کشاورزی و دامپروری فجر اصفهان,,0,1,1,HIGH,no_monthly
bda1926ec65a0bac619855e021b6b61c,شگویا,شگویا,5987841496184505,پتروشیمی تندگویان,شگویا,1,1,1,HIGH,
bde997b478a960687f241894a21e4fdb,فملی,فملی,35425587644337450,ملی‌ صنایع‌ مس‌ ایران,,1,1,1,HIGH,
be2e68f612059a7c256315b91e2aba36,کیمیا,کیمیا,14427168056799610,ص. معدنی کیمیای زنجان گستران,,1,1,1,HIGH,
c948737bdfc349d67b85aee1855d53b9,زقیام,زقیام,71290297158948749,کشت و دام قیام اصفهان,,1,1,1,HIGH,
d108002c1966bd34137074461c1193bc,دبالک,دبالک,71510396252618330,مواد اولیه دارویی البرز بالک,,1,1,1,HIGH,
d4ba95c595b08e7a8441a997f29f4427,دکپسول,دکپسول,52382684379473036,تولید ژلاتین کپسول ایران,,1,1,1,HIGH,
d9386a2d4a04ecbff28884606d66eda3,بشهاب,بشهاب,69454539056549106,لامپ‌  پارس‌ شهاب,,1,1,1,HIGH,
d94c1c91ade00de4b90a351ebd762517,غاذر,غاذر,35158826900216508,کشت‌وصنعت‌پیاذر,,1,1,1,HIGH,
dec2e66cbc6ff178a8ee0240a9fc017e,کپشیر,کپشیر,57639364758870873,پشم‌شیشه‌ایران,,1,1,1,HIGH,
e2d1f5c5d5e4d6849d80511b5f035099,وبصادر,وبصادر,28320293733348826,بانک صادرات ایران,,0,1,1,HIGH,no_monthly
e863456493cc72d8dc255c72551f3c26,خصدرا,خصدرا,2318736941376687,صنعتی‌ دریایی‌ ایران,,0,1,1,HIGH,no_monthly
ebcee98ad7dedd38d7be45b541349ffa,وتوشه,وتوشه,54676885047867737,سرمایه‌ گذاری‌ پارس‌ توشه,وتوشه,0,1,1,HIGH,no_monthly
f26e919a7e723cb5fb35be3a34b11035,کمنگنز,کمنگنز,50341528161302545,معادن‌منگنزایران,,1,1,1,HIGH,
f29a3223edeee237a7b7664f7bb172ff,وبملت,وبملت,778253364357513,بانک ملت,,0,1,1,HIGH,no_monthly
f8449f411289fa0775dc1618a83c922b,اسیاتک,اسیاتک,14079693677610396,انتقال داده های آسیاتک,,1,1,1,HIGH,
