domain,company_name,legacy_company_id,period,status,inserted,skipped,detail,error
monthly_activity,قاسم,b88121029d7e973410b008320f8fe378,1405/06/31,written,0,4,already present,
monthly_activity,قاسم,b88121029d7e973410b008320f8fe378,1405/04/31,written,0,4,already present,
monthly_activity,قاسم,b88121029d7e973410b008320f8fe378,1405/03/31,written,0,4,already present,
monthly_activity,قاسم,b88121029d7e973410b008320f8fe378,1405/02/31,written,0,4,already present,
monthly_activity,قاسم,b88121029d7e973410b008320f8fe378,1405/01/31,written,0,4,already present,
monthly_activity,قاسم,b88121029d7e973410b008320f8fe378,1404/12/29,written,0,4,already present,
financial_statement,قاسم,b88121029d7e973410b008320f8fe378,1405/03/31,written,0,28,,
financial_statement,قاسم,b88121029d7e973410b008320f8fe378,1404/12/29,written,0,25,,
financial_statement,قاسم,b88121029d7e973410b008320f8fe378,1404/09/30,written,0,28,,
financial_statement,قاسم,b88121029d7e973410b008320f8fe378,1404/06/31,written,0,28,,
market_price,قاسم,b88121029d7e973410b008320f8fe378,30 obs,written,0,30,,
financial_statement,تاصیکو,6dd3fb203bb12fdd017e1f59fc61b9c6,1405/05/31,written,0,28,,
financial_statement,تاصیکو,6dd3fb203bb12fdd017e1f59fc61b9c6,1404/11/30,written,0,28,,
financial_statement,تاصیکو,6dd3fb203bb12fdd017e1f59fc61b9c6,1404/08/30,written,0,17,,
financial_statement,تاصیکو,6dd3fb203bb12fdd017e1f59fc61b9c6,1404/05/31,written,0,11,,
market_price,تاصیکو,6dd3fb203bb12fdd017e1f59fc61b9c6,30 obs,written,0,30,,
monthly_activity,کسرا,7e41b7fd7ba1c353199eba22667db254,1405/04/31,written,0,4,already present,
monthly_activity,کسرا,7e41b7fd7ba1c353199eba22667db254,1405/03/31,written,0,4,already present,
monthly_activity,کسرا,7e41b7fd7ba1c353199eba22667db254,1405/02/31,written,0,4,already present,
monthly_activity,کسرا,7e41b7fd7ba1c353199eba22667db254,1405/01/31,written,0,4,already present,
monthly_activity,کسرا,7e41b7fd7ba1c353199eba22667db254,1404/12/29,written,0,4,already present,
monthly_activity,کسرا,7e41b7fd7ba1c353199eba22667db254,1404/10/30,written,0,4,already present,
financial_statement,کسرا,7e41b7fd7ba1c353199eba22667db254,1405/03/31,written,0,28,,
financial_statement,کسرا,7e41b7fd7ba1c353199eba22667db254,1404/12/29,written,0,13,,
financial_statement,کسرا,7e41b7fd7ba1c353199eba22667db254,1404/09/30,written,0,13,,
financial_statement,کسرا,7e41b7fd7ba1c353199eba22667db254,1404/06/31,written,0,11,,
market_price,کسرا,7e41b7fd7ba1c353199eba22667db254,17 obs,written,0,17,,
monthly_activity,زگلدشت,959eac0c9aaf26d5f523b9008fb87bdf,1405/04/31,written,0,4,already present,
monthly_activity,زگلدشت,959eac0c9aaf26d5f523b9008fb87bdf,1405/03/31,written,0,4,already present,
monthly_activity,زگلدشت,959eac0c9aaf26d5f523b9008fb87bdf,1405/02/31,written,0,4,already present,
monthly_activity,زگلدشت,959eac0c9aaf26d5f523b9008fb87bdf,1405/01/31,written,0,4,already present,
monthly_activity,زگلدشت,959eac0c9aaf26d5f523b9008fb87bdf,1404/12/29,written,0,4,already present,
monthly_activity,زگلدشت,959eac0c9aaf26d5f523b9008fb87bdf,1404/11/30,written,0,4,already present,
financial_statement,زگلدشت,959eac0c9aaf26d5f523b9008fb87bdf,1405/03/31,written,0,28,,
financial_statement,زگلدشت,959eac0c9aaf26d5f523b9008fb87bdf,1404/12/29,written,0,13,,
financial_statement,زگلدشت,959eac0c9aaf26d5f523b9008fb87bdf,1404/09/30,written,0,13,,
financial_statement,زگلدشت,959eac0c9aaf26d5f523b9008fb87bdf,1404/06/31,written,0,13,,
market_price,زگلدشت,959eac0c9aaf26d5f523b9008fb87bdf,30 obs,written,0,30,,
monthly_activity,افق,3eed9ad615c315d96a80b4ed8599772d,1405/05/31,written,0,4,already present,
monthly_activity,افق,3eed9ad615c315d96a80b4ed8599772d,1405/04/31,written,0,4,already present,
monthly_activity,افق,3eed9ad615c315d96a80b4ed8599772d,1405/03/31,written,0,4,already present,
monthly_activity,افق,3eed9ad615c315d96a80b4ed8599772d,1405/02/31,written,0,4,already present,
monthly_activity,افق,3eed9ad615c315d96a80b4ed8599772d,1405/01/31,written,0,4,already present,
monthly_activity,افق,3eed9ad615c315d96a80b4ed8599772d,1404/12/29,written,0,4,already present,
financial_statement,افق,3eed9ad615c315d96a80b4ed8599772d,1405/03/31,written,0,28,,
financial_statement,افق,3eed9ad615c315d96a80b4ed8599772d,1404/12/29,written,0,11,,
financial_statement,افق,3eed9ad615c315d96a80b4ed8599772d,1404/09/30,written,0,13,,
financial_statement,افق,3eed9ad615c315d96a80b4ed8599772d,1404/06/31,written,0,13,,
market_price,افق,3eed9ad615c315d96a80b4ed8599772d,30 obs,written,0,30,,
monthly_activity,دکپسول,d4ba95c595b08e7a8441a997f29f4427,1405/04/31,written,0,4,already present,
monthly_activity,دکپسول,d4ba95c595b08e7a8441a997f29f4427,1405/03/31,written,0,4,already present,
monthly_activity,دکپسول,d4ba95c595b08e7a8441a997f29f4427,1405/02/31,written,0,4,already present,
monthly_activity,دکپسول,d4ba95c595b08e7a8441a997f29f4427,1405/01/31,written,0,4,already present,
monthly_activity,دکپسول,d4ba95c595b08e7a8441a997f29f4427,1404/12/29,written,0,4,already present,
monthly_activity,دکپسول,d4ba95c595b08e7a8441a997f29f4427,1404/11/30,written,0,4,already present,
financial_statement,دکپسول,d4ba95c595b08e7a8441a997f29f4427,1405/03/31,written,0,13,,
financial_statement,دکپسول,d4ba95c595b08e7a8441a997f29f4427,1404/12/29,written,0,13,,
financial_statement,دکپسول,d4ba95c595b08e7a8441a997f29f4427,1404/09/30,written,0,11,,
financial_statement,دکپسول,d4ba95c595b08e7a8441a997f29f4427,1404/06/31,written,0,11,,
market_price,دکپسول,d4ba95c595b08e7a8441a997f29f4427,30 obs,written,0,30,,
monthly_activity,هجرت,34f99deab827071c31069cb575b6aeeb,1405/04/31,written,0,4,already present,
monthly_activity,هجرت,34f99deab827071c31069cb575b6aeeb,1405/03/31,written,0,4,already present,
monthly_activity,هجرت,34f99deab827071c31069cb575b6aeeb,1405/02/31,written,0,4,already present,
monthly_activity,هجرت,34f99deab827071c31069cb575b6aeeb,1405/01/31,written,0,4,already present,
monthly_activity,هجرت,34f99deab827071c31069cb575b6aeeb,1404/12/29,written,0,4,already present,
monthly_activity,هجرت,34f99deab827071c31069cb575b6aeeb,1404/11/30,written,0,4,already present,
financial_statement,هجرت,34f99deab827071c31069cb575b6aeeb,1405/03/31,written,0,13,,
financial_statement,هجرت,34f99deab827071c31069cb575b6aeeb,1404/12/29,written,0,11,,
financial_statement,هجرت,34f99deab827071c31069cb575b6aeeb,1404/09/30,written,0,13,,
financial_statement,هجرت,34f99deab827071c31069cb575b6aeeb,1404/06/31,written,0,13,,
market_price,هجرت,34f99deab827071c31069cb575b6aeeb,30 obs,written,0,30,,
monthly_activity,چخزر,83063f85d3b40da6b49c458abcb31423,1405/06/31,written,0,4,already present,
financial_statement,چخزر,83063f85d3b40da6b49c458abcb31423,1405/03/31,written,0,13,,
financial_statement,چخزر,83063f85d3b40da6b49c458abcb31423,1404/12/29,written,0,11,,
financial_statement,چخزر,83063f85d3b40da6b49c458abcb31423,1404/09/30,written,0,13,,
financial_statement,چخزر,83063f85d3b40da6b49c458abcb31423,1404/06/31,written,0,13,,
market_price,چخزر,83063f85d3b40da6b49c458abcb31423,30 obs,written,0,30,,
financial_statement,بفجر,42c343943444522671018f6ce8d2c2a1,1404/12/29,written,0,25,,
financial_statement,بفجر,42c343943444522671018f6ce8d2c2a1,1404/09/30,written,0,13,,
financial_statement,بفجر,42c343943444522671018f6ce8d2c2a1,1404/06/31,written,0,13,,
financial_statement,بفجر,42c343943444522671018f6ce8d2c2a1,1404/03/31,written,0,13,,
market_price,بفجر,42c343943444522671018f6ce8d2c2a1,10 obs,written,0,10,,
financial_statement,خاهن,326f53e9133b7e24c3b9ffec1e73fa18,1405/03/31,quarantined,0,0,company unresolved,
financial_statement,خاهن,326f53e9133b7e24c3b9ffec1e73fa18,1404/12/29,quarantined,0,0,company unresolved,
financial_statement,خاهن,326f53e9133b7e24c3b9ffec1e73fa18,1404/09/30,quarantined,0,0,company unresolved,
financial_statement,خاهن,326f53e9133b7e24c3b9ffec1e73fa18,1404/06/31,quarantined,0,0,company unresolved,
