cycle,company,period,outcome,canonical_status,facts,canonical_inserted,canonical_skipped,legacy_mirror_status,health
1,تاصیکو,1405/05/31,CANONICAL_SUCCESS_LEGACY_SUCCESS,written,25,0,28,success,HEALTHY
1,تاصیکو,1404/11/30,CANONICAL_SUCCESS_LEGACY_SUCCESS,written,25,0,28,success,HEALTHY
1,قاسم,1405/03/31,CANONICAL_SUCCESS_LEGACY_SUCCESS,written,25,0,28,success,HEALTHY
1,قاسم,1404/12/29,CANONICAL_SUCCESS_LEGACY_SUCCESS,written,22,0,25,success,HEALTHY
1,کسرا,1405/03/31,CANONICAL_SUCCESS_LEGACY_SUCCESS,written,25,0,28,success,HEALTHY
1,کسرا,1404/12/29,CANONICAL_SUCCESS_LEGACY_SUCCESS,written,10,0,13,success,HEALTHY
1,چکاپا,1405/05/31,CANONICAL_SUCCESS_LEGACY_SUCCESS,written,25,0,28,success,HEALTHY
1,چکاپا,1405/02/31,CANONICAL_SUCCESS_LEGACY_SUCCESS,written,10,0,13,success,HEALTHY
2,تاصیکو,1405/05/31,CANONICAL_SUCCESS_LEGACY_SUCCESS,written,25,0,28,success,HEALTHY
2,تاصیکو,1404/11/30,CANONICAL_SUCCESS_LEGACY_SUCCESS,written,25,0,28,success,HEALTHY
2,قاسم,1405/03/31,CANONICAL_SUCCESS_LEGACY_SUCCESS,written,25,0,28,success,HEALTHY
2,قاسم,1404/12/29,CANONICAL_SUCCESS_LEGACY_SUCCESS,written,22,0,25,success,HEALTHY
2,کسرا,1405/03/31,CANONICAL_SUCCESS_LEGACY_SUCCESS,written,25,0,28,success,HEALTHY
2,کسرا,1404/12/29,CANONICAL_SUCCESS_LEGACY_SUCCESS,written,10,0,13,success,HEALTHY
2,چکاپا,1405/05/31,CANONICAL_SUCCESS_LEGACY_SUCCESS,written,25,0,28,success,HEALTHY
2,چکاپا,1405/02/31,CANONICAL_SUCCESS_LEGACY_SUCCESS,written,10,0,13,success,HEALTHY
3,تاصیکو,1405/05/31,CANONICAL_SUCCESS_LEGACY_SUCCESS,written,25,0,28,success,HEALTHY
3,تاصیکو,1404/11/30,CANONICAL_SUCCESS_LEGACY_SUCCESS,written,25,0,28,success,HEALTHY
3,قاسم,1405/03/31,CANONICAL_SUCCESS_LEGACY_SUCCESS,written,25,0,28,success,HEALTHY
3,قاسم,1404/12/29,CANONICAL_SUCCESS_LEGACY_SUCCESS,written,22,0,25,success,HEALTHY
3,کسرا,1405/03/31,CANONICAL_SUCCESS_LEGACY_SUCCESS,written,25,0,28,success,HEALTHY
3,کسرا,1404/12/29,CANONICAL_SUCCESS_LEGACY_SUCCESS,written,10,0,13,success,HEALTHY
3,چکاپا,1405/05/31,CANONICAL_SUCCESS_LEGACY_SUCCESS,written,25,0,28,success,HEALTHY
3,چکاپا,1405/02/31,CANONICAL_SUCCESS_LEGACY_SUCCESS,written,10,0,13,success,HEALTHY
