cycle,company,period,outcome,canonical_status,canonical_inserted,canonical_skipped,legacy_mirror_status,health
1,قاسم,1405/06/31,CANONICAL_SUCCESS_LEGACY_SUCCESS,written,0,4,success,HEALTHY
1,قاسم,1405/04/31,CANONICAL_SUCCESS_LEGACY_SUCCESS,written,0,4,success,HEALTHY
1,چکاپا,1405/04/31,CANONICAL_SUCCESS_LEGACY_SUCCESS,written,0,4,success,HEALTHY
1,چکاپا,1405/03/31,CANONICAL_SUCCESS_LEGACY_SUCCESS,written,0,4,success,HEALTHY
2,قاسم,1405/06/31,CANONICAL_SUCCESS_LEGACY_SUCCESS,written,0,4,success,HEALTHY
2,قاسم,1405/04/31,CANONICAL_SUCCESS_LEGACY_SUCCESS,written,0,4,success,HEALTHY
2,چکاپا,1405/04/31,CANONICAL_SUCCESS_LEGACY_SUCCESS,written,0,4,success,HEALTHY
2,چکاپا,1405/03/31,CANONICAL_SUCCESS_LEGACY_SUCCESS,written,0,4,success,HEALTHY
3,قاسم,1405/06/31,CANONICAL_SUCCESS_LEGACY_SUCCESS,written,0,4,success,HEALTHY
3,قاسم,1405/04/31,CANONICAL_SUCCESS_LEGACY_SUCCESS,written,0,4,success,HEALTHY
3,چکاپا,1405/04/31,CANONICAL_SUCCESS_LEGACY_SUCCESS,written,0,4,success,HEALTHY
3,چکاپا,1405/03/31,CANONICAL_SUCCESS_LEGACY_SUCCESS,written,0,4,success,HEALTHY
4,قاسم,1405/06/31,CANONICAL_SUCCESS_LEGACY_SUCCESS,written,0,4,success,HEALTHY
4,قاسم,1405/04/31,CANONICAL_SUCCESS_LEGACY_SUCCESS,written,0,4,success,HEALTHY
4,چکاپا,1405/04/31,CANONICAL_SUCCESS_LEGACY_SUCCESS,written,0,4,success,HEALTHY
4,چکاپا,1405/03/31,CANONICAL_SUCCESS_LEGACY_SUCCESS,written,0,4,success,HEALTHY
