issue_code,severity,detected_at,legacy_company_id,name,classification
identity_conflict,high,2026-09-25 18:12:41.48204+03:30,,تولیدی حسنانو,EXPECTED_SCOPE_EXCLUSION
identity_conflict,high,2026-09-25 18:12:41.352037+03:30,,تولیدی حسنانو,EXPECTED_SCOPE_EXCLUSION
identity_conflict,high,2026-09-25 18:12:41.221208+03:30,,سازه پوشش ماموت,EXPECTED_SCOPE_EXCLUSION
identity_conflict,high,2026-09-25 18:12:41.089252+03:30,,سازه پوشش ماموت,EXPECTED_SCOPE_EXCLUSION
identity_conflict,high,2026-09-25 18:12:40.951904+03:30,,کیمیا پلی استر قم,EXPECTED_SCOPE_EXCLUSION
identity_conflict,high,2026-09-25 18:12:40.814565+03:30,,کیمیا پلی استر قم,EXPECTED_SCOPE_EXCLUSION
identity_conflict,high,2026-09-25 18:12:40.678896+03:30,,تولیدی حسنانو,EXPECTED_SCOPE_EXCLUSION
identity_conflict,high,2026-09-25 18:12:40.548328+03:30,,تولیدی حسنانو,EXPECTED_SCOPE_EXCLUSION
identity_conflict,high,2026-09-25 18:04:49.393409+03:30,__no_such_legacy_id__,,TRANSIENT_ERROR
identity_conflict,high,2026-09-25 18:00:22.307134+03:30,__unknown_id__,,TRANSIENT_ERROR
identity_conflict,high,2026-09-25 17:40:49.566763+03:30,__no_such_legacy_id__,,TRANSIENT_ERROR
identity_conflict,high,2026-09-25 17:36:35.534032+03:30,__no_such_legacy_id__,,TRANSIENT_ERROR
identity_conflict,high,2026-09-25 17:34:53.085509+03:30,__no_such_legacy_id__,,TRANSIENT_ERROR
identity_conflict,high,2026-09-25 17:32:45.254948+03:30,326f53e9133b7e24c3b9ffec1e73fa18,,EXPECTED_SCOPE_EXCLUSION
identity_conflict,high,2026-09-25 17:32:45.091484+03:30,326f53e9133b7e24c3b9ffec1e73fa18,,EXPECTED_SCOPE_EXCLUSION
identity_conflict,high,2026-09-25 17:32:44.951565+03:30,326f53e9133b7e24c3b9ffec1e73fa18,,EXPECTED_SCOPE_EXCLUSION
identity_conflict,high,2026-09-25 17:32:44.801797+03:30,326f53e9133b7e24c3b9ffec1e73fa18,,EXPECTED_SCOPE_EXCLUSION
identity_conflict,high,2026-09-25 17:32:16.985111+03:30,326f53e9133b7e24c3b9ffec1e73fa18,,EXPECTED_SCOPE_EXCLUSION
identity_conflict,high,2026-09-25 17:32:16.840869+03:30,326f53e9133b7e24c3b9ffec1e73fa18,,EXPECTED_SCOPE_EXCLUSION
identity_conflict,high,2026-09-25 17:32:16.454667+03:30,326f53e9133b7e24c3b9ffec1e73fa18,,EXPECTED_SCOPE_EXCLUSION
identity_conflict,high,2026-09-25 17:32:16.298133+03:30,326f53e9133b7e24c3b9ffec1e73fa18,,EXPECTED_SCOPE_EXCLUSION
identity_conflict,high,2026-09-25 17:27:00.320466+03:30,326f53e9133b7e24c3b9ffec1e73fa18,,EXPECTED_SCOPE_EXCLUSION
identity_conflict,high,2026-09-25 17:27:00.088459+03:30,326f53e9133b7e24c3b9ffec1e73fa18,,EXPECTED_SCOPE_EXCLUSION
identity_conflict,high,2026-09-25 17:26:59.925812+03:30,326f53e9133b7e24c3b9ffec1e73fa18,,EXPECTED_SCOPE_EXCLUSION
identity_conflict,high,2026-09-25 17:26:59.769941+03:30,326f53e9133b7e24c3b9ffec1e73fa18,,EXPECTED_SCOPE_EXCLUSION
identity_conflict,high,2026-09-25 17:26:09.130991+03:30,326f53e9133b7e24c3b9ffec1e73fa18,,EXPECTED_SCOPE_EXCLUSION
identity_conflict,high,2026-09-25 17:26:08.987178+03:30,326f53e9133b7e24c3b9ffec1e73fa18,,EXPECTED_SCOPE_EXCLUSION
identity_conflict,high,2026-09-25 17:26:08.553629+03:30,326f53e9133b7e24c3b9ffec1e73fa18,,EXPECTED_SCOPE_EXCLUSION
identity_conflict,high,2026-09-25 17:26:08.4119+03:30,326f53e9133b7e24c3b9ffec1e73fa18,,EXPECTED_SCOPE_EXCLUSION
identity_conflict,high,2026-09-25 17:25:03.936208+03:30,326f53e9133b7e24c3b9ffec1e73fa18,,EXPECTED_SCOPE_EXCLUSION
identity_conflict,high,2026-09-25 17:25:03.804223+03:30,326f53e9133b7e24c3b9ffec1e73fa18,,EXPECTED_SCOPE_EXCLUSION
identity_conflict,high,2026-09-25 17:25:03.673023+03:30,326f53e9133b7e24c3b9ffec1e73fa18,,EXPECTED_SCOPE_EXCLUSION
identity_conflict,high,2026-09-25 17:25:03.503174+03:30,326f53e9133b7e24c3b9ffec1e73fa18,,EXPECTED_SCOPE_EXCLUSION
