snapshot_as_of,symbol,quant_score,v1_rank,target_weight,td60,tv30_rial,tv30_toman,pct_tv30,pct_td60,fail_L1,fail_L2,fail_L3,cap_ratio_100M,cap_ratio_500M,cap_ratio_1B,cap_ratio_5B,cap_ratio_10B
2026-10-01,کیمیا,68.6100,0.0036900369003690036,0.018518518518518517,0.9333333333333333,183138046795.66666,18313804679.566666,0.3880597014925373,0.3451492537313433,False,False,False,0.00010111781163190115,0.0005055890581595057,0.0010111781163190114,0.005055890581595057,0.010111781163190114
2026-10-01,شسپا,67.2300,0.007380073800738007,0.018518518518518517,0.95,1086093178939.3334,108609317893.93333,0.8768656716417911,0.48880597014925375,False,False,False,1.7050579892789218e-05,8.525289946394609e-05,0.00017050579892789218,0.0008525289946394609,0.0017050579892789219
2026-10-01,غاذر,65.9700,0.01107011070110701,0.018518518518518517,0.7,315707490215.6667,31570749021.56667,0.6044776119402985,0.03917910447761194,True,False,False,5.8657203558484194e-05,0.000293286017792421,0.000586572035584842,0.00293286017792421,0.00586572035584842
2026-10-01,کاما,65.8800,0.014760147601476014,0.018518518518518517,0.9333333333333333,1329852644384.3333,132985264438.43332,0.9067164179104478,0.3451492537313433,False,False,False,1.392524096313831e-05,6.962620481569155e-05,0.0001392524096313831,0.0006962620481569154,0.0013925240963138308
2026-10-01,سباقر,62.8700,0.01845018450184502,0.018518518518518517,0.9166666666666666,953363793323.3334,95336379332.33334,0.8582089552238806,0.23694029850746268,False,False,False,1.942439879530642e-05,9.712199397653211e-05,0.00019424398795306422,0.0009712199397653212,0.0019424398795306423
2026-10-01,شتران,62.6800,0.02214022140221402,0.018518518518518517,0.9666666666666667,4539507688750.0,453950768875.0,0.9664179104477612,0.628731343283582,False,False,False,4.079411202323084e-06,2.0397056011615418e-05,4.0794112023230837e-05,0.00020397056011615418,0.00040794112023230837
2026-10-01,خراسان,62.3700,0.025830258302583026,0.018518518518518517,1.0,261456152577.0,26145615257.7,0.5335820895522388,0.8638059701492538,False,False,False,7.082839067275242e-05,0.00035414195336376205,0.0007082839067275241,0.0035414195336376207,0.007082839067275241
2026-10-01,دقاضی,62.2900,0.02952029520295203,0.018518518518518517,0.9333333333333333,368270891019.6667,36827089101.96667,0.6455223880597015,0.3451492537313433,False,False,False,5.028504551973829e-05,0.00025142522759869147,0.0005028504551973829,0.0025142522759869146,0.005028504551973829
2026-10-01,فایرا,61.8100,0.033210332103321034,0.018518518518518517,0.85,691469853401.6666,69146985340.16666,0.7873134328358209,0.09888059701492537,True,False,False,2.6781382337085538e-05,0.0001339069116854277,0.0002678138233708554,0.001339069116854277,0.002678138233708554
2026-10-01,دارو,61.1200,0.03690036900369004,0.018518518518518517,0.9833333333333333,712426854140.6666,71242685414.06667,0.7910447761194029,0.7089552238805971,False,False,False,2.5993571706186823e-05,0.0001299678585309341,0.0002599357170618682,0.0012996785853093412,0.0025993571706186824
2026-10-01,دلقما,61.0200,0.04059040590405904,0.018518518518518517,0.9333333333333333,1219375158161.3333,121937515816.13333,0.8992537313432836,0.3451492537313433,False,False,False,1.5186891740883216e-05,7.593445870441608e-05,0.00015186891740883216,0.0007593445870441608,0.0015186891740883216
2026-10-01,شمواد,60.9300,0.04428044280442804,0.018518518518518517,0.95,213769892507.33334,21376989250.733334,0.44776119402985076,0.48880597014925375,False,False,False,8.662828194051341e-05,0.00043314140970256707,0.0008662828194051341,0.004331414097025671,0.008662828194051342
2026-10-01,کاسپین,59.9900,0.04797047970479705,0.018518518518518517,0.9666666666666667,373156254582.0,37315625458.2,0.6492537313432836,0.628731343283582,False,False,False,4.9626713450810266e-05,0.00024813356725405134,0.0004962671345081027,0.0024813356725405136,0.004962671345081027
2026-10-01,شبصیر,59.3900,0.05166051660516605,0.018518518518518517,1.0,336402908357.6667,33640290835.76667,0.6268656716417911,0.8638059701492538,False,False,False,5.504862787580141e-05,0.00027524313937900703,0.0005504862787580141,0.0027524313937900705,0.005504862787580141
2026-10-01,سقاین,59.3100,0.055350553505535055,0.018518518518518517,0.9666666666666667,180342808059.33334,18034280805.933334,0.3805970149253731,0.628731343283582,False,False,False,0.00010268509577840148,0.0005134254788920074,0.0010268509577840148,0.005134254788920074,0.010268509577840148
2026-10-01,کمنگنز,59.2300,0.05904059040590406,0.018518518518518517,0.9,214602218958.66666,21460221895.866665,0.4552238805970149,0.17723880597014927,False,False,False,8.629229748125424e-05,0.00043146148740627117,0.0008629229748125423,0.004314614874062712,0.008629229748125423
2026-10-01,شبندر,58.9700,0.06273062730627306,0.018518518518518517,0.9666666666666667,5338899914852.333,533889991485.2333,0.9738805970149254,0.628731343283582,False,False,False,3.4686019243405724e-06,1.7343009621702862e-05,3.4686019243405724e-05,0.00017343009621702862,0.00034686019243405724
2026-10-01,شپنا,58.7700,0.06642066420664207,0.018518518518518517,0.9333333333333333,9428022317111.0,942802231711.1,0.9888059701492538,0.3451492537313433,False,False,False,1.9641996906296137e-06,9.820998453148069e-06,1.9641996906296138e-05,9.820998453148068e-05,0.00019641996906296136
2026-10-01,آردینه,57.7300,0.07011070110701106,0.018518518518518517,0.9333333333333333,250703846128.66666,25070384612.866665,0.5186567164179104,0.3451492537313433,False,False,False,7.386611256460107e-05,0.0003693305628230054,0.0007386611256460108,0.003693305628230054,0.007386611256460108
2026-10-01,کرماشا,57.7100,0.07380073800738007,0.018518518518518517,0.9333333333333333,867018050267.3334,86701805026.73334,0.8283582089552238,0.3451492537313433,False,False,False,2.135886157480641e-05,0.00010679430787403205,0.0002135886157480641,0.0010679430787403205,0.002135886157480641
2026-10-01,فملی,57.3200,0.07749077490774908,0.018518518518518517,0.8833333333333333,11116346103958.666,1111634610395.8667,0.996268656716418,0.1455223880597015,False,False,False,1.6658817875348311e-06,8.329408937674155e-06,1.665881787534831e-05,8.329408937674156e-05,0.0001665881787534831
2026-10-01,ارفع,56.9600,0.08118081180811808,0.018518518518518517,0.9166666666666666,426525252884.3333,42652525288.433334,0.6865671641791045,0.23694029850746268,False,False,False,4.3417167901053766e-05,0.00021708583950526885,0.0004341716790105377,0.0021708583950526884,0.004341716790105377
2026-10-01,دیران,56.8600,0.08487084870848709,0.018518518518518517,0.9666666666666667,320126292757.3333,32012629275.73333,0.6119402985074627,0.628731343283582,False,False,False,5.784753997871768e-05,0.0002892376998935884,0.0005784753997871768,0.0028923769989358844,0.005784753997871769
2026-10-01,شاراک,56.7600,0.08856088560885608,0.018518518518518517,0.9333333333333333,1205519344133.6667,120551934413.36667,0.8955223880597015,0.3451492537313433,False,False,False,1.5361444516534615e-05,7.680722258267308e-05,0.00015361444516534615,0.0007680722258267308,0.0015361444516534615
2026-10-01,زکشت,56.3700,0.09225092250922509,0.018518518518518517,0.8833333333333333,108064378630.0,10806437863.0,0.19402985074626866,0.1455223880597015,False,False,False,0.00017136561328801785,0.0008568280664400892,0.0017136561328801785,0.008568280664400893,0.017136561328801786
2026-10-01,غکورش,56.0300,0.0959409594095941,0.018518518518518517,0.9666666666666667,1023132182941.3334,102313218294.13333,0.8656716417910447,0.628731343283582,False,False,False,1.8099829941113657e-05,9.049914970556828e-05,0.00018099829941113657,0.0009049914970556828,0.0018099829941113656
2026-10-01,غبشهر,55.5000,0.0996309963099631,0.018518518518518517,0.8,593450423056.6666,59345042305.666664,0.753731343283582,0.06343283582089553,True,False,False,3.120482823676452e-05,0.00015602414118382258,0.00031204828236764515,0.0015602414118382258,0.0031204828236764516
2026-10-01,بهپاک,55.4800,0.1033210332103321,0.018518518518518517,1.0,324402226825.3333,32440222682.533333,0.6194029850746269,0.8638059701492538,False,False,False,5.708505363771555e-05,0.00028542526818857775,0.0005708505363771555,0.0028542526818857777,0.005708505363771555
2026-10-01,ساروم,55.3100,0.1070110701107011,0.018518518518518517,1.0,390843670040.0,39084367004.0,0.664179104477612,0.8638059701492538,False,False,False,4.738088381122632e-05,0.0002369044190561316,0.0004738088381122632,0.002369044190561316,0.004738088381122632
2026-10-01,شبهرن,54.8800,0.11070110701107011,0.018518518518518517,0.6333333333333333,564628451825.6666,56462845182.566666,0.746268656716418,0.03171641791044776,True,False,False,3.279770698525878e-05,0.0001639885349262939,0.0003279770698525878,0.001639885349262939,0.003279770698525878
2026-10-01,غپینو,54.1400,0.11439114391143912,0.018518518518518517,1.0,535968258400.9667,53596825840.096664,0.7350746268656716,0.8638059701492538,False,False,False,3.455152096836397e-05,0.00017275760484181986,0.0003455152096836397,0.0017275760484181987,0.0034551520968363974
2026-10-01,سبجنو,53.9500,0.11808118081180811,0.018518518518518517,1.0,83443051829.66667,8344305182.966667,0.13805970149253732,0.8638059701492538,False,False,False,0.00022193002427956014,0.0011096501213978007,0.0022193002427956013,0.011096501213978007,0.022193002427956014
2026-10-01,زبینا,53.8000,0.12177121771217712,0.018518518518518517,0.9833333333333333,180585563976.66666,18058556397.666664,0.3843283582089552,0.7089552238805971,False,False,False,0.00010254705919301105,0.0005127352959650553,0.0010254705919301105,0.0051273529596505526,0.010254705919301105
2026-10-01,شغدیر,53.7200,0.12546125461254612,0.018518518518518517,0.8666666666666667,729386195007.0,72938619500.7,0.8022388059701493,0.11940298507462686,False,False,False,2.5389181540981585e-05,0.00012694590770490793,0.00025389181540981585,0.0012694590770490793,0.0025389181540981585
2026-10-01,غمینو,53.4300,0.12915129151291513,0.018518518518518517,1.0,272495233816.0,27249523381.6,0.5485074626865671,0.8638059701492538,False,False,False,6.795905476652479e-05,0.0003397952738326239,0.0006795905476652478,0.003397952738326239,0.006795905476652478
2026-10-01,فنوال,53.3200,0.13284132841328414,0.018518518518518517,0.95,84852708395.66667,8485270839.566668,0.1455223880597015,0.48880597014925375,False,False,False,0.00021824310465338355,0.0010912155232669176,0.0021824310465338352,0.010912155232669177,0.021824310465338354
2026-10-01,دفرا,53.2900,0.13837638376383765,0.018518518518518517,0.9666666666666667,128278025111.33333,12827802511.133333,0.26492537313432835,0.628731343283582,False,False,False,0.0001443623606026533,0.0007218118030132665,0.001443623606026533,0.007218118030132665,0.01443623606026533
2026-10-01,غویتا,53.2900,0.13837638376383765,0.018518518518518517,1.0,271649153727.33334,27164915372.733334,0.5447761194029851,0.8638059701492538,False,False,False,6.817072044739886e-05,0.0003408536022369943,0.0006817072044739886,0.003408536022369943,0.006817072044739886
2026-10-01,عالیس,52.8900,0.14391143911439114,0.018518518518518517,0.95,363552222057.3333,36355222205.73333,0.6417910447761194,0.48880597014925375,False,False,False,5.093771236969112e-05,0.0002546885618484556,0.0005093771236969112,0.002546885618484556,0.005093771236969112
2026-10-01,کلر,51.5100,0.14760147601476015,0.018518518518518517,0.8833333333333333,189354859141.33334,18935485914.133335,0.40298507462686567,0.1455223880597015,False,False,False,9.779795777353886e-05,0.0004889897888676944,0.0009779795777353887,0.0048898978886769435,0.009779795777353887
2026-10-01,پیزد,51.4200,0.15313653136531366,0.018518518518518517,0.85,433307125961.6667,43330712596.16667,0.6940298507462687,0.09888059701492537,True,False,False,4.2737627444781035e-05,0.00021368813722390516,0.0004273762744478103,0.002136881372239052,0.004273762744478104
2026-10-01,شرانل,51.4200,0.15313653136531366,0.018518518518518517,0.9833333333333333,347641019496.3333,34764101949.63333,0.6343283582089553,0.7089552238805971,False,False,False,5.326908356599685e-05,0.00026634541782998423,0.0005326908356599685,0.0026634541782998423,0.005326908356599685
2026-10-01,کسرا,51.3200,0.15867158671586715,0.018518518518518517,0.7833333333333333,212215770256.53333,21221577025.65333,0.43656716417910446,0.054104477611940295,True,False,False,8.726268785836572e-05,0.0004363134392918286,0.0008726268785836572,0.004363134392918286,0.008726268785836572
2026-10-01,کپارس,50.9100,0.16236162361623616,0.018518518518518517,1.0,199904850031.66666,19990485003.166664,0.4253731343283582,0.8638059701492538,False,False,False,9.263666447104723e-05,0.0004631833223552362,0.0009263666447104724,0.004631833223552362,0.009263666447104723
2026-10-01,شپدیس,50.8700,0.16605166051660517,0.018518518518518517,1.0,5479782944129.667,547978294412.9667,0.9776119402985075,0.8638059701492538,False,False,False,3.3794255552324155e-06,1.6897127776162075e-05,3.379425555232415e-05,0.00016897127776162077,0.00033794255552324154
2026-10-01,کهمدا,50.2200,0.16974169741697417,0.018518518518518517,1.0,253770307655.33334,25377030765.533333,0.5223880597014925,0.8638059701492538,False,False,False,7.297354323922745e-05,0.00036486771619613723,0.0007297354323922745,0.0036486771619613726,0.007297354323922745
2026-10-01,جم پیلن3,50.0700,0.17343173431734318,0.018518518518518517,0.43333333333333335,1099775240.0,109977524.0,0.0,0.018656716417910446,True,True,True,0.016838457391092493,0.08419228695546246,0.16838457391092493,0.8419228695546246,1.6838457391092492
2026-10-01,کالا,49.9300,0.17712177121771217,0.018518518518518517,1.0,1410824447380.3333,141082444738.03333,0.9216417910447762,0.8638059701492538,False,False,False,1.3126026099777568e-05,6.563013049888784e-05,0.00013126026099777568,0.0006563013049888784,0.0013126026099777568
2026-10-01,سصوفی,49.9000,0.18081180811808117,0.018518518518518517,1.0,558525673516.6666,55852567351.666664,0.7425373134328358,0.8638059701492538,False,False,False,3.315607392211653e-05,0.00016578036961058262,0.00033156073922116524,0.0016578036961058262,0.0033156073922116524
2026-10-01,دعبید,49.4500,0.18450184501845018,0.018518518518518517,1.0,1141180720818.0,114118072081.8,0.8917910447761194,0.8638059701492538,False,False,False,1.622750733577449e-05,8.113753667887246e-05,0.00016227507335774493,0.0008113753667887246,0.0016227507335774493
2026-10-01,کخاک,49.1800,0.1881918819188192,0.018518518518518517,0.9333333333333333,162423575983.33334,16242357598.333334,0.34328358208955223,0.3451492537313433,False,False,False,0.00011401373480669301,0.0005700686740334651,0.0011401373480669301,0.00570068674033465,0.0114013734806693
2026-10-01,کطبس,49.1100,0.1918819188191882,0.018518518518518517,0.95,108234985264.33333,10823498526.433332,0.20149253731343283,0.48880597014925375,False,False,False,0.00017109549627869656,0.0008554774813934828,0.0017109549627869656,0.008554774813934829,0.017109549627869657
2026-10-01,زگلدشت,48.9200,0.19557195571955718,0.018518518518518517,0.9,170490107035.0,17049010703.5,0.3582089552238806,0.17723880597014927,False,False,False,0.00010861931428500331,0.0005430965714250165,0.001086193142850033,0.005430965714250165,0.01086193142850033
2026-10-01,تلیسه,48.3100,0.1992619926199262,0.018518518518518517,0.95,213516454312.33334,21351645431.233334,0.44402985074626866,0.48880597014925375,False,False,False,8.673110734327531e-05,0.0004336555367163765,0.000867311073432753,0.004336555367163765,0.00867311073432753
